dim0,dim1,severity,label,fault_name,cluster_id
0.0022604395144403,0.1956112156024795,0.8388059432484989,unsafe,angle_bus7,4
0.0022604395144403,0.1956112156024795,0.5584126177099311,safe,angle_bus8,4
0.0022604395144403,0.1956112156024795,0.5489275394315257,safe,voltage_bus9,4
0.0022604395144403,0.1956112156024795,0.5232421982094978,safe,voltage_bus10,4
0.0022604395144403,0.1956112156024795,0.954836198372316,unsafe,freq_bus2,4
0.0022604395144403,0.1956112156024795,0.5224947983930242,safe,freq_bus4,4
0.0022604395144403,0.1956112156024795,0.8884427499142582,unsafe,severe_bus7,4
0.0955658580117267,0.0677276127821522,0.6530718685501651,unsafe,angle_bus7,2
0.0955658580117267,0.0677276127821522,0.4916741233244159,safe,angle_bus8,2
0.0955658580117267,0.0677276127821522,0.4855971980984495,safe,voltage_bus9,2
0.0955658580117267,0.0677276127821522,0.4556439917033129,safe,voltage_bus10,2
0.0955658580117267,0.0677276127821522,0.6850077467182744,unsafe,freq_bus2,2
0.0955658580117267,0.0677276127821522,0.46208564527884,safe,freq_bus4,2
0.0955658580117267,0.0677276127821522,0.914878817223358,unsafe,severe_bus7,2
0.1164547403187013,0.0802930197560509,0.5116250203723114,safe,angle_bus7,2
0.1164547403187013,0.0802930197560509,0.42486043825171,safe,angle_bus8,2
0.1164547403187013,0.0802930197560509,0.4225315020654224,safe,voltage_bus9,2
0.1164547403187013,0.0802930197560509,0.4053588177054451,safe,voltage_bus10,2
0.1164547403187013,0.0802930197560509,0.530216314555689,safe,freq_bus2,2
0.1164547403187013,0.0802930197560509,0.413538998733354,safe,freq_bus4,2
0.1164547403187013,0.0802930197560509,0.6974107061668777,unsafe,severe_bus7,2
0.0684571050793245,0.3831695104675754,0.8595205752313904,unsafe,angle_bus7,0
0.0684571050793245,0.3831695104675754,0.6295727560647333,unsafe,angle_bus8,0
0.0684571050793245,0.3831695104675754,0.61653209784549,unsafe,voltage_bus9,0
0.0684571050793245,0.3831695104675754,0.6724104891740625,unsafe,voltage_bus10,0
0.0684571050793245,0.3831695104675754,0.8578393666178006,unsafe,freq_bus2,0
0.0684571050793245,0.3831695104675754,0.6842852379906509,unsafe,freq_bus4,0
0.0684571050793245,0.3831695104675754,0.8741504509472002,unsafe,severe_bus7,0
0.1881052864091571,0.2587007849466453,0.6148237961637438,unsafe,angle_bus7,2
0.1881052864091571,0.2587007849466453,0.4937485522399136,safe,angle_bus8,2
0.1881052864091571,0.2587007849466453,0.4893531152083751,safe,voltage_bus9,2
0.1881052864091571,0.2587007849466453,0.4740993088749602,safe,voltage_bus10,2
0.1881052864091571,0.2587007849466453,0.6380801928692468,unsafe,freq_bus2,2
0.1881052864091571,0.2587007849466453,0.4732125971236909,safe,freq_bus4,2
0.1881052864091571,0.2587007849466453,0.9111697664357944,unsafe,severe_bus7,2
0.2729973489799775,0.0968763335861795,0.8723269772535807,unsafe,angle_bus7,5
0.2729973489799775,0.0968763335861795,0.6247502615770724,unsafe,angle_bus8,5
0.2729973489799775,0.0968763335861795,0.5980449188154326,safe,voltage_bus9,5
0.2729973489799775,0.0968763335861795,0.554150532005328,safe,voltage_bus10,5
0.2729973489799775,0.0968763335861795,0.8761534201238358,unsafe,freq_bus2,5
0.2729973489799775,0.0968763335861795,0.5672081425431946,safe,freq_bus4,5
0.2729973489799775,0.0968763335861795,0.8877222205017544,unsafe,severe_bus7,5
0.2886024751639069,0.2280009179752489,0.9563974646453512,unsafe,angle_bus7,5
0.2886024751639069,0.2280009179752489,0.9988698457370816,unsafe,angle_bus8,5
0.2886024751639069,0.2280009179752489,0.9986258001145828,unsafe,voltage_bus9,5
0.2886024751639069,0.2280009179752489,0.9989240356329272,unsafe,voltage_bus10,5
0.2886024751639069,0.2280009179752489,0.9560202038371632,unsafe,freq_bus2,5
0.2886024751639069,0.2280009179752489,0.93107475785032,unsafe,freq_bus4,5
0.2886024751639069,0.2280009179752489,0.956417205277283,unsafe,severe_bus7,5
0.3054108422446166,0.1643125880404711,0.889486654754772,unsafe,angle_bus7,3
0.3054108422446166,0.1643125880404711,0.5784014843461172,safe,angle_bus8,3
0.3054108422446166,0.1643125880404711,0.5663992869371195,safe,voltage_bus9,3
0.3054108422446166,0.1643125880404711,0.5339385675187733,safe,voltage_bus10,3
0.3054108422446166,0.1643125880404711,0.8831319992865603,unsafe,freq_bus2,3
0.3054108422446166,0.1643125880404711,0.5311834009785706,safe,freq_bus4,3
0.3054108422446166,0.1643125880404711,0.8912442992955985,unsafe,severe_bus7,3
0.2023500114258397,0.2836528167999941,0.8345987591013047,unsafe,angle_bus7,4
0.2023500114258397,0.2836528167999941,0.9039034801792244,unsafe,angle_bus8,4
0.2023500114258397,0.2836528167999941,0.8490040828147574,unsafe,voltage_bus9,4
0.2023500114258397,0.2836528167999941,0.8391619658701877,unsafe,voltage_bus10,4
0.2023500114258397,0.2836528167999941,0.9290833077074296,unsafe,freq_bus2,4
0.2023500114258397,0.2836528167999941,0.8246827703668538,unsafe,freq_bus4,4
0.2023500114258397,0.2836528167999941,0.8641231918122055,unsafe,severe_bus7,4
0.1478541532718047,0.1359147135627536,0.6819553706952706,unsafe,angle_bus7,5
0.1478541532718047,0.1359147135627536,0.5103937515404968,safe,angle_bus8,5
0.1478541532718047,0.1359147135627536,0.5036945215514854,safe,voltage_bus9,5
0.1478541532718047,0.1359147135627536,0.4734708523815486,safe,voltage_bus10,5
0.1478541532718047,0.1359147135627536,0.7150052780735838,unsafe,freq_bus2,5
0.1478541532718047,0.1359147135627536,0.4767901802078813,safe,freq_bus4,5
0.1478541532718047,0.1359147135627536,0.901887332143687,unsafe,severe_bus7,5
0.3133808348527311,0.2944296784765872,0.8326491161549567,unsafe,angle_bus7,5
0.3133808348527311,0.2944296784765872,0.8314256216871763,unsafe,angle_bus8,5
0.3133808348527311,0.2944296784765872,0.9278974044170416,unsafe,voltage_bus9,5
0.3133808348527311,0.2944296784765872,0.8289400467131822,unsafe,voltage_bus10,5
0.3133808348527311,0.2944296784765872,0.6229341308407997,unsafe,freq_bus2,5
0.3133808348527311,0.2944296784765872,0.8307377367861848,unsafe,freq_bus4,5
0.3133808348527311,0.2944296784765872,0.8618174559624743,unsafe,severe_bus7,5
0.04283109810841,0.1255063849785621,0.8404148217722509,unsafe,angle_bus7,1
0.04283109810841,0.1255063849785621,0.8625678605099932,unsafe,angle_bus8,1
0.04283109810841,0.1255063849785621,0.9428099980935888,unsafe,voltage_bus9,1
0.04283109810841,0.1255063849785621,0.928800039795162,unsafe,voltage_bus10,1
0.04283109810841,0.1255063849785621,0.9153912625991848,unsafe,freq_bus2,1
0.04283109810841,0.1255063849785621,0.8656183800785877,unsafe,freq_bus4,1
0.04283109810841,0.1255063849785621,0.8778635628121191,unsafe,severe_bus7,1
0.2469404337584934,0.154207804310581,0.6308002225412184,unsafe,angle_bus7,3
0.2469404337584934,0.154207804310581,0.4922652739434649,safe,angle_bus8,3
0.2469404337584934,0.154207804310581,0.4868646678324962,safe,voltage_bus9,3
0.2469404337584934,0.154207804310581,0.4613766186092895,safe,voltage_bus10,3
0.2469404337584934,0.154207804310581,0.656347578753996,unsafe,freq_bus2,3
0.2469404337584934,0.154207804310581,0.4643006721493578,safe,freq_bus4,3
0.2469404337584934,0.154207804310581,0.9081853323663732,unsafe,severe_bus7,3
0.1237269115929755,0.0141590203108726,0.714694759990136,unsafe,angle_bus7,1
0.1237269115929755,0.0141590203108726,0.5141712506314289,safe,angle_bus8,1
0.1237269115929755,0.0141590203108726,0.506728245840986,safe,voltage_bus9,1
0.1237269115929755,0.0141590203108726,0.4783502565951749,safe,voltage_bus10,1
0.1237269115929755,0.0141590203108726,0.7513684944061902,unsafe,freq_bus2,1
0.1237269115929755,0.0141590203108726,0.4850136968940288,safe,freq_bus4,1
0.1237269115929755,0.0141590203108726,0.8893648784826628,unsafe,severe_bus7,1
0.1767013878766721,0.0285547581113395,0.958974283518235,unsafe,angle_bus7,1
0.1767013878766721,0.0285547581113395,0.9587285400633028,unsafe,angle_bus8,1
0.1767013878766721,0.0285547581113395,0.8816020666229809,unsafe,voltage_bus9,1
0.1767013878766721,0.0285547581113395,0.9586556256733436,unsafe,voltage_bus10,1
0.1767013878766721,0.0285547581113395,0.8609107580334046,unsafe,freq_bus2,1
0.1767013878766721,0.0285547581113395,0.998821579743509,unsafe,freq_bus4,1
0.1767013878766721,0.0285547581113395,0.9590223452016864,unsafe,severe_bus7,1
0.1365313019546516,0.2340908450851858,0.859664071328113,unsafe,angle_bus7,0
0.1365313019546516,0.2340908450851858,0.6461838097202903,unsafe,angle_bus8,0
0.1365313019546516,0.2340908450851858,0.6089552464973763,unsafe,voltage_bus9,0
0.1365313019546516,0.2340908450851858,0.6279768019389895,unsafe,voltage_bus10,0
0.1365313019546516,0.2340908450851858,0.8629945762290228,unsafe,freq_bus2,0
0.1365313019546516,0.2340908450851858,0.6450358172709522,unsafe,freq_bus4,0
0.1365313019546516,0.2340908450851858,0.8786514971886855,unsafe,severe_bus7,0
0.2351334166916184,0.0050929300564547,0.4600164785793827,safe,angle_bus7,5
0.2351334166916184,0.0050929300564547,0.3961619413494939,safe,angle_bus8,5
0.2351334166916184,0.0050929300564547,0.3956303199995283,safe,voltage_bus9,5
0.2351334166916184,0.0050929300564547,0.3811346104400409,safe,voltage_bus10,5
0.2351334166916184,0.0050929300564547,0.4781989183137456,safe,freq_bus2,5
0.2351334166916184,0.0050929300564547,0.3902010351439278,safe,freq_bus4,5
0.2351334166916184,0.0050929300564547,0.5853982647215568,safe,severe_bus7,5
0.3447932759752846,0.0356108853969495,0.8489049220240366,unsafe,angle_bus7,1
0.3447932759752846,0.0356108853969495,0.8688382706853264,unsafe,angle_bus8,1
0.3447932759752846,0.0356108853969495,0.9580149355615966,unsafe,voltage_bus9,1
0.3447932759752846,0.0356108853969495,0.8944321370504984,unsafe,voltage_bus10,1
0.3447932759752846,0.0356108853969495,0.9193006111805132,unsafe,freq_bus2,1
0.3447932759752846,0.0356108853969495,0.8713672848687855,unsafe,freq_bus4,1
0.3447932759752846,0.0356108853969495,0.882174568506611,unsafe,severe_bus7,1
0.1689142425886456,0.1732775990696019,0.5462071743043142,safe,angle_bus7,2
0.1689142425886456,0.1732775990696019,0.5032862861968495,safe,angle_bus8,2
0.1689142425886456,0.1732775990696019,0.5016994613509755,safe,voltage_bus9,2
0.1689142425886456,0.1732775990696019,0.4941451959720079,safe,voltage_bus10,2
0.1689142425886456,0.1732775990696019,0.561983507195104,safe,freq_bus2,2
0.1689142425886456,0.1732775990696019,0.4935305913108661,safe,freq_bus4,2
0.1689142425886456,0.1732775990696019,0.63078013058906,unsafe,severe_bus7,2
0.1508398815486239,0.0776978600910512,0.5909110315660451,safe,angle_bus7,2
0.1508398815486239,0.0776978600910512,0.5858032259776385,safe,angle_bus8,2
0.1508398815486239,0.0776978600910512,0.5854611750472756,safe,voltage_bus9,2
0.1508398815486239,0.0776978600910512,0.5862827404917041,safe,voltage_bus10,2
0.1508398815486239,0.0776978600910512,0.6125231729560693,unsafe,freq_bus2,2
0.1508398815486239,0.0776978600910512,0.5857064883441084,safe,freq_bus4,2
0.1508398815486239,0.0776978600910512,0.6540729051206456,unsafe,severe_bus7,2
0.0368286110717728,0.3304710060493026,0.6553644332103595,unsafe,angle_bus7,4
0.0368286110717728,0.3304710060493026,0.5279787624854939,safe,angle_bus8,4
0.0368286110717728,0.3304710060493026,0.5232099500366056,safe,voltage_bus9,4
0.0368286110717728,0.3304710060493026,0.5052887001644462,safe,voltage_bus10,4
0.0368286110717728,0.3304710060493026,0.6748783977815149,unsafe,freq_bus2,4
0.0368286110717728,0.3304710060493026,0.504230584758015,safe,freq_bus4,4
0.0368286110717728,0.3304710060493026,0.8911624998631859,unsafe,severe_bus7,4
0.0795508938060767,0.2056490293999696,0.5209435913482644,safe,angle_bus7,2
0.0795508938060767,0.2056490293999696,0.4714565425335574,safe,angle_bus8,2
0.0795508938060767,0.2056490293999696,0.4695197967250551,safe,voltage_bus9,2
0.0795508938060767,0.2056490293999696,0.4623547329343422,safe,voltage_bus10,2
0.0795508938060767,0.2056490293999696,0.5359013074525079,safe,freq_bus2,2
0.0795508938060767,0.2056490293999696,0.4617145114669424,safe,freq_bus4,2
0.0795508938060767,0.2056490293999696,0.6715837071613681,unsafe,severe_bus7,2
0.3385610249744875,0.319860637122918,0.9071400283350078,unsafe,angle_bus7,3
0.3385610249744875,0.319860637122918,0.5750280047241358,safe,angle_bus8,3
0.3385610249744875,0.319860637122918,0.5656946638014456,safe,voltage_bus9,3
0.3385610249744875,0.319860637122918,0.5461424280504212,safe,voltage_bus10,3
0.3385610249744875,0.319860637122918,0.8985380578456141,unsafe,freq_bus2,3
0.3385610249744875,0.319860637122918,0.5451715743108708,safe,freq_bus4,3
0.3385610249744875,0.319860637122918,0.8852569839885703,unsafe,severe_bus7,3
0.0230573756435711,0.364188833907791,0.6476979795388716,unsafe,angle_bus7,4
0.0230573756435711,0.364188833907791,0.52782668370088,safe,angle_bus8,4
0.0230573756435711,0.364188833907791,0.5233382307908029,safe,voltage_bus9,4
0.0230573756435711,0.364188833907791,0.5086553264081035,safe,voltage_bus10,4
0.0230573756435711,0.364188833907791,0.6646433204410189,unsafe,freq_bus2,4
0.0230573756435711,0.364188833907791,0.5076684890625516,safe,freq_bus4,4
0.0230573756435711,0.364188833907791,0.8945390888162188,unsafe,severe_bus7,4
0.3687624619634966,0.0507243744899349,0.7465467431857469,unsafe,angle_bus7,3
0.3687624619634966,0.0507243744899349,0.5238969469639687,safe,angle_bus8,3
0.3687624619634966,0.0507243744899349,0.5155236182481121,safe,voltage_bus9,3
0.3687624619634966,0.0507243744899349,0.4829679419768258,safe,voltage_bus10,3
0.3687624619634966,0.0507243744899349,0.7946010317618472,unsafe,freq_bus2,3
0.3687624619634966,0.0507243744899349,0.4881532701399785,safe,freq_bus4,3
0.3687624619634966,0.0507243744899349,0.8950055007049289,unsafe,severe_bus7,3
0.3271355377311795,0.1407519157068797,0.6629254742536161,unsafe,angle_bus7,3
0.3271355377311795,0.1407519157068797,0.5097375048846171,safe,angle_bus8,3
0.3271355377311795,0.1407519157068797,0.5036376381713077,safe,voltage_bus9,3
0.3271355377311795,0.1407519157068797,0.4761930418801963,safe,voltage_bus10,3
0.3271355377311795,0.1407519157068797,0.6878728855560643,unsafe,freq_bus2,3
0.3271355377311795,0.1407519157068797,0.4787977196025466,safe,freq_bus4,3
0.3271355377311795,0.1407519157068797,0.8958012388712184,unsafe,severe_bus7,3
0.1058088568068369,0.3203376808785682,0.8444035953429634,unsafe,angle_bus7,0
0.1058088568068369,0.3203376808785682,0.9165748351343792,unsafe,angle_bus8,0
0.1058088568068369,0.3203376808785682,0.9314418282542144,unsafe,voltage_bus9,0
0.1058088568068369,0.3203376808785682,0.8592801571055364,unsafe,voltage_bus10,0
0.1058088568068369,0.3203376808785682,0.8482444950289806,unsafe,freq_bus2,0
0.1058088568068369,0.3203376808785682,0.8507236501077742,unsafe,freq_bus4,0
0.1058088568068369,0.3203376808785682,0.8668579728680227,unsafe,severe_bus7,0
0.2198216321602301,0.1189085600323426,0.8700359725443264,unsafe,angle_bus7,1
0.2198216321602301,0.1189085600323426,0.6268905733022424,unsafe,angle_bus8,1
0.2198216321602301,0.1189085600323426,0.6020196906827516,unsafe,voltage_bus9,1
0.2198216321602301,0.1189085600323426,0.5575974224258671,safe,voltage_bus10,1
0.2198216321602301,0.1189085600323426,0.8688946023600863,unsafe,freq_bus2,1
0.2198216321602301,0.1189085600323426,0.5667406032420297,safe,freq_bus4,1
0.2198216321602301,0.1189085600323426,0.8874928686660031,unsafe,severe_bus7,1
0.0813226104622398,0.1839689284266127,0.9710870814136356,unsafe,angle_bus7,1
0.0813226104622398,0.1839689284266127,0.9709182612987242,unsafe,angle_bus8,1
0.0813226104622398,0.1839689284266127,0.9986087644869444,unsafe,voltage_bus9,1
0.0813226104622398,0.1839689284266127,0.9988982103551188,unsafe,voltage_bus10,1
0.0813226104622398,0.1839689284266127,0.9706904301954136,unsafe,freq_bus2,1
0.0813226104622398,0.1839689284266127,0.9988889904399628,unsafe,freq_bus4,1
0.0813226104622398,0.1839689284266127,0.97111432067462,unsafe,severe_bus7,1
0.0540556633624354,0.218538267558073,0.7804249332200948,unsafe,angle_bus7,2
0.0540556633624354,0.218538267558073,0.5469731759715896,safe,angle_bus8,2
0.0540556633624354,0.218538267558073,0.5387626825111854,safe,voltage_bus9,2
0.0540556633624354,0.218538267558073,0.5124740128674872,safe,voltage_bus10,2
0.0540556633624354,0.218538267558073,0.843964764913806,unsafe,freq_bus2,2
0.0540556633624354,0.218538267558073,0.5111930188846429,safe,freq_bus4,2
0.0540556633624354,0.218538267558073,0.8936821135243307,unsafe,severe_bus7,2
0.0140885618388902,0.2431928547320049,0.8596681628863231,unsafe,angle_bus7,2
0.0140885618388902,0.2431928547320049,0.6574450904873295,unsafe,angle_bus8,2
0.0140885618388902,0.2431928547320049,0.6132050439486476,unsafe,voltage_bus9,2
0.0140885618388902,0.2431928547320049,0.7186884984380674,unsafe,voltage_bus10,2
0.0140885618388902,0.2431928547320049,0.8618016951707823,unsafe,freq_bus2,2
0.0140885618388902,0.2431928547320049,0.7608717330266953,unsafe,freq_bus4,2
0.0140885618388902,0.2431928547320049,0.8815450318368389,unsafe,severe_bus7,2
0.0022604395144403,0.1956112156024795,0.892587962042166,unsafe,angle_bus7,4
0.0022604395144403,0.1956112156024795,0.7043558301591103,unsafe,angle_bus8,4
0.0022604395144403,0.1956112156024795,0.6427876474412353,unsafe,voltage_bus9,4
0.0022604395144403,0.1956112156024795,0.6569565260748131,unsafe,voltage_bus10,4
0.0022604395144403,0.1956112156024795,0.9362524647479082,unsafe,freq_bus2,4
0.0022604395144403,0.1956112156024795,0.6588046405989509,unsafe,freq_bus4,4
0.0022604395144403,0.1956112156024795,0.9106981961091768,unsafe,severe_bus7,4
0.0955658580117267,0.0677276127821522,0.7054041670008175,unsafe,angle_bus7,2
0.0955658580117267,0.0677276127821522,0.5449286191977384,safe,angle_bus8,2
0.0955658580117267,0.0677276127821522,0.5386903049608122,safe,voltage_bus9,2
0.0955658580117267,0.0677276127821522,0.5025716256877673,safe,voltage_bus10,2
0.0955658580117267,0.0677276127821522,0.733468805917125,unsafe,freq_bus2,2
0.0955658580117267,0.0677276127821522,0.5079306561672288,safe,freq_bus4,2
0.0955658580117267,0.0677276127821522,0.9069572120990146,unsafe,severe_bus7,2
0.1164547403187013,0.0802930197560509,0.535524526153206,safe,angle_bus7,2
0.1164547403187013,0.0802930197560509,0.4502226854321406,safe,angle_bus8,2
0.1164547403187013,0.0802930197560509,0.447506824757783,safe,voltage_bus9,2
0.1164547403187013,0.0802930197560509,0.4299796217193484,safe,voltage_bus10,2
0.1164547403187013,0.0802930197560509,0.5467844461607183,safe,freq_bus2,2
0.1164547403187013,0.0802930197560509,0.4378090381863345,safe,freq_bus4,2
0.1164547403187013,0.0802930197560509,0.7097925528344573,unsafe,severe_bus7,2
0.0684571050793245,0.3831695104675754,0.7195576501951326,unsafe,angle_bus7,0
0.0684571050793245,0.3831695104675754,0.7195576501951326,unsafe,angle_bus8,0
0.0684571050793245,0.3831695104675754,0.7195576501951326,unsafe,voltage_bus9,0
0.0684571050793245,0.3831695104675754,0.7195576501951326,unsafe,voltage_bus10,0
0.0684571050793245,0.3831695104675754,0.7195576501951326,unsafe,freq_bus2,0
0.0684571050793245,0.3831695104675754,0.7195576501951326,unsafe,freq_bus4,0
0.0684571050793245,0.3831695104675754,0.7195576501951326,unsafe,severe_bus7,0
0.1881052864091571,0.2587007849466453,0.6483083268697534,unsafe,angle_bus7,2
0.1881052864091571,0.2587007849466453,0.5297858051432798,safe,angle_bus8,2
0.1881052864091571,0.2587007849466453,0.5245469513724934,safe,voltage_bus9,2
0.1881052864091571,0.2587007849466453,0.500404085660721,safe,voltage_bus10,2
0.1881052864091571,0.2587007849466453,0.6660710065493232,unsafe,freq_bus2,2
0.1881052864091571,0.2587007849466453,0.5047288676238464,safe,freq_bus4,2
0.1881052864091571,0.2587007849466453,0.9017448006052754,unsafe,severe_bus7,2
0.2729973489799775,0.0968763335861795,0.7311943855791891,unsafe,angle_bus7,5
0.2729973489799775,0.0968763335861795,0.7311943855791891,unsafe,angle_bus8,5
0.2729973489799775,0.0968763335861795,0.7311943855791891,unsafe,voltage_bus9,5
0.2729973489799775,0.0968763335861795,0.7311943855791891,unsafe,voltage_bus10,5
0.2729973489799775,0.0968763335861795,0.7311943855791891,unsafe,freq_bus2,5
0.2729973489799775,0.0968763335861795,0.7311943855791891,unsafe,freq_bus4,5
0.2729973489799775,0.0968763335861795,0.7311943855791891,unsafe,severe_bus7,5
0.3054108422446166,0.1643125880404711,0.8953013891524347,unsafe,angle_bus7,3
0.3054108422446166,0.1643125880404711,0.9282946921373824,unsafe,angle_bus8,3
0.3054108422446166,0.1643125880404711,0.9355420276873184,unsafe,voltage_bus9,3
0.3054108422446166,0.1643125880404711,0.8286670212423968,unsafe,voltage_bus10,3
0.3054108422446166,0.1643125880404711,0.9273858465167054,unsafe,freq_bus2,3
0.3054108422446166,0.1643125880404711,0.8150140606380425,unsafe,freq_bus4,3
0.3054108422446166,0.1643125880404711,0.9180204317309648,unsafe,severe_bus7,3
0.2023500114258397,0.2836528167999941,0.6964617256457212,unsafe,angle_bus7,4
0.2023500114258397,0.2836528167999941,0.6964617256457212,unsafe,angle_bus8,4
0.2023500114258397,0.2836528167999941,0.6964617256457212,unsafe,voltage_bus9,4
0.2023500114258397,0.2836528167999941,0.6964617256457212,unsafe,voltage_bus10,4
0.2023500114258397,0.2836528167999941,0.6964617256457212,unsafe,freq_bus2,4
0.2023500114258397,0.2836528167999941,0.6964617256457212,unsafe,freq_bus4,4
0.2023500114258397,0.2836528167999941,0.6964617256457212,unsafe,severe_bus7,4
0.1478541532718047,0.1359147135627536,0.7489732399248796,unsafe,angle_bus7,5
0.1478541532718047,0.1359147135627536,0.5647688815753755,safe,angle_bus8,5
0.1478541532718047,0.1359147135627536,0.5586728220807318,safe,voltage_bus9,5
0.1478541532718047,0.1359147135627536,0.5239262486153977,safe,voltage_bus10,5
0.1478541532718047,0.1359147135627536,0.7808185879872134,unsafe,freq_bus2,5
0.1478541532718047,0.1359147135627536,0.5282339886007299,safe,freq_bus4,5
0.1478541532718047,0.1359147135627536,0.9045167977969758,unsafe,severe_bus7,5
0.3133808348527311,0.2944296784765872,0.6831480842547563,unsafe,angle_bus7,5
0.3133808348527311,0.2944296784765872,0.6831480842547563,unsafe,angle_bus8,5
0.3133808348527311,0.2944296784765872,0.6831480842547563,unsafe,voltage_bus9,5
0.3133808348527311,0.2944296784765872,0.6831480842547563,unsafe,voltage_bus10,5
0.3133808348527311,0.2944296784765872,0.6831480842547563,unsafe,freq_bus2,5
0.3133808348527311,0.2944296784765872,0.6831480842547563,unsafe,freq_bus4,5
0.3133808348527311,0.2944296784765872,0.6831480842547563,unsafe,severe_bus7,5
0.04283109810841,0.1255063849785621,0.7018330366576992,unsafe,angle_bus7,1
0.04283109810841,0.1255063849785621,0.7018330366576992,unsafe,angle_bus8,1
0.04283109810841,0.1255063849785621,0.7018330366576992,unsafe,voltage_bus9,1
0.04283109810841,0.1255063849785621,0.7018330366576992,unsafe,voltage_bus10,1
0.04283109810841,0.1255063849785621,0.7018330366576992,unsafe,freq_bus2,1
0.04283109810841,0.1255063849785621,0.7018330366576992,unsafe,freq_bus4,1
0.04283109810841,0.1255063849785621,0.7018330366576992,unsafe,severe_bus7,1
0.2469404337584934,0.154207804310581,0.6780277461942819,unsafe,angle_bus7,3
0.2469404337584934,0.154207804310581,0.5319202213899664,safe,angle_bus8,3
0.2469404337584934,0.154207804310581,0.5262834589229073,safe,voltage_bus9,3
0.2469404337584934,0.154207804310581,0.4980355182481286,safe,voltage_bus10,3
0.2469404337584934,0.154207804310581,0.6990390864396204,unsafe,freq_bus2,3
0.2469404337584934,0.154207804310581,0.5030927905389966,safe,freq_bus4,3
0.2469404337584934,0.154207804310581,0.9027776503143908,unsafe,severe_bus7,3
0.1237269115929755,0.0141590203108726,0.8407864898723706,unsafe,angle_bus7,1
0.1237269115929755,0.0141590203108726,0.6169389749589509,unsafe,angle_bus8,1
0.1237269115929755,0.0141590203108726,0.6127571116282038,unsafe,voltage_bus9,1
0.1237269115929755,0.0141590203108726,0.5870527866584797,safe,voltage_bus10,1
0.1237269115929755,0.0141590203108726,0.9489344056742252,unsafe,freq_bus2,1
0.1237269115929755,0.0141590203108726,0.5904910746418696,safe,freq_bus4,1
0.1237269115929755,0.0141590203108726,0.90738760042845,unsafe,severe_bus7,1
0.1767013878766721,0.0285547581113395,0.5849347923561942,safe,angle_bus7,1
0.1767013878766721,0.0285547581113395,0.5849347923561942,safe,angle_bus8,1
0.1767013878766721,0.0285547581113395,0.5849347923561942,safe,voltage_bus9,1
0.1767013878766721,0.0285547581113395,0.5849347923561942,safe,voltage_bus10,1
0.1767013878766721,0.0285547581113395,0.5849347923561942,safe,freq_bus2,1
0.1767013878766721,0.0285547581113395,0.5849347923561942,safe,freq_bus4,1
0.1767013878766721,0.0285547581113395,0.5849347923561942,safe,severe_bus7,1
0.1365313019546516,0.2340908450851858,0.7141116487707841,unsafe,angle_bus7,0
0.1365313019546516,0.2340908450851858,0.7141116487707841,unsafe,angle_bus8,0
0.1365313019546516,0.2340908450851858,0.7141116487707841,unsafe,voltage_bus9,0
0.1365313019546516,0.2340908450851858,0.7141116487707841,unsafe,voltage_bus10,0
0.1365313019546516,0.2340908450851858,0.7141116487707841,unsafe,freq_bus2,0
0.1365313019546516,0.2340908450851858,0.7141116487707841,unsafe,freq_bus4,0
0.1365313019546516,0.2340908450851858,0.7141116487707841,unsafe,severe_bus7,0
0.2351334166916184,0.0050929300564547,0.4446642402892011,safe,angle_bus7,5
0.2351334166916184,0.0050929300564547,0.3846367108168649,safe,angle_bus8,5
0.2351334166916184,0.0050929300564547,0.3854968591406559,safe,voltage_bus9,5
0.2351334166916184,0.0050929300564547,0.3777180026849714,safe,voltage_bus10,5
0.2351334166916184,0.0050929300564547,0.4587474498497382,safe,freq_bus2,5
0.2351334166916184,0.0050929300564547,0.3864903598366119,safe,freq_bus4,5
0.2351334166916184,0.0050929300564547,0.5591873231787392,safe,severe_bus7,5
0.3447932759752846,0.0356108853969495,0.7100577911082315,unsafe,angle_bus7,1
0.3447932759752846,0.0356108853969495,0.7100577911082315,unsafe,angle_bus8,1
0.3447932759752846,0.0356108853969495,0.7100577911082315,unsafe,voltage_bus9,1
0.3447932759752846,0.0356108853969495,0.7100577911082315,unsafe,voltage_bus10,1
0.3447932759752846,0.0356108853969495,0.7100577911082315,unsafe,freq_bus2,1
0.3447932759752846,0.0356108853969495,0.7100577911082315,unsafe,freq_bus4,1
0.3447932759752846,0.0356108853969495,0.7100577911082315,unsafe,severe_bus7,1
0.1689142425886456,0.1732775990696019,0.5039943348297131,safe,angle_bus7,2
0.1689142425886456,0.1732775990696019,0.4649331128526447,safe,angle_bus8,2
0.1689142425886456,0.1732775990696019,0.4635052526608529,safe,voltage_bus9,2
0.1689142425886456,0.1732775990696019,0.4603184282711505,safe,voltage_bus10,2
0.1689142425886456,0.1732775990696019,0.5166694535996558,safe,freq_bus2,2
0.1689142425886456,0.1732775990696019,0.4597733499951829,safe,freq_bus4,2
0.1689142425886456,0.1732775990696019,0.5899127514010761,safe,severe_bus7,2
0.1508398815486239,0.0776978600910512,0.5444932747231067,safe,angle_bus7,2
0.1508398815486239,0.0776978600910512,0.5273778869419857,safe,angle_bus8,2
0.1508398815486239,0.0776978600910512,0.5270078025588663,safe,voltage_bus9,2
0.1508398815486239,0.0776978600910512,0.5279372663539394,safe,voltage_bus10,2
0.1508398815486239,0.0776978600910512,0.5596785268989968,safe,freq_bus2,2
0.1508398815486239,0.0776978600910512,0.5272336156676258,safe,freq_bus4,2
0.1508398815486239,0.0776978600910512,0.5980288122606732,safe,severe_bus7,2
0.0368286110717728,0.3304710060493026,0.7057820726900534,unsafe,angle_bus7,4
0.0368286110717728,0.3304710060493026,0.5670044292116418,safe,angle_bus8,4
0.0368286110717728,0.3304710060493026,0.560702572611848,safe,voltage_bus9,4
0.0368286110717728,0.3304710060493026,0.5313950031617016,safe,voltage_bus10,4
0.0368286110717728,0.3304710060493026,0.7262238828563645,unsafe,freq_bus2,4
0.0368286110717728,0.3304710060493026,0.5360316737079063,safe,freq_bus4,4
0.0368286110717728,0.3304710060493026,0.8872006456014772,unsafe,severe_bus7,4
0.0795508938060767,0.2056490293999696,0.494464247494779,safe,angle_bus7,2
0.0795508938060767,0.2056490293999696,0.4353536923204986,safe,angle_bus8,2
0.0795508938060767,0.2056490293999696,0.4334657814413372,safe,voltage_bus9,2
0.0795508938060767,0.2056490293999696,0.4293855588399282,safe,voltage_bus10,2
0.0795508938060767,0.2056490293999696,0.5109008826455417,safe,freq_bus2,2
0.0795508938060767,0.2056490293999696,0.4286940731335577,safe,freq_bus4,2
0.0795508938060767,0.2056490293999696,0.6362008690358332,unsafe,severe_bus7,2
0.2548114163961355,0.2668407094816921,0.8637059351506207,unsafe,angle_bus7,4
0.2548114163961355,0.2668407094816921,0.6335779380983843,unsafe,angle_bus8,4
0.2548114163961355,0.2668407094816921,0.5802804459368163,safe,voltage_bus9,4
0.2548114163961355,0.2668407094816921,0.5869813736079316,safe,voltage_bus10,4
0.2548114163961355,0.2668407094816921,0.6094738061191276,unsafe,freq_bus2,4
0.2548114163961355,0.2668407094816921,0.5903675820915179,safe,freq_bus4,4
0.2548114163961355,0.2668407094816921,0.9018815890384764,unsafe,severe_bus7,4
0.3385610249744875,0.319860637122918,0.8863946484318296,unsafe,angle_bus7,3
0.3385610249744875,0.319860637122918,0.7336308299419784,unsafe,angle_bus8,3
0.3385610249744875,0.319860637122918,0.9503890285475958,unsafe,voltage_bus9,3
0.3385610249744875,0.319860637122918,0.677986213389979,unsafe,voltage_bus10,3
0.3385610249744875,0.319860637122918,0.9313936585351774,unsafe,freq_bus2,3
0.3385610249744875,0.319860637122918,0.68138090511392,unsafe,freq_bus4,3
0.3385610249744875,0.319860637122918,0.911686089933388,unsafe,severe_bus7,3
0.0230573756435711,0.364188833907791,0.6945926760636816,unsafe,angle_bus7,4
0.0230573756435711,0.364188833907791,0.5639491001718815,safe,angle_bus8,4
0.0230573756435711,0.364188833907791,0.5582030912171606,safe,voltage_bus9,4
0.0230573756435711,0.364188833907791,0.5332093923702746,safe,voltage_bus10,4
0.0230573756435711,0.364188833907791,0.7121601593696758,unsafe,freq_bus2,4
0.0230573756435711,0.364188833907791,0.534992347912616,safe,freq_bus4,4
0.0230573756435711,0.364188833907791,0.8901065958606242,unsafe,severe_bus7,4
0.3687624619634966,0.0507243744899349,0.8994990041588848,unsafe,angle_bus7,3
0.3687624619634966,0.0507243744899349,0.6295770862815534,unsafe,angle_bus8,3
0.3687624619634966,0.0507243744899349,0.972896048769317,unsafe,voltage_bus9,3
0.3687624619634966,0.0507243744899349,0.5920414537659958,safe,voltage_bus10,3
0.3687624619634966,0.0507243744899349,0.966477669178549,unsafe,freq_bus2,3
0.3687624619634966,0.0507243744899349,0.5954839199587728,safe,freq_bus4,3
0.3687624619634966,0.0507243744899349,0.9121713790946202,unsafe,severe_bus7,3
0.3271355377311795,0.1407519157068797,0.7196694299951099,unsafe,angle_bus7,3
0.3271355377311795,0.1407519157068797,0.5646189897070604,safe,angle_bus8,3
0.3271355377311795,0.1407519157068797,0.5581080480080822,safe,voltage_bus9,3
0.3271355377311795,0.1407519157068797,0.5227494362424843,safe,voltage_bus10,3
0.3271355377311795,0.1407519157068797,0.7426539364357447,unsafe,freq_bus2,3
0.3271355377311795,0.1407519157068797,0.5271362244770197,safe,freq_bus4,3
0.3271355377311795,0.1407519157068797,0.8952668802997018,unsafe,severe_bus7,3
0.1058088568068369,0.3203376808785682,0.6976654853509903,unsafe,angle_bus7,0
0.1058088568068369,0.3203376808785682,0.6976654853509903,unsafe,angle_bus8,0
0.1058088568068369,0.3203376808785682,0.6976654853509903,unsafe,voltage_bus9,0
0.1058088568068369,0.3203376808785682,0.6976654853509903,unsafe,voltage_bus10,0
0.1058088568068369,0.3203376808785682,0.6976654853509903,unsafe,freq_bus2,0
0.1058088568068369,0.3203376808785682,0.6976654853509903,unsafe,freq_bus4,0
0.1058088568068369,0.3203376808785682,0.6976654853509903,unsafe,severe_bus7,0
0.2198216321602301,0.1189085600323426,0.7251826093108286,unsafe,angle_bus7,1
0.2198216321602301,0.1189085600323426,0.7251826093108286,unsafe,angle_bus8,1
0.2198216321602301,0.1189085600323426,0.7251826093108286,unsafe,voltage_bus9,1
0.2198216321602301,0.1189085600323426,0.7251826093108286,unsafe,voltage_bus10,1
0.2198216321602301,0.1189085600323426,0.7251826093108286,unsafe,freq_bus2,1
0.2198216321602301,0.1189085600323426,0.7251826093108286,unsafe,freq_bus4,1
0.2198216321602301,0.1189085600323426,0.7251826093108286,unsafe,severe_bus7,1
0.0813226104622398,0.1839689284266127,0.583017218101217,safe,angle_bus7,1
0.0813226104622398,0.1839689284266127,0.583017218101217,safe,angle_bus8,1
0.0813226104622398,0.1839689284266127,0.583017218101217,safe,voltage_bus9,1
0.0813226104622398,0.1839689284266127,0.583017218101217,safe,voltage_bus10,1
0.0813226104622398,0.1839689284266127,0.583017218101217,safe,freq_bus2,1
0.0813226104622398,0.1839689284266127,0.583017218101217,safe,freq_bus4,1
0.0813226104622398,0.1839689284266127,0.583017218101217,safe,severe_bus7,1
0.225461031179237,0.3475216043704864,0.66840033834327,unsafe,angle_bus7,0
0.225461031179237,0.3475216043704864,0.66840033834327,unsafe,angle_bus8,0
0.225461031179237,0.3475216043704864,0.66840033834327,unsafe,voltage_bus9,0
0.225461031179237,0.3475216043704864,0.66840033834327,unsafe,voltage_bus10,0
0.225461031179237,0.3475216043704864,0.66840033834327,unsafe,freq_bus2,0
0.225461031179237,0.3475216043704864,0.66840033834327,unsafe,freq_bus4,0
0.225461031179237,0.3475216043704864,0.66840033834327,unsafe,severe_bus7,0
0.0540556633624354,0.218538267558073,0.9371966280486764,unsafe,angle_bus7,2
0.0540556633624354,0.218538267558073,0.6405734182076943,unsafe,angle_bus8,2
0.0540556633624354,0.218538267558073,0.9634710334727624,unsafe,voltage_bus9,2
0.0540556633624354,0.218538267558073,0.5918987938446079,safe,voltage_bus10,2
0.0540556633624354,0.218538267558073,0.6119442778411721,unsafe,freq_bus2,2
0.0540556633624354,0.218538267558073,0.5951443719013457,safe,freq_bus4,2
0.0540556633624354,0.218538267558073,0.9073642383599928,unsafe,severe_bus7,2
0.0140885618388902,0.2431928547320049,0.7223953513539829,unsafe,angle_bus7,2
0.0140885618388902,0.2431928547320049,0.7223953513539829,unsafe,angle_bus8,2
0.0140885618388902,0.2431928547320049,0.7223953513539829,unsafe,voltage_bus9,2
0.0140885618388902,0.2431928547320049,0.7223953513539829,unsafe,voltage_bus10,2
0.0140885618388902,0.2431928547320049,0.7223953513539829,unsafe,freq_bus2,2
0.0140885618388902,0.2431928547320049,0.7223953513539829,unsafe,freq_bus4,2
0.0140885618388902,0.2431928547320049,0.7223953513539829,unsafe,severe_bus7,2
0.0022604395144403,0.1956112156024795,0.9252782893994538,unsafe,angle_bus7,4
0.0022604395144403,0.1956112156024795,0.82334398284152,unsafe,angle_bus8,4
0.0022604395144403,0.1956112156024795,0.9480720602028648,unsafe,voltage_bus9,4
0.0022604395144403,0.1956112156024795,0.9848431921669024,unsafe,voltage_bus10,4
0.0022604395144403,0.1956112156024795,0.9484112171526043,unsafe,freq_bus2,4
0.0022604395144403,0.1956112156024795,0.968241666908393,unsafe,freq_bus4,4
0.0022604395144403,0.1956112156024795,0.9417973800061454,unsafe,severe_bus7,4
0.2921393569472305,0.0487188636732445,0.6627083027016751,unsafe,angle_bus7,3
0.2921393569472305,0.0487188636732445,0.5521842844398381,safe,angle_bus8,3
0.2921393569472305,0.0487188636732445,0.550444431747878,safe,voltage_bus9,3
0.2921393569472305,0.0487188636732445,0.5212291511202128,safe,voltage_bus10,3
0.2921393569472305,0.0487188636732445,0.669956844369443,unsafe,freq_bus2,3
0.2921393569472305,0.0487188636732445,0.5254406497881086,safe,freq_bus4,3
0.2921393569472305,0.0487188636732445,0.94945245930447,unsafe,severe_bus7,3
0.0955658580117267,0.0677276127821522,0.9451302085862322,unsafe,angle_bus7,2
0.0955658580117267,0.0677276127821522,0.7188896618570593,unsafe,angle_bus8,2
0.0955658580117267,0.0677276127821522,0.9893198513912482,unsafe,voltage_bus9,2
0.0955658580117267,0.0677276127821522,0.6776112693192559,unsafe,voltage_bus10,2
0.0955658580117267,0.0677276127821522,0.6635878082004596,unsafe,freq_bus2,2
0.0955658580117267,0.0677276127821522,0.6794378447784352,unsafe,freq_bus4,2
0.0955658580117267,0.0677276127821522,0.9430614983862394,unsafe,severe_bus7,2
0.1164547403187013,0.0802930197560509,0.6218403696988385,unsafe,angle_bus7,2
0.1164547403187013,0.0802930197560509,0.5256650615554055,safe,angle_bus8,2
0.1164547403187013,0.0802930197560509,0.522751765083142,safe,voltage_bus9,2
0.1164547403187013,0.0802930197560509,0.4965418487940682,safe,voltage_bus10,2
0.1164547403187013,0.0802930197560509,0.62759223772219,unsafe,freq_bus2,2
0.1164547403187013,0.0802930197560509,0.5017291047966057,safe,freq_bus4,2
0.1164547403187013,0.0802930197560509,0.8644823931727544,unsafe,severe_bus7,2
0.0684571050793245,0.3831695104675754,0.7646881434786383,unsafe,angle_bus7,0
0.0684571050793245,0.3831695104675754,0.7646881434786383,unsafe,angle_bus8,0
0.0684571050793245,0.3831695104675754,0.7646881434786383,unsafe,voltage_bus9,0
0.0684571050793245,0.3831695104675754,0.7646881434786383,unsafe,voltage_bus10,0
0.0684571050793245,0.3831695104675754,0.7646881434786383,unsafe,freq_bus2,0
0.0684571050793245,0.3831695104675754,0.7646881434786383,unsafe,freq_bus4,0
0.0684571050793245,0.3831695104675754,0.7646881434786383,unsafe,severe_bus7,0
0.1881052864091571,0.2587007849466453,0.6974913971044647,unsafe,angle_bus7,2
0.1881052864091571,0.2587007849466453,0.580417428461192,safe,angle_bus8,2
0.1881052864091571,0.2587007849466453,0.9986601880030594,unsafe,voltage_bus9,2
0.1881052864091571,0.2587007849466453,0.5427823645708072,safe,voltage_bus10,2
0.1881052864091571,0.2587007849466453,0.7057187833196652,unsafe,freq_bus2,2
0.1881052864091571,0.2587007849466453,0.5437652940898475,safe,freq_bus4,2
0.1881052864091571,0.2587007849466453,0.925404941766899,unsafe,severe_bus7,2
0.2729973489799775,0.0968763335861795,0.7746589582658461,unsafe,angle_bus7,5
0.2729973489799775,0.0968763335861795,0.7746589582658461,unsafe,angle_bus8,5
0.2729973489799775,0.0968763335861795,0.7746589582658461,unsafe,voltage_bus9,5
0.2729973489799775,0.0968763335861795,0.7746589582658461,unsafe,voltage_bus10,5
0.2729973489799775,0.0968763335861795,0.7746589582658461,unsafe,freq_bus2,5
0.2729973489799775,0.0968763335861795,0.7746589582658461,unsafe,freq_bus4,5
0.2729973489799775,0.0968763335861795,0.7746589582658461,unsafe,severe_bus7,5
0.2886024751639069,0.2280009179752489,0.7588961929677489,unsafe,angle_bus7,5
0.2886024751639069,0.2280009179752489,0.7588961929677489,unsafe,angle_bus8,5
0.2886024751639069,0.2280009179752489,0.7588961929677489,unsafe,voltage_bus9,5
0.2886024751639069,0.2280009179752489,0.7588961929677489,unsafe,voltage_bus10,5
0.2886024751639069,0.2280009179752489,0.7588961929677489,unsafe,freq_bus2,5
0.2886024751639069,0.2280009179752489,0.7588961929677489,unsafe,freq_bus4,5
0.2886024751639069,0.2280009179752489,0.7588961929677489,unsafe,severe_bus7,5
0.3054108422446166,0.1643125880404711,0.7646238059868,unsafe,angle_bus7,3
0.3054108422446166,0.1643125880404711,0.7646238059868,unsafe,angle_bus8,3
0.3054108422446166,0.1643125880404711,0.7646238059868,unsafe,voltage_bus9,3
0.3054108422446166,0.1643125880404711,0.7646238059868,unsafe,voltage_bus10,3
0.3054108422446166,0.1643125880404711,0.7646238059868,unsafe,freq_bus2,3
0.3054108422446166,0.1643125880404711,0.7646238059868,unsafe,freq_bus4,3
0.3054108422446166,0.1643125880404711,0.7646238059868,unsafe,severe_bus7,3
0.2023500114258397,0.2836528167999941,0.7747661757853297,unsafe,angle_bus7,4
0.2023500114258397,0.2836528167999941,0.7747661757853297,unsafe,angle_bus8,4
0.2023500114258397,0.2836528167999941,0.7747661757853297,unsafe,voltage_bus9,4
0.2023500114258397,0.2836528167999941,0.7747661757853297,unsafe,voltage_bus10,4
0.2023500114258397,0.2836528167999941,0.7747661757853297,unsafe,freq_bus2,4
0.2023500114258397,0.2836528167999941,0.7747661757853297,unsafe,freq_bus4,4
0.2023500114258397,0.2836528167999941,0.7747661757853297,unsafe,severe_bus7,4
0.1478541532718047,0.1359147135627536,0.965577507190267,unsafe,angle_bus7,5
0.1478541532718047,0.1359147135627536,0.7319993434972947,unsafe,angle_bus8,5
0.1478541532718047,0.1359147135627536,0.988001043473738,unsafe,voltage_bus9,5
0.1478541532718047,0.1359147135627536,0.6879285636228349,unsafe,voltage_bus10,5
0.1478541532718047,0.1359147135627536,0.6734578266467021,unsafe,freq_bus2,5
0.1478541532718047,0.1359147135627536,0.6885957892571213,unsafe,freq_bus4,5
0.1478541532718047,0.1359147135627536,0.9415265365523688,unsafe,severe_bus7,5
0.3133808348527311,0.2944296784765872,0.768887154828492,unsafe,angle_bus7,5
0.3133808348527311,0.2944296784765872,0.768887154828492,unsafe,angle_bus8,5
0.3133808348527311,0.2944296784765872,0.768887154828492,unsafe,voltage_bus9,5
0.3133808348527311,0.2944296784765872,0.768887154828492,unsafe,voltage_bus10,5
0.3133808348527311,0.2944296784765872,0.768887154828492,unsafe,freq_bus2,5
0.3133808348527311,0.2944296784765872,0.768887154828492,unsafe,freq_bus4,5
0.3133808348527311,0.2944296784765872,0.768887154828492,unsafe,severe_bus7,5
0.1997728792686614,0.3090995213922436,0.9209626981456146,unsafe,angle_bus7,4
0.1997728792686614,0.3090995213922436,0.9876884981828766,unsafe,angle_bus8,4
0.1997728792686614,0.3090995213922436,0.9705317467792628,unsafe,voltage_bus9,4
0.1997728792686614,0.3090995213922436,0.7541190108562842,unsafe,voltage_bus10,4
0.1997728792686614,0.3090995213922436,0.9675782530894949,unsafe,freq_bus2,4
0.1997728792686614,0.3090995213922436,0.7534480713968151,unsafe,freq_bus4,4
0.1997728792686614,0.3090995213922436,0.9430044733939936,unsafe,severe_bus7,4
0.3730367962492227,0.3955384372442597,0.7305643101816075,unsafe,angle_bus7,5
0.3730367962492227,0.3955384372442597,0.7305643101816075,unsafe,angle_bus8,5
0.3730367962492227,0.3955384372442597,0.7305643101816075,unsafe,voltage_bus9,5
0.3730367962492227,0.3955384372442597,0.7305643101816075,unsafe,voltage_bus10,5
0.3730367962492227,0.3955384372442597,0.7305643101816075,unsafe,freq_bus2,5
0.3730367962492227,0.3955384372442597,0.7305643101816075,unsafe,freq_bus4,5
0.3730367962492227,0.3955384372442597,0.7305643101816075,unsafe,severe_bus7,5
0.3888199409787949,0.2703810233545048,0.5487091934049811,safe,angle_bus7,3
0.3888199409787949,0.2703810233545048,0.5487091934049811,safe,angle_bus8,3
0.3888199409787949,0.2703810233545048,0.5487091934049811,safe,voltage_bus9,3
0.3888199409787949,0.2703810233545048,0.5487091934049811,safe,voltage_bus10,3
0.3888199409787949,0.2703810233545048,0.5487091934049811,safe,freq_bus2,3
0.3888199409787949,0.2703810233545048,0.5487091934049811,safe,freq_bus4,3
0.3888199409787949,0.2703810233545048,0.5487091934049811,safe,severe_bus7,3
0.04283109810841,0.1255063849785621,0.778488788199486,unsafe,angle_bus7,1
0.04283109810841,0.1255063849785621,0.778488788199486,unsafe,angle_bus8,1
0.04283109810841,0.1255063849785621,0.778488788199486,unsafe,voltage_bus9,1
0.04283109810841,0.1255063849785621,0.778488788199486,unsafe,voltage_bus10,1
0.04283109810841,0.1255063849785621,0.778488788199486,unsafe,freq_bus2,1
0.04283109810841,0.1255063849785621,0.778488788199486,unsafe,freq_bus4,1
0.04283109810841,0.1255063849785621,0.778488788199486,unsafe,severe_bus7,1
0.2469404337584934,0.154207804310581,0.7988128781557989,unsafe,angle_bus7,3
0.2469404337584934,0.154207804310581,0.6435544556458266,unsafe,angle_bus8,3
0.2469404337584934,0.154207804310581,0.5868956387136026,safe,voltage_bus9,3
0.2469404337584934,0.154207804310581,0.605748315405768,unsafe,voltage_bus10,3
0.2469404337584934,0.154207804310581,0.8114950724298851,unsafe,freq_bus2,3
0.2469404337584934,0.154207804310581,0.6110792478391582,unsafe,freq_bus4,3
0.2469404337584934,0.154207804310581,0.9319644704088332,unsafe,severe_bus7,3
0.1237269115929755,0.0141590203108726,0.9244442114011328,unsafe,angle_bus7,1
0.1237269115929755,0.0141590203108726,0.9640904492524452,unsafe,angle_bus8,1
0.1237269115929755,0.0141590203108726,0.9615665542825844,unsafe,voltage_bus9,1
0.1237269115929755,0.0141590203108726,0.9219358886131764,unsafe,voltage_bus10,1
0.1237269115929755,0.0141590203108726,0.9513885724073168,unsafe,freq_bus2,1
0.1237269115929755,0.0141590203108726,0.910704709383012,unsafe,freq_bus4,1
0.1237269115929755,0.0141590203108726,0.9484996255559766,unsafe,severe_bus7,1
0.1767013878766721,0.0285547581113395,0.7469561038621471,unsafe,angle_bus7,1
0.1767013878766721,0.0285547581113395,0.7469561038621471,unsafe,angle_bus8,1
0.1767013878766721,0.0285547581113395,0.7469561038621471,unsafe,voltage_bus9,1
0.1767013878766721,0.0285547581113395,0.7469561038621471,unsafe,voltage_bus10,1
0.1767013878766721,0.0285547581113395,0.7469561038621471,unsafe,freq_bus2,1
0.1767013878766721,0.0285547581113395,0.7469561038621471,unsafe,freq_bus4,1
0.1767013878766721,0.0285547581113395,0.7469561038621471,unsafe,severe_bus7,1
0.1365313019546516,0.2340908450851858,0.7657230464660172,unsafe,angle_bus7,0
0.1365313019546516,0.2340908450851858,0.7657230464660172,unsafe,angle_bus8,0
0.1365313019546516,0.2340908450851858,0.7657230464660172,unsafe,voltage_bus9,0
0.1365313019546516,0.2340908450851858,0.7657230464660172,unsafe,voltage_bus10,0
0.1365313019546516,0.2340908450851858,0.7657230464660172,unsafe,freq_bus2,0
0.1365313019546516,0.2340908450851858,0.7657230464660172,unsafe,freq_bus4,0
0.1365313019546516,0.2340908450851858,0.7657230464660172,unsafe,severe_bus7,0
0.2351334166916184,0.0050929300564547,0.5178742580716977,safe,angle_bus7,5
0.2351334166916184,0.0050929300564547,0.4541235360403062,safe,angle_bus8,5
0.2351334166916184,0.0050929300564547,0.4527348504983778,safe,voltage_bus9,5
0.2351334166916184,0.0050929300564547,0.436795823630668,safe,voltage_bus10,5
0.2351334166916184,0.0050929300564547,0.5221034021652964,safe,freq_bus2,5
0.2351334166916184,0.0050929300564547,0.4437287393402712,safe,freq_bus4,5
0.2351334166916184,0.0050929300564547,0.6547276759003341,unsafe,severe_bus7,5
0.3447932759752846,0.0356108853969495,0.7718303167494213,unsafe,angle_bus7,1
0.3447932759752846,0.0356108853969495,0.7718303167494213,unsafe,angle_bus8,1
0.3447932759752846,0.0356108853969495,0.7718303167494213,unsafe,voltage_bus9,1
0.3447932759752846,0.0356108853969495,0.7718303167494213,unsafe,voltage_bus10,1
0.3447932759752846,0.0356108853969495,0.7718303167494213,unsafe,freq_bus2,1
0.3447932759752846,0.0356108853969495,0.7718303167494213,unsafe,freq_bus4,1
0.3447932759752846,0.0356108853969495,0.7718303167494213,unsafe,severe_bus7,1
0.1689142425886456,0.1732775990696019,0.5112125326701362,safe,angle_bus7,2
0.1689142425886456,0.1732775990696019,0.4739165152895932,safe,angle_bus8,2
0.1689142425886456,0.1732775990696019,0.4726314375260138,safe,voltage_bus9,2
0.1689142425886456,0.1732775990696019,0.4709901714113217,safe,voltage_bus10,2
0.1689142425886456,0.1732775990696019,0.5207053169102818,safe,freq_bus2,2
0.1689142425886456,0.1732775990696019,0.4706212463970651,safe,freq_bus4,2
0.1689142425886456,0.1732775990696019,0.6076872341149452,unsafe,severe_bus7,2
0.1508398815486239,0.0776978600910512,0.5560317419476397,safe,angle_bus7,2
0.1508398815486239,0.0776978600910512,0.523590018426187,safe,angle_bus8,2
0.1508398815486239,0.0776978600910512,0.5225856289330972,safe,voltage_bus9,2
0.1508398815486239,0.0776978600910512,0.5220059591517747,safe,voltage_bus10,2
0.1508398815486239,0.0776978600910512,0.568334560505438,safe,freq_bus2,2
0.1508398815486239,0.0776978600910512,0.5214054769543583,safe,freq_bus4,2
0.1508398815486239,0.0776978600910512,0.6129041078486157,unsafe,severe_bus7,2
0.0368286110717728,0.3304710060493026,0.7621073469962942,unsafe,angle_bus7,4
0.0368286110717728,0.3304710060493026,0.6266878514421854,unsafe,angle_bus8,4
0.0368286110717728,0.3304710060493026,0.5653961845994195,safe,voltage_bus9,4
0.0368286110717728,0.3304710060493026,0.5842204885849022,safe,voltage_bus10,4
0.0368286110717728,0.3304710060493026,0.7705115317420049,unsafe,freq_bus2,4
0.0368286110717728,0.3304710060493026,0.5891389944505123,safe,freq_bus4,4
0.0368286110717728,0.3304710060493026,0.9117407719664208,unsafe,severe_bus7,4
0.0795508938060767,0.2056490293999696,0.5208025569573248,safe,angle_bus7,2
0.0795508938060767,0.2056490293999696,0.4616196708083702,safe,angle_bus8,2
0.0795508938060767,0.2056490293999696,0.460522462149078,safe,voltage_bus9,2
0.0795508938060767,0.2056490293999696,0.4496916717787566,safe,voltage_bus10,2
0.0795508938060767,0.2056490293999696,0.5298387554517968,safe,freq_bus2,2
0.0795508938060767,0.2056490293999696,0.4494595704861085,safe,freq_bus4,2
0.0795508938060767,0.2056490293999696,0.6650926468852338,unsafe,severe_bus7,2
0.2548114163961355,0.2668407094816921,0.9420296844377112,unsafe,angle_bus7,4
0.2548114163961355,0.2668407094816921,0.7551437800811635,unsafe,angle_bus8,4
0.2548114163961355,0.2668407094816921,0.9778590735709608,unsafe,voltage_bus9,4
0.2548114163961355,0.2668407094816921,0.7068659306271373,unsafe,voltage_bus10,4
0.2548114163961355,0.2668407094816921,0.9730537247780672,unsafe,freq_bus2,4
0.2548114163961355,0.2668407094816921,0.7065688829244436,unsafe,freq_bus4,4
0.2548114163961355,0.2668407094816921,0.9383074949799964,unsafe,severe_bus7,4
0.3573753948407713,0.3506318684946622,0.7616832114113637,unsafe,angle_bus7,3
0.3573753948407713,0.3506318684946622,0.7616832114113637,unsafe,angle_bus8,3
0.3573753948407713,0.3506318684946622,0.7616832114113637,unsafe,voltage_bus9,3
0.3573753948407713,0.3506318684946622,0.7616832114113637,unsafe,voltage_bus10,3
0.3573753948407713,0.3506318684946622,0.7616832114113637,unsafe,freq_bus2,3
0.3573753948407713,0.3506318684946622,0.7616832114113637,unsafe,freq_bus4,3
0.3573753948407713,0.3506318684946622,0.7616832114113637,unsafe,severe_bus7,3
0.3385610249744875,0.319860637122918,0.9244447009194474,unsafe,angle_bus7,3
0.3385610249744875,0.319860637122918,0.9615429199697748,unsafe,angle_bus8,3
0.3385610249744875,0.319860637122918,0.9570390575003164,unsafe,voltage_bus9,3
0.3385610249744875,0.319860637122918,0.9414702043746984,unsafe,voltage_bus10,3
0.3385610249744875,0.319860637122918,0.9493021153858434,unsafe,freq_bus2,3
0.3385610249744875,0.319860637122918,0.9244590154774752,unsafe,freq_bus4,3
0.3385610249744875,0.319860637122918,0.943411713129628,unsafe,severe_bus7,3
0.0230573756435711,0.364188833907791,0.7340257509056487,unsafe,angle_bus7,4
0.0230573756435711,0.364188833907791,0.614008802162585,unsafe,angle_bus8,4
0.0230573756435711,0.364188833907791,0.5548163392214279,safe,voltage_bus9,4
0.0230573756435711,0.364188833907791,0.573360184272443,safe,voltage_bus10,4
0.0230573756435711,0.364188833907791,0.7406969491858468,unsafe,freq_bus2,4
0.0230573756435711,0.364188833907791,0.5773672353552576,safe,freq_bus4,4
0.0230573756435711,0.364188833907791,0.9066911558762286,unsafe,severe_bus7,4
0.3687624619634966,0.0507243744899349,0.9313619766893224,unsafe,angle_bus7,3
0.3687624619634966,0.0507243744899349,0.8169037213447661,unsafe,angle_bus8,3
0.3687624619634966,0.0507243744899349,0.9572018479522244,unsafe,voltage_bus9,3
0.3687624619634966,0.0507243744899349,0.9641006502224542,unsafe,voltage_bus10,3
0.3687624619634966,0.0507243744899349,0.9573806714884804,unsafe,freq_bus2,3
0.3687624619634966,0.0507243744899349,0.9530922477710326,unsafe,freq_bus4,3
0.3687624619634966,0.0507243744899349,0.9525010613936298,unsafe,severe_bus7,3
0.3271355377311795,0.1407519157068797,0.933012902353047,unsafe,angle_bus7,3
0.3271355377311795,0.1407519157068797,0.7152127778994529,unsafe,angle_bus8,3
0.3271355377311795,0.1407519157068797,0.9784118077286807,unsafe,voltage_bus9,3
0.3271355377311795,0.1407519157068797,0.6710699957249572,unsafe,voltage_bus10,3
0.3271355377311795,0.1407519157068797,0.6639911187280663,unsafe,freq_bus2,3
0.3271355377311795,0.1407519157068797,0.6720904755618136,unsafe,freq_bus4,3
0.3271355377311795,0.1407519157068797,0.9366928310665104,unsafe,severe_bus7,3
0.1058088568068369,0.3203376808785682,0.7677836924813395,unsafe,angle_bus7,0
0.1058088568068369,0.3203376808785682,0.7677836924813395,unsafe,angle_bus8,0
0.1058088568068369,0.3203376808785682,0.7677836924813395,unsafe,voltage_bus9,0
0.1058088568068369,0.3203376808785682,0.7677836924813395,unsafe,voltage_bus10,0
0.1058088568068369,0.3203376808785682,0.7677836924813395,unsafe,freq_bus2,0
0.1058088568068369,0.3203376808785682,0.7677836924813395,unsafe,freq_bus4,0
0.1058088568068369,0.3203376808785682,0.7677836924813395,unsafe,severe_bus7,0
0.2198216321602301,0.1189085600323426,0.7729812537333735,unsafe,angle_bus7,1
0.2198216321602301,0.1189085600323426,0.7729812537333735,unsafe,angle_bus8,1
0.2198216321602301,0.1189085600323426,0.7729812537333735,unsafe,voltage_bus9,1
0.2198216321602301,0.1189085600323426,0.7729812537333735,unsafe,voltage_bus10,1
0.2198216321602301,0.1189085600323426,0.7729812537333735,unsafe,freq_bus2,1
0.2198216321602301,0.1189085600323426,0.7729812537333735,unsafe,freq_bus4,1
0.2198216321602301,0.1189085600323426,0.7729812537333735,unsafe,severe_bus7,1
0.0813226104622398,0.1839689284266127,0.7488819369209783,unsafe,angle_bus7,1
0.0813226104622398,0.1839689284266127,0.7488819369209783,unsafe,angle_bus8,1
0.0813226104622398,0.1839689284266127,0.7488819369209783,unsafe,voltage_bus9,1
0.0813226104622398,0.1839689284266127,0.7488819369209783,unsafe,voltage_bus10,1
0.0813226104622398,0.1839689284266127,0.7488819369209783,unsafe,freq_bus2,1
0.0813226104622398,0.1839689284266127,0.7488819369209783,unsafe,freq_bus4,1
0.0813226104622398,0.1839689284266127,0.7488819369209783,unsafe,severe_bus7,1
0.225461031179237,0.3475216043704864,0.7603487614994149,unsafe,angle_bus7,0
0.225461031179237,0.3475216043704864,0.7603487614994149,unsafe,angle_bus8,0
0.225461031179237,0.3475216043704864,0.7603487614994149,unsafe,voltage_bus9,0
0.225461031179237,0.3475216043704864,0.7603487614994149,unsafe,voltage_bus10,0
0.225461031179237,0.3475216043704864,0.7603487614994149,unsafe,freq_bus2,0
0.225461031179237,0.3475216043704864,0.7603487614994149,unsafe,freq_bus4,0
0.225461031179237,0.3475216043704864,0.7603487614994149,unsafe,severe_bus7,0
0.0540556633624354,0.218538267558073,0.9282647610419664,unsafe,angle_bus7,2
0.0540556633624354,0.218538267558073,0.7227675789461294,unsafe,angle_bus8,2
0.0540556633624354,0.218538267558073,0.9729356813296856,unsafe,voltage_bus9,2
0.0540556633624354,0.218538267558073,0.7853740786893971,unsafe,voltage_bus10,2
0.0540556633624354,0.218538267558073,0.961427734193328,unsafe,freq_bus2,2
0.0540556633624354,0.218538267558073,0.7834194637593545,unsafe,freq_bus4,2
0.0540556633624354,0.218538267558073,0.9506273142875594,unsafe,severe_bus7,2
0.3971527991766206,0.3784638660480794,0.7443202013019321,unsafe,angle_bus7,3
0.3971527991766206,0.3784638660480794,0.7443202013019321,unsafe,angle_bus8,3
0.3971527991766206,0.3784638660480794,0.7443202013019321,unsafe,voltage_bus9,3
0.3971527991766206,0.3784638660480794,0.7443202013019321,unsafe,voltage_bus10,3
0.3971527991766206,0.3784638660480794,0.7443202013019321,unsafe,freq_bus2,3
0.3971527991766206,0.3784638660480794,0.7443202013019321,unsafe,freq_bus4,3
0.3971527991766206,0.3784638660480794,0.7443202013019321,unsafe,severe_bus7,3
0.0140885618388902,0.2431928547320049,0.7741127740601126,unsafe,angle_bus7,2
0.0140885618388902,0.2431928547320049,0.7741127740601126,unsafe,angle_bus8,2
0.0140885618388902,0.2431928547320049,0.7741127740601126,unsafe,voltage_bus9,2
0.0140885618388902,0.2431928547320049,0.7741127740601126,unsafe,voltage_bus10,2
0.0140885618388902,0.2431928547320049,0.7741127740601126,unsafe,freq_bus2,2
0.0140885618388902,0.2431928547320049,0.7741127740601126,unsafe,freq_bus4,2
0.0140885618388902,0.2431928547320049,0.7741127740601126,unsafe,severe_bus7,2
0.0022604395144403,0.1956112156024795,0.9216268799262034,unsafe,angle_bus7,4
0.0022604395144403,0.1956112156024795,0.8967520404877246,unsafe,angle_bus8,4
0.0022604395144403,0.1956112156024795,0.9234413339485856,unsafe,voltage_bus9,4
0.0022604395144403,0.1956112156024795,0.9055269045122856,unsafe,voltage_bus10,4
0.0022604395144403,0.1956112156024795,0.9294329648545172,unsafe,freq_bus2,4
0.0022604395144403,0.1956112156024795,0.9099933175202076,unsafe,freq_bus4,4
0.0022604395144403,0.1956112156024795,0.9229672722763224,unsafe,severe_bus7,4
0.2921393569472305,0.0487188636732445,0.7261656755347135,unsafe,angle_bus7,3
0.2921393569472305,0.0487188636732445,0.5986723259051987,safe,angle_bus8,3
0.2921393569472305,0.0487188636732445,0.5488165077214899,safe,voltage_bus9,3
0.2921393569472305,0.0487188636732445,0.566694486480033,safe,voltage_bus10,3
0.2921393569472305,0.0487188636732445,0.7339338724238869,unsafe,freq_bus2,3
0.2921393569472305,0.0487188636732445,0.57195235528758,safe,freq_bus4,3
0.2921393569472305,0.0487188636732445,0.9149429819637654,unsafe,severe_bus7,3
0.0955658580117267,0.0677276127821522,0.923644314616161,unsafe,angle_bus7,2
0.0955658580117267,0.0677276127821522,0.720277229514076,unsafe,angle_bus8,2
0.0955658580117267,0.0677276127821522,0.9711252867458384,unsafe,voltage_bus9,2
0.0955658580117267,0.0677276127821522,0.7778058699136674,unsafe,voltage_bus10,2
0.0955658580117267,0.0677276127821522,0.9664144885460866,unsafe,freq_bus2,2
0.0955658580117267,0.0677276127821522,0.7760375902695886,unsafe,freq_bus4,2
0.0955658580117267,0.0677276127821522,0.950507708792989,unsafe,severe_bus7,2
0.1164547403187013,0.0802930197560509,0.658755339164255,unsafe,angle_bus7,2
0.1164547403187013,0.0802930197560509,0.5600076656251627,safe,angle_bus8,2
0.1164547403187013,0.0802930197560509,0.5572921634246921,safe,voltage_bus9,2
0.1164547403187013,0.0802930197560509,0.5221417920897775,safe,voltage_bus10,2
0.1164547403187013,0.0802930197560509,0.6642441501033143,unsafe,freq_bus2,2
0.1164547403187013,0.0802930197560509,0.5268543361133095,safe,freq_bus4,2
0.1164547403187013,0.0802930197560509,0.9448441794888908,unsafe,severe_bus7,2
0.0684571050793245,0.3831695104675754,0.7609204258227142,unsafe,angle_bus7,0
0.0684571050793245,0.3831695104675754,0.7609204258227142,unsafe,angle_bus8,0
0.0684571050793245,0.3831695104675754,0.7609204258227142,unsafe,voltage_bus9,0
0.0684571050793245,0.3831695104675754,0.7609204258227142,unsafe,voltage_bus10,0
0.0684571050793245,0.3831695104675754,0.7609204258227142,unsafe,freq_bus2,0
0.0684571050793245,0.3831695104675754,0.7609204258227142,unsafe,freq_bus4,0
0.0684571050793245,0.3831695104675754,0.7609204258227142,unsafe,severe_bus7,0
0.1881052864091571,0.2587007849466453,0.7250349154512908,unsafe,angle_bus7,2
0.1881052864091571,0.2587007849466453,0.6059441066200121,unsafe,angle_bus8,2
0.1881052864091571,0.2587007849466453,0.9862086203064936,unsafe,voltage_bus9,2
0.1881052864091571,0.2587007849466453,0.5679765558084636,safe,voltage_bus10,2
0.1881052864091571,0.2587007849466453,0.7317464700735817,unsafe,freq_bus2,2
0.1881052864091571,0.2587007849466453,0.572568273918444,safe,freq_bus4,2
0.1881052864091571,0.2587007849466453,0.911377258053544,unsafe,severe_bus7,2
0.2729973489799775,0.0968763335861795,0.7706063592113802,unsafe,angle_bus7,5
0.2729973489799775,0.0968763335861795,0.7706063592113802,unsafe,angle_bus8,5
0.2729973489799775,0.0968763335861795,0.7706063592113802,unsafe,voltage_bus9,5
0.2729973489799775,0.0968763335861795,0.7706063592113802,unsafe,voltage_bus10,5
0.2729973489799775,0.0968763335861795,0.7706063592113802,unsafe,freq_bus2,5
0.2729973489799775,0.0968763335861795,0.7706063592113802,unsafe,freq_bus4,5
0.2729973489799775,0.0968763335861795,0.7706063592113802,unsafe,severe_bus7,5
0.2886024751639069,0.2280009179752489,0.7616468344443263,unsafe,angle_bus7,5
0.2886024751639069,0.2280009179752489,0.7616468344443263,unsafe,angle_bus8,5
0.2886024751639069,0.2280009179752489,0.7616468344443263,unsafe,voltage_bus9,5
0.2886024751639069,0.2280009179752489,0.7616468344443263,unsafe,voltage_bus10,5
0.2886024751639069,0.2280009179752489,0.7616468344443263,unsafe,freq_bus2,5
0.2886024751639069,0.2280009179752489,0.7616468344443263,unsafe,freq_bus4,5
0.2886024751639069,0.2280009179752489,0.7616468344443263,unsafe,severe_bus7,5
0.3054108422446166,0.1643125880404711,0.7660214773253295,unsafe,angle_bus7,3
0.3054108422446166,0.1643125880404711,0.7660214773253295,unsafe,angle_bus8,3
0.3054108422446166,0.1643125880404711,0.7660214773253295,unsafe,voltage_bus9,3
0.3054108422446166,0.1643125880404711,0.7660214773253295,unsafe,voltage_bus10,3
0.3054108422446166,0.1643125880404711,0.7660214773253295,unsafe,freq_bus2,3
0.3054108422446166,0.1643125880404711,0.7660214773253295,unsafe,freq_bus4,3
0.3054108422446166,0.1643125880404711,0.7660214773253295,unsafe,severe_bus7,3
0.2023500114258397,0.2836528167999941,0.7715907966127604,unsafe,angle_bus7,4
0.2023500114258397,0.2836528167999941,0.7715907966127604,unsafe,angle_bus8,4
0.2023500114258397,0.2836528167999941,0.7715907966127604,unsafe,voltage_bus9,4
0.2023500114258397,0.2836528167999941,0.7715907966127604,unsafe,voltage_bus10,4
0.2023500114258397,0.2836528167999941,0.7715907966127604,unsafe,freq_bus2,4
0.2023500114258397,0.2836528167999941,0.7715907966127604,unsafe,freq_bus4,4
0.2023500114258397,0.2836528167999941,0.7715907966127604,unsafe,severe_bus7,4
0.1478541532718047,0.1359147135627536,0.9257416969765416,unsafe,angle_bus7,5
0.1478541532718047,0.1359147135627536,0.7893328944888248,unsafe,angle_bus8,5
0.1478541532718047,0.1359147135627536,0.9752052874987234,unsafe,voltage_bus9,5
0.1478541532718047,0.1359147135627536,0.7396252156497889,unsafe,voltage_bus10,5
0.1478541532718047,0.1359147135627536,0.9668888140511812,unsafe,freq_bus2,5
0.1478541532718047,0.1359147135627536,0.738227721440728,unsafe,freq_bus4,5
0.1478541532718047,0.1359147135627536,0.9443823494678082,unsafe,severe_bus7,5
0.3133808348527311,0.2944296784765872,0.762532492769766,unsafe,angle_bus7,5
0.3133808348527311,0.2944296784765872,0.762532492769766,unsafe,angle_bus8,5
0.3133808348527311,0.2944296784765872,0.762532492769766,unsafe,voltage_bus9,5
0.3133808348527311,0.2944296784765872,0.762532492769766,unsafe,voltage_bus10,5
0.3133808348527311,0.2944296784765872,0.762532492769766,unsafe,freq_bus2,5
0.3133808348527311,0.2944296784765872,0.762532492769766,unsafe,freq_bus4,5
0.3133808348527311,0.2944296784765872,0.762532492769766,unsafe,severe_bus7,5
0.1997728792686614,0.3090995213922436,0.9143395092236984,unsafe,angle_bus7,4
0.1997728792686614,0.3090995213922436,0.7474155046957688,unsafe,angle_bus8,4
0.1997728792686614,0.3090995213922436,0.9672116924512631,unsafe,voltage_bus9,4
0.1997728792686614,0.3090995213922436,0.8084713432092728,unsafe,voltage_bus10,4
0.1997728792686614,0.3090995213922436,0.9576549775769968,unsafe,freq_bus2,4
0.1997728792686614,0.3090995213922436,0.8078468602556838,unsafe,freq_bus4,4
0.1997728792686614,0.3090995213922436,0.9419623689949782,unsafe,severe_bus7,4
0.3730367962492227,0.3955384372442597,0.747480225626062,unsafe,angle_bus7,5
0.3730367962492227,0.3955384372442597,0.747480225626062,unsafe,angle_bus8,5
0.3730367962492227,0.3955384372442597,0.747480225626062,unsafe,voltage_bus9,5
0.3730367962492227,0.3955384372442597,0.747480225626062,unsafe,voltage_bus10,5
0.3730367962492227,0.3955384372442597,0.747480225626062,unsafe,freq_bus2,5
0.3730367962492227,0.3955384372442597,0.747480225626062,unsafe,freq_bus4,5
0.3730367962492227,0.3955384372442597,0.747480225626062,unsafe,severe_bus7,5
0.3888199409787949,0.2703810233545048,0.5366329076276088,safe,angle_bus7,3
0.3888199409787949,0.2703810233545048,0.5366329076276088,safe,angle_bus8,3
0.3888199409787949,0.2703810233545048,0.5366329076276088,safe,voltage_bus9,3
0.3888199409787949,0.2703810233545048,0.5366329076276088,safe,voltage_bus10,3
0.3888199409787949,0.2703810233545048,0.5366329076276088,safe,freq_bus2,3
0.3888199409787949,0.2703810233545048,0.5366329076276088,safe,freq_bus4,3
0.3888199409787949,0.2703810233545048,0.5366329076276088,safe,severe_bus7,3
0.04283109810841,0.1255063849785621,0.7750471192698721,unsafe,angle_bus7,1
0.04283109810841,0.1255063849785621,0.7750471192698721,unsafe,angle_bus8,1
0.04283109810841,0.1255063849785621,0.7750471192698721,unsafe,voltage_bus9,1
0.04283109810841,0.1255063849785621,0.7750471192698721,unsafe,voltage_bus10,1
0.04283109810841,0.1255063849785621,0.7750471192698721,unsafe,freq_bus2,1
0.04283109810841,0.1255063849785621,0.7750471192698721,unsafe,freq_bus4,1
0.04283109810841,0.1255063849785621,0.7750471192698721,unsafe,severe_bus7,1
0.2469404337584934,0.154207804310581,0.8549230777265875,unsafe,angle_bus7,3
0.2469404337584934,0.154207804310581,0.6791140683100282,unsafe,angle_bus8,3
0.2469404337584934,0.154207804310581,0.9813705145938352,unsafe,voltage_bus9,3
0.2469404337584934,0.154207804310581,0.6373453375483886,unsafe,voltage_bus10,3
0.2469404337584934,0.154207804310581,0.8740397899725701,unsafe,freq_bus2,3
0.2469404337584934,0.154207804310581,0.6411382434260994,unsafe,freq_bus4,3
0.2469404337584934,0.154207804310581,0.9303510077737216,unsafe,severe_bus7,3
0.1237269115929755,0.0141590203108726,0.7651664003250886,unsafe,angle_bus7,1
0.1237269115929755,0.0141590203108726,0.7651664003250886,unsafe,angle_bus8,1
0.1237269115929755,0.0141590203108726,0.7651664003250886,unsafe,voltage_bus9,1
0.1237269115929755,0.0141590203108726,0.7651664003250886,unsafe,voltage_bus10,1
0.1237269115929755,0.0141590203108726,0.7651664003250886,unsafe,freq_bus2,1
0.1237269115929755,0.0141590203108726,0.7651664003250886,unsafe,freq_bus4,1
0.1237269115929755,0.0141590203108726,0.7651664003250886,unsafe,severe_bus7,1
0.1767013878766721,0.0285547581113395,0.7385464586963135,unsafe,angle_bus7,1
0.1767013878766721,0.0285547581113395,0.7385464586963135,unsafe,angle_bus8,1
0.1767013878766721,0.0285547581113395,0.7385464586963135,unsafe,voltage_bus9,1
0.1767013878766721,0.0285547581113395,0.7385464586963135,unsafe,voltage_bus10,1
0.1767013878766721,0.0285547581113395,0.7385464586963135,unsafe,freq_bus2,1
0.1767013878766721,0.0285547581113395,0.7385464586963135,unsafe,freq_bus4,1
0.1767013878766721,0.0285547581113395,0.7385464586963135,unsafe,severe_bus7,1
0.1365313019546516,0.2340908450851858,0.770047485893764,unsafe,angle_bus7,0
0.1365313019546516,0.2340908450851858,0.770047485893764,unsafe,angle_bus8,0
0.1365313019546516,0.2340908450851858,0.770047485893764,unsafe,voltage_bus9,0
0.1365313019546516,0.2340908450851858,0.770047485893764,unsafe,voltage_bus10,0
0.1365313019546516,0.2340908450851858,0.770047485893764,unsafe,freq_bus2,0
0.1365313019546516,0.2340908450851858,0.770047485893764,unsafe,freq_bus4,0
0.1365313019546516,0.2340908450851858,0.770047485893764,unsafe,severe_bus7,0
0.2351334166916184,0.0050929300564547,0.5753935385636668,safe,angle_bus7,5
0.2351334166916184,0.0050929300564547,0.5012876907164976,safe,angle_bus8,5
0.2351334166916184,0.0050929300564547,0.501138002734814,safe,voltage_bus9,5
0.2351334166916184,0.0050929300564547,0.4797076340775742,safe,voltage_bus10,5
0.2351334166916184,0.0050929300564547,0.5793460818657027,safe,freq_bus2,5
0.2351334166916184,0.0050929300564547,0.484334681513405,safe,freq_bus4,5
0.2351334166916184,0.0050929300564547,0.7439053175276229,unsafe,severe_bus7,5
0.3447932759752846,0.0356108853969495,0.7840636652865824,unsafe,angle_bus7,1
0.3447932759752846,0.0356108853969495,0.7840636652865824,unsafe,angle_bus8,1
0.3447932759752846,0.0356108853969495,0.7840636652865824,unsafe,voltage_bus9,1
0.3447932759752846,0.0356108853969495,0.7840636652865824,unsafe,voltage_bus10,1
0.3447932759752846,0.0356108853969495,0.7840636652865824,unsafe,freq_bus2,1
0.3447932759752846,0.0356108853969495,0.7840636652865824,unsafe,freq_bus4,1
0.3447932759752846,0.0356108853969495,0.7840636652865824,unsafe,severe_bus7,1
0.1689142425886456,0.1732775990696019,0.4785584417551491,safe,angle_bus7,2
0.1689142425886456,0.1732775990696019,0.4420776963155,safe,angle_bus8,2
0.1689142425886456,0.1732775990696019,0.4416434643303593,safe,voltage_bus9,2
0.1689142425886456,0.1732775990696019,0.4391153547631631,safe,voltage_bus10,2
0.1689142425886456,0.1732775990696019,0.4793570209309707,safe,freq_bus2,2
0.1689142425886456,0.1732775990696019,0.4384475978404694,safe,freq_bus4,2
0.1689142425886456,0.1732775990696019,0.5778144325555443,safe,severe_bus7,2
0.1508398815486239,0.0776978600910512,0.4954060682815584,safe,angle_bus7,2
0.1508398815486239,0.0776978600910512,0.4734577044693914,safe,angle_bus8,2
0.1508398815486239,0.0776978600910512,0.4729331896680738,safe,voltage_bus9,2
0.1508398815486239,0.0776978600910512,0.473874063147335,safe,voltage_bus10,2
0.1508398815486239,0.0776978600910512,0.5033735212396105,safe,freq_bus2,2
0.1508398815486239,0.0776978600910512,0.4732922395576975,safe,freq_bus4,2
0.1508398815486239,0.0776978600910512,0.5436610361622639,safe,severe_bus7,2
0.0368286110717728,0.3304710060493026,0.7798881110825815,unsafe,angle_bus7,4
0.0368286110717728,0.3304710060493026,0.6462716227053265,unsafe,angle_bus8,4
0.0368286110717728,0.3304710060493026,0.5851314867226058,safe,voltage_bus9,4
0.0368286110717728,0.3304710060493026,0.6278419046704192,unsafe,voltage_bus10,4
0.0368286110717728,0.3304710060493026,0.792877280546165,unsafe,freq_bus2,4
0.0368286110717728,0.3304710060493026,0.6273804363210918,unsafe,freq_bus4,4
0.0368286110717728,0.3304710060493026,0.9100905151693948,unsafe,severe_bus7,4
0.0795508938060767,0.2056490293999696,0.5386093364522467,safe,angle_bus7,2
0.0795508938060767,0.2056490293999696,0.4823789321743011,safe,angle_bus8,2
0.0795508938060767,0.2056490293999696,0.4813678294037936,safe,voltage_bus9,2
0.0795508938060767,0.2056490293999696,0.4738856129897656,safe,voltage_bus10,2
0.0795508938060767,0.2056490293999696,0.540086320407897,safe,freq_bus2,2
0.0795508938060767,0.2056490293999696,0.4730202676568745,safe,freq_bus4,2
0.0795508938060767,0.2056490293999696,0.6739849075709092,unsafe,severe_bus7,2
0.2548114163961355,0.2668407094816921,0.9121552403555934,unsafe,angle_bus7,4
0.2548114163961355,0.2668407094816921,0.8073024149568078,unsafe,angle_bus8,4
0.2548114163961355,0.2668407094816921,0.9708468891847212,unsafe,voltage_bus9,4
0.2548114163961355,0.2668407094816921,0.7501159132402445,unsafe,voltage_bus10,4
0.2548114163961355,0.2668407094816921,0.9624091089277343,unsafe,freq_bus2,4
0.2548114163961355,0.2668407094816921,0.7522167264281435,unsafe,freq_bus4,4
0.2548114163961355,0.2668407094816921,0.9387206870733942,unsafe,severe_bus7,4
0.3573753948407713,0.3506318684946622,0.7621685444598112,unsafe,angle_bus7,3
0.3573753948407713,0.3506318684946622,0.7621685444598112,unsafe,angle_bus8,3
0.3573753948407713,0.3506318684946622,0.7621685444598112,unsafe,voltage_bus9,3
0.3573753948407713,0.3506318684946622,0.7621685444598112,unsafe,voltage_bus10,3
0.3573753948407713,0.3506318684946622,0.7621685444598112,unsafe,freq_bus2,3
0.3573753948407713,0.3506318684946622,0.7621685444598112,unsafe,freq_bus4,3
0.3573753948407713,0.3506318684946622,0.7621685444598112,unsafe,severe_bus7,3
0.3385610249744875,0.319860637122918,0.9172666263569402,unsafe,angle_bus7,3
0.3385610249744875,0.319860637122918,0.9341669471786216,unsafe,angle_bus8,3
0.3385610249744875,0.319860637122918,0.94392830617746,unsafe,voltage_bus9,3
0.3385610249744875,0.319860637122918,0.9243209300254184,unsafe,voltage_bus10,3
0.3385610249744875,0.319860637122918,0.9369612553701404,unsafe,freq_bus2,3
0.3385610249744875,0.319860637122918,0.93290932786672,unsafe,freq_bus4,3
0.3385610249744875,0.319860637122918,0.9299104375217117,unsafe,severe_bus7,3
0.0230573756435711,0.364188833907791,0.7415722885588507,unsafe,angle_bus7,4
0.0230573756435711,0.364188833907791,0.6326085734776142,unsafe,angle_bus8,4
0.0230573756435711,0.364188833907791,0.983152401378556,unsafe,voltage_bus9,4
0.0230573756435711,0.364188833907791,0.6114265210007436,unsafe,voltage_bus10,4
0.0230573756435711,0.364188833907791,0.7519118574178125,unsafe,freq_bus2,4
0.0230573756435711,0.364188833907791,0.6107200135183652,unsafe,freq_bus4,4
0.0230573756435711,0.364188833907791,0.9011757546297092,unsafe,severe_bus7,4
0.3687624619634966,0.0507243744899349,0.7616305649167758,unsafe,angle_bus7,3
0.3687624619634966,0.0507243744899349,0.7616305649167758,unsafe,angle_bus8,3
0.3687624619634966,0.0507243744899349,0.7616305649167758,unsafe,voltage_bus9,3
0.3687624619634966,0.0507243744899349,0.7616305649167758,unsafe,voltage_bus10,3
0.3687624619634966,0.0507243744899349,0.7616305649167758,unsafe,freq_bus2,3
0.3687624619634966,0.0507243744899349,0.7616305649167758,unsafe,freq_bus4,3
0.3687624619634966,0.0507243744899349,0.7616305649167758,unsafe,severe_bus7,3
0.3271355377311795,0.1407519157068797,0.978404847697229,unsafe,angle_bus7,3
0.3271355377311795,0.1407519157068797,0.7422797560342519,unsafe,angle_bus8,3
0.3271355377311795,0.1407519157068797,0.9773830141324932,unsafe,voltage_bus9,3
0.3271355377311795,0.1407519157068797,0.7002473177864079,unsafe,voltage_bus10,3
0.3271355377311795,0.1407519157068797,0.6972739048789381,unsafe,freq_bus2,3
0.3271355377311795,0.1407519157068797,0.6993509937414804,unsafe,freq_bus4,3
0.3271355377311795,0.1407519157068797,0.9369441666629024,unsafe,severe_bus7,3
0.1058088568068369,0.3203376808785682,0.7582191435317998,unsafe,angle_bus7,0
0.1058088568068369,0.3203376808785682,0.7582191435317998,unsafe,angle_bus8,0
0.1058088568068369,0.3203376808785682,0.7582191435317998,unsafe,voltage_bus9,0
0.1058088568068369,0.3203376808785682,0.7582191435317998,unsafe,voltage_bus10,0
0.1058088568068369,0.3203376808785682,0.7582191435317998,unsafe,freq_bus2,0
0.1058088568068369,0.3203376808785682,0.7582191435317998,unsafe,freq_bus4,0
0.1058088568068369,0.3203376808785682,0.7582191435317998,unsafe,severe_bus7,0
0.2198216321602301,0.1189085600323426,0.7803738999155696,unsafe,angle_bus7,1
0.2198216321602301,0.1189085600323426,0.7803738999155696,unsafe,angle_bus8,1
0.2198216321602301,0.1189085600323426,0.7803738999155696,unsafe,voltage_bus9,1
0.2198216321602301,0.1189085600323426,0.7803738999155696,unsafe,voltage_bus10,1
0.2198216321602301,0.1189085600323426,0.7803738999155696,unsafe,freq_bus2,1
0.2198216321602301,0.1189085600323426,0.7803738999155696,unsafe,freq_bus4,1
0.2198216321602301,0.1189085600323426,0.7803738999155696,unsafe,severe_bus7,1
0.0813226104622398,0.1839689284266127,0.7466507809377647,unsafe,angle_bus7,1
0.0813226104622398,0.1839689284266127,0.7466507809377647,unsafe,angle_bus8,1
0.0813226104622398,0.1839689284266127,0.7466507809377647,unsafe,voltage_bus9,1
0.0813226104622398,0.1839689284266127,0.7466507809377647,unsafe,voltage_bus10,1
0.0813226104622398,0.1839689284266127,0.7466507809377647,unsafe,freq_bus2,1
0.0813226104622398,0.1839689284266127,0.7466507809377647,unsafe,freq_bus4,1
0.0813226104622398,0.1839689284266127,0.7466507809377647,unsafe,severe_bus7,1
0.225461031179237,0.3475216043704864,0.7576540410519763,unsafe,angle_bus7,0
0.225461031179237,0.3475216043704864,0.7576540410519763,unsafe,angle_bus8,0
0.225461031179237,0.3475216043704864,0.7576540410519763,unsafe,voltage_bus9,0
0.225461031179237,0.3475216043704864,0.7576540410519763,unsafe,voltage_bus10,0
0.225461031179237,0.3475216043704864,0.7576540410519763,unsafe,freq_bus2,0
0.225461031179237,0.3475216043704864,0.7576540410519763,unsafe,freq_bus4,0
0.225461031179237,0.3475216043704864,0.7576540410519763,unsafe,severe_bus7,0
0.0540556633624354,0.218538267558073,0.920575475590279,unsafe,angle_bus7,2
0.0540556633624354,0.218538267558073,0.9633986841023736,unsafe,angle_bus8,2
0.0540556633624354,0.218538267558073,0.9620361029881106,unsafe,voltage_bus9,2
0.0540556633624354,0.218538267558073,0.8558215242759665,unsafe,voltage_bus10,2
0.0540556633624354,0.218538267558073,0.9587095203449608,unsafe,freq_bus2,2
0.0540556633624354,0.218538267558073,0.8503178005936998,unsafe,freq_bus4,2
0.0540556633624354,0.218538267558073,0.9497454521622628,unsafe,severe_bus7,2
0.3971527991766206,0.3784638660480794,0.7310184074563534,unsafe,angle_bus7,3
0.3971527991766206,0.3784638660480794,0.7310184074563534,unsafe,angle_bus8,3
0.3971527991766206,0.3784638660480794,0.7310184074563534,unsafe,voltage_bus9,3
0.3971527991766206,0.3784638660480794,0.7310184074563534,unsafe,voltage_bus10,3
0.3971527991766206,0.3784638660480794,0.7310184074563534,unsafe,freq_bus2,3
0.3971527991766206,0.3784638660480794,0.7310184074563534,unsafe,freq_bus4,3
0.3971527991766206,0.3784638660480794,0.7310184074563534,unsafe,severe_bus7,3
0.0140885618388902,0.2431928547320049,0.7653596041985518,unsafe,angle_bus7,2
0.0140885618388902,0.2431928547320049,0.7653596041985518,unsafe,angle_bus8,2
0.0140885618388902,0.2431928547320049,0.7653596041985518,unsafe,voltage_bus9,2
0.0140885618388902,0.2431928547320049,0.7653596041985518,unsafe,voltage_bus10,2
0.0140885618388902,0.2431928547320049,0.7653596041985518,unsafe,freq_bus2,2
0.0140885618388902,0.2431928547320049,0.7653596041985518,unsafe,freq_bus4,2
0.0140885618388902,0.2431928547320049,0.7653596041985518,unsafe,severe_bus7,2
0.0022604395144403,0.1956112156024795,0.7474819016407408,unsafe,angle_bus7,4
0.0022604395144403,0.1956112156024795,0.7474819016407408,unsafe,angle_bus8,4
0.0022604395144403,0.1956112156024795,0.7474819016407408,unsafe,voltage_bus9,4
0.0022604395144403,0.1956112156024795,0.7474819016407408,unsafe,voltage_bus10,4
0.0022604395144403,0.1956112156024795,0.7474819016407408,unsafe,freq_bus2,4
0.0022604395144403,0.1956112156024795,0.7474819016407408,unsafe,freq_bus4,4
0.0022604395144403,0.1956112156024795,0.7474819016407408,unsafe,severe_bus7,4
0.2921393569472305,0.0487188636732445,0.8921058538786519,unsafe,angle_bus7,3
0.2921393569472305,0.0487188636732445,0.7038508381631724,unsafe,angle_bus8,3
0.2921393569472305,0.0487188636732445,0.9770692834500868,unsafe,voltage_bus9,3
0.2921393569472305,0.0487188636732445,0.66999790124819,unsafe,voltage_bus10,3
0.2921393569472305,0.0487188636732445,0.6747838899731141,unsafe,freq_bus2,3
0.2921393569472305,0.0487188636732445,0.6748404629301994,unsafe,freq_bus4,3
0.2921393569472305,0.0487188636732445,0.9248923970984876,unsafe,severe_bus7,3
0.0955658580117267,0.0677276127821522,0.8882512787526479,unsafe,angle_bus7,2
0.0955658580117267,0.0677276127821522,0.8843279371501159,unsafe,angle_bus8,2
0.0955658580117267,0.0677276127821522,0.883864978865839,unsafe,voltage_bus9,2
0.0955658580117267,0.0677276127821522,0.88362041057533,unsafe,voltage_bus10,2
0.0955658580117267,0.0677276127821522,0.8895398761122258,unsafe,freq_bus2,2
0.0955658580117267,0.0677276127821522,0.8834157531938246,unsafe,freq_bus4,2
0.0955658580117267,0.0677276127821522,0.8882512787526479,unsafe,severe_bus7,2
0.1164547403187013,0.0802930197560509,0.7721163146453787,unsafe,angle_bus7,2
0.1164547403187013,0.0802930197560509,0.6468661072209462,unsafe,angle_bus8,2
0.1164547403187013,0.0802930197560509,0.9882343181002238,unsafe,voltage_bus9,2
0.1164547403187013,0.0802930197560509,0.6284129096505511,unsafe,voltage_bus10,2
0.1164547403187013,0.0802930197560509,0.7817841066153968,unsafe,freq_bus2,2
0.1164547403187013,0.0802930197560509,0.6277412553238415,unsafe,freq_bus4,2
0.1164547403187013,0.0802930197560509,0.903805585678716,unsafe,severe_bus7,2
0.0684571050793245,0.3831695104675754,0.7514436681225699,unsafe,angle_bus7,0
0.0684571050793245,0.3831695104675754,0.7514436681225699,unsafe,angle_bus8,0
0.0684571050793245,0.3831695104675754,0.7514436681225699,unsafe,voltage_bus9,0
0.0684571050793245,0.3831695104675754,0.7514436681225699,unsafe,voltage_bus10,0
0.0684571050793245,0.3831695104675754,0.7514436681225699,unsafe,freq_bus2,0
0.0684571050793245,0.3831695104675754,0.7514436681225699,unsafe,freq_bus4,0
0.0684571050793245,0.3831695104675754,0.7514436681225699,unsafe,severe_bus7,0
0.1881052864091571,0.2587007849466453,0.7822333374125489,unsafe,angle_bus7,2
0.1881052864091571,0.2587007849466453,0.6574131255237857,unsafe,angle_bus8,2
0.1881052864091571,0.2587007849466453,0.5965803459306265,safe,voltage_bus9,2
0.1881052864091571,0.2587007849466453,0.6396471700776883,unsafe,voltage_bus10,2
0.1881052864091571,0.2587007849466453,0.7918449802627892,unsafe,freq_bus2,2
0.1881052864091571,0.2587007849466453,0.6391895583310776,unsafe,freq_bus4,2
0.1881052864091571,0.2587007849466453,0.906893280503497,unsafe,severe_bus7,2
0.2729973489799775,0.0968763335861795,0.7575733020497835,unsafe,angle_bus7,5
0.2729973489799775,0.0968763335861795,0.7575733020497835,unsafe,angle_bus8,5
0.2729973489799775,0.0968763335861795,0.7575733020497835,unsafe,voltage_bus9,5
0.2729973489799775,0.0968763335861795,0.7575733020497835,unsafe,voltage_bus10,5
0.2729973489799775,0.0968763335861795,0.7575733020497835,unsafe,freq_bus2,5
0.2729973489799775,0.0968763335861795,0.7575733020497835,unsafe,freq_bus4,5
0.2729973489799775,0.0968763335861795,0.7575733020497835,unsafe,severe_bus7,5
0.2886024751639069,0.2280009179752489,0.7409264920915231,unsafe,angle_bus7,5
0.2886024751639069,0.2280009179752489,0.7409264920915231,unsafe,angle_bus8,5
0.2886024751639069,0.2280009179752489,0.7409264920915231,unsafe,voltage_bus9,5
0.2886024751639069,0.2280009179752489,0.7409264920915231,unsafe,voltage_bus10,5
0.2886024751639069,0.2280009179752489,0.7409264920915231,unsafe,freq_bus2,5
0.2886024751639069,0.2280009179752489,0.7409264920915231,unsafe,freq_bus4,5
0.2886024751639069,0.2280009179752489,0.7409264920915231,unsafe,severe_bus7,5
0.3054108422446166,0.1643125880404711,0.7550610955022482,unsafe,angle_bus7,3
0.3054108422446166,0.1643125880404711,0.7550610955022482,unsafe,angle_bus8,3
0.3054108422446166,0.1643125880404711,0.7550610955022482,unsafe,voltage_bus9,3
0.3054108422446166,0.1643125880404711,0.7550610955022482,unsafe,voltage_bus10,3
0.3054108422446166,0.1643125880404711,0.7550610955022482,unsafe,freq_bus2,3
0.3054108422446166,0.1643125880404711,0.7550610955022482,unsafe,freq_bus4,3
0.3054108422446166,0.1643125880404711,0.7550610955022482,unsafe,severe_bus7,3
0.2023500114258397,0.2836528167999941,0.7563578110769038,unsafe,angle_bus7,4
0.2023500114258397,0.2836528167999941,0.7563578110769038,unsafe,angle_bus8,4
0.2023500114258397,0.2836528167999941,0.7563578110769038,unsafe,voltage_bus9,4
0.2023500114258397,0.2836528167999941,0.7563578110769038,unsafe,voltage_bus10,4
0.2023500114258397,0.2836528167999941,0.7563578110769038,unsafe,freq_bus2,4
0.2023500114258397,0.2836528167999941,0.7563578110769038,unsafe,freq_bus4,4
0.2023500114258397,0.2836528167999941,0.7563578110769038,unsafe,severe_bus7,4
0.1478541532718047,0.1359147135627536,0.9068714498256564,unsafe,angle_bus7,5
0.1478541532718047,0.1359147135627536,0.9062031044923364,unsafe,angle_bus8,5
0.1478541532718047,0.1359147135627536,0.9171217479120388,unsafe,voltage_bus9,5
0.1478541532718047,0.1359147135627536,0.9062864489458736,unsafe,voltage_bus10,5
0.1478541532718047,0.1359147135627536,0.915848612384005,unsafe,freq_bus2,5
0.1478541532718047,0.1359147135627536,0.9113650077368928,unsafe,freq_bus4,5
0.1478541532718047,0.1359147135627536,0.9068714498256564,unsafe,severe_bus7,5
0.3133808348527311,0.2944296784765872,0.7549620008326903,unsafe,angle_bus7,5
0.3133808348527311,0.2944296784765872,0.7549620008326903,unsafe,angle_bus8,5
0.3133808348527311,0.2944296784765872,0.7549620008326903,unsafe,voltage_bus9,5
0.3133808348527311,0.2944296784765872,0.7549620008326903,unsafe,voltage_bus10,5
0.3133808348527311,0.2944296784765872,0.7549620008326903,unsafe,freq_bus2,5
0.3133808348527311,0.2944296784765872,0.7549620008326903,unsafe,freq_bus4,5
0.3133808348527311,0.2944296784765872,0.7549620008326903,unsafe,severe_bus7,5
0.1997728792686614,0.3090995213922436,0.9131649319894772,unsafe,angle_bus7,4
0.1997728792686614,0.3090995213922436,0.9544219220910276,unsafe,angle_bus8,4
0.1997728792686614,0.3090995213922436,0.9584795349529588,unsafe,voltage_bus9,4
0.1997728792686614,0.3090995213922436,0.9487492170289064,unsafe,voltage_bus10,4
0.1997728792686614,0.3090995213922436,0.9441477167943536,unsafe,freq_bus2,4
0.1997728792686614,0.3090995213922436,0.9342603364731236,unsafe,freq_bus4,4
0.1997728792686614,0.3090995213922436,0.9383430589742288,unsafe,severe_bus7,4
0.3730367962492227,0.3955384372442597,0.7417077578146984,unsafe,angle_bus7,5
0.3730367962492227,0.3955384372442597,0.7417077578146984,unsafe,angle_bus8,5
0.3730367962492227,0.3955384372442597,0.7417077578146984,unsafe,voltage_bus9,5
0.3730367962492227,0.3955384372442597,0.7417077578146984,unsafe,voltage_bus10,5
0.3730367962492227,0.3955384372442597,0.7417077578146984,unsafe,freq_bus2,5
0.3730367962492227,0.3955384372442597,0.7417077578146984,unsafe,freq_bus4,5
0.3730367962492227,0.3955384372442597,0.7417077578146984,unsafe,severe_bus7,5
0.3888199409787949,0.2703810233545048,0.5410237229362967,safe,angle_bus7,3
0.3888199409787949,0.2703810233545048,0.5410237229362967,safe,angle_bus8,3
0.3888199409787949,0.2703810233545048,0.5410237229362967,safe,voltage_bus9,3
0.3888199409787949,0.2703810233545048,0.5410237229362967,safe,voltage_bus10,3
0.3888199409787949,0.2703810233545048,0.5410237229362967,safe,freq_bus2,3
0.3888199409787949,0.2703810233545048,0.5410237229362967,safe,freq_bus4,3
0.3888199409787949,0.2703810233545048,0.5410237229362967,safe,severe_bus7,3
0.04283109810841,0.1255063849785621,0.7586482857119008,unsafe,angle_bus7,1
0.04283109810841,0.1255063849785621,0.7586482857119008,unsafe,angle_bus8,1
0.04283109810841,0.1255063849785621,0.7586482857119008,unsafe,voltage_bus9,1
0.04283109810841,0.1255063849785621,0.7586482857119008,unsafe,voltage_bus10,1
0.04283109810841,0.1255063849785621,0.7586482857119008,unsafe,freq_bus2,1
0.04283109810841,0.1255063849785621,0.7586482857119008,unsafe,freq_bus4,1
0.04283109810841,0.1255063849785621,0.7586482857119008,unsafe,severe_bus7,1
0.2469404337584934,0.154207804310581,0.9128311519934008,unsafe,angle_bus7,3
0.2469404337584934,0.154207804310581,0.7561104076749803,unsafe,angle_bus8,3
0.2469404337584934,0.154207804310581,0.9693592074749944,unsafe,voltage_bus9,3
0.2469404337584934,0.154207804310581,0.8150670574433873,unsafe,voltage_bus10,3
0.2469404337584934,0.154207804310581,0.9531090816153682,unsafe,freq_bus2,3
0.2469404337584934,0.154207804310581,0.81580588562031,unsafe,freq_bus4,3
0.2469404337584934,0.154207804310581,0.9422649732721016,unsafe,severe_bus7,3
0.1237269115929755,0.0141590203108726,0.7570588258247409,unsafe,angle_bus7,1
0.1237269115929755,0.0141590203108726,0.7570588258247409,unsafe,angle_bus8,1
0.1237269115929755,0.0141590203108726,0.7570588258247409,unsafe,voltage_bus9,1
0.1237269115929755,0.0141590203108726,0.7570588258247409,unsafe,voltage_bus10,1
0.1237269115929755,0.0141590203108726,0.7570588258247409,unsafe,freq_bus2,1
0.1237269115929755,0.0141590203108726,0.7570588258247409,unsafe,freq_bus4,1
0.1237269115929755,0.0141590203108726,0.7570588258247409,unsafe,severe_bus7,1
0.1767013878766721,0.0285547581113395,0.6134378106236205,unsafe,angle_bus7,1
0.1767013878766721,0.0285547581113395,0.6134378106236205,unsafe,angle_bus8,1
0.1767013878766721,0.0285547581113395,0.6134378106236205,unsafe,voltage_bus9,1
0.1767013878766721,0.0285547581113395,0.6134378106236205,unsafe,voltage_bus10,1
0.1767013878766721,0.0285547581113395,0.6134378106236205,unsafe,freq_bus2,1
0.1767013878766721,0.0285547581113395,0.6134378106236205,unsafe,freq_bus4,1
0.1767013878766721,0.0285547581113395,0.6134378106236205,unsafe,severe_bus7,1
0.1365313019546516,0.2340908450851858,0.7613739596007938,unsafe,angle_bus7,0
0.1365313019546516,0.2340908450851858,0.7613739596007938,unsafe,angle_bus8,0
0.1365313019546516,0.2340908450851858,0.7613739596007938,unsafe,voltage_bus9,0
0.1365313019546516,0.2340908450851858,0.7613739596007938,unsafe,voltage_bus10,0
0.1365313019546516,0.2340908450851858,0.7613739596007938,unsafe,freq_bus2,0
0.1365313019546516,0.2340908450851858,0.7613739596007938,unsafe,freq_bus4,0
0.1365313019546516,0.2340908450851858,0.7613739596007938,unsafe,severe_bus7,0
0.2351334166916184,0.0050929300564547,0.6581493938187506,unsafe,angle_bus7,5
0.2351334166916184,0.0050929300564547,0.5941204355299877,safe,angle_bus8,5
0.2351334166916184,0.0050929300564547,0.5918946407207091,safe,voltage_bus9,5
0.2351334166916184,0.0050929300564547,0.5744207332743188,safe,voltage_bus10,5
0.2351334166916184,0.0050929300564547,0.6581541587428134,unsafe,freq_bus2,5
0.2351334166916184,0.0050929300564547,0.5740166737223489,safe,freq_bus4,5
0.2351334166916184,0.0050929300564547,0.88962341095462,unsafe,severe_bus7,5
0.3447932759752846,0.0356108853969495,0.7654510877966385,unsafe,angle_bus7,1
0.3447932759752846,0.0356108853969495,0.7654510877966385,unsafe,angle_bus8,1
0.3447932759752846,0.0356108853969495,0.7654510877966385,unsafe,voltage_bus9,1
0.3447932759752846,0.0356108853969495,0.7654510877966385,unsafe,voltage_bus10,1
0.3447932759752846,0.0356108853969495,0.7654510877966385,unsafe,freq_bus2,1
0.3447932759752846,0.0356108853969495,0.7654510877966385,unsafe,freq_bus4,1
0.3447932759752846,0.0356108853969495,0.7654510877966385,unsafe,severe_bus7,1
0.1689142425886456,0.1732775990696019,0.5769492301495096,safe,angle_bus7,2
0.1689142425886456,0.1732775990696019,0.537816506501792,safe,angle_bus8,2
0.1689142425886456,0.1732775990696019,0.5343223599675462,safe,voltage_bus9,2
0.1689142425886456,0.1732775990696019,0.5323226011399219,safe,voltage_bus10,2
0.1689142425886456,0.1732775990696019,0.5748987436463472,safe,freq_bus2,2
0.1689142425886456,0.1732775990696019,0.5319086381322068,safe,freq_bus4,2
0.1689142425886456,0.1732775990696019,0.6659250971970034,unsafe,severe_bus7,2
0.1508398815486239,0.0776978600910512,0.5067417949337409,safe,angle_bus7,2
0.1508398815486239,0.0776978600910512,0.4823351961761692,safe,angle_bus8,2
0.1508398815486239,0.0776978600910512,0.4816545370468048,safe,voltage_bus9,2
0.1508398815486239,0.0776978600910512,0.4828018866948381,safe,voltage_bus10,2
0.1508398815486239,0.0776978600910512,0.5036376927296226,safe,freq_bus2,2
0.1508398815486239,0.0776978600910512,0.4813515339495154,safe,freq_bus4,2
0.1508398815486239,0.0776978600910512,0.5532810260464441,safe,severe_bus7,2
0.0368286110717728,0.3304710060493026,0.8226686422664349,unsafe,angle_bus7,4
0.0368286110717728,0.3304710060493026,0.7012540827361105,unsafe,angle_bus8,4
0.0368286110717728,0.3304710060493026,0.6082915171781493,unsafe,voltage_bus9,4
0.0368286110717728,0.3304710060493026,0.6813317421209552,unsafe,voltage_bus10,4
0.0368286110717728,0.3304710060493026,0.8430151042931826,unsafe,freq_bus2,4
0.0368286110717728,0.3304710060493026,0.6803705863259528,unsafe,freq_bus4,4
0.0368286110717728,0.3304710060493026,0.912231443313612,unsafe,severe_bus7,4
0.0795508938060767,0.2056490293999696,0.616269028149491,unsafe,angle_bus7,2
0.0795508938060767,0.2056490293999696,0.5691235479988084,safe,angle_bus8,2
0.0795508938060767,0.2056490293999696,0.5638811794314053,safe,voltage_bus9,2
0.0795508938060767,0.2056490293999696,0.5583128140245253,safe,voltage_bus10,2
0.0795508938060767,0.2056490293999696,0.6135569459083895,unsafe,freq_bus2,2
0.0795508938060767,0.2056490293999696,0.5579173385763382,safe,freq_bus4,2
0.0795508938060767,0.2056490293999696,0.7568475028424162,unsafe,severe_bus7,2
0.2548114163961355,0.2668407094816921,0.9131104542092168,unsafe,angle_bus7,4
0.2548114163961355,0.2668407094816921,0.9561492850729288,unsafe,angle_bus8,4
0.2548114163961355,0.2668407094816921,0.9603450822834976,unsafe,voltage_bus9,4
0.2548114163961355,0.2668407094816921,0.9204134562631132,unsafe,voltage_bus10,4
0.2548114163961355,0.2668407094816921,0.9415747924525936,unsafe,freq_bus2,4
0.2548114163961355,0.2668407094816921,0.9102334469980184,unsafe,freq_bus4,4
0.2548114163961355,0.2668407094816921,0.9361417344473906,unsafe,severe_bus7,4
0.3573753948407713,0.3506318684946622,0.7565230542783794,unsafe,angle_bus7,3
0.3573753948407713,0.3506318684946622,0.7565230542783794,unsafe,angle_bus8,3
0.3573753948407713,0.3506318684946622,0.7565230542783794,unsafe,voltage_bus9,3
0.3573753948407713,0.3506318684946622,0.7565230542783794,unsafe,voltage_bus10,3
0.3573753948407713,0.3506318684946622,0.7565230542783794,unsafe,freq_bus2,3
0.3573753948407713,0.3506318684946622,0.7565230542783794,unsafe,freq_bus4,3
0.3573753948407713,0.3506318684946622,0.7565230542783794,unsafe,severe_bus7,3
0.3385610249744875,0.319860637122918,0.8912468036569623,unsafe,angle_bus7,3
0.3385610249744875,0.319860637122918,0.8892822411251006,unsafe,angle_bus8,3
0.3385610249744875,0.319860637122918,0.8889143618201736,unsafe,voltage_bus9,3
0.3385610249744875,0.319860637122918,0.8838090043423334,unsafe,voltage_bus10,3
0.3385610249744875,0.319860637122918,0.8956499384118762,unsafe,freq_bus2,3
0.3385610249744875,0.319860637122918,0.8825552021076861,unsafe,freq_bus4,3
0.3385610249744875,0.319860637122918,0.8912468036569623,unsafe,severe_bus7,3
0.0230573756435711,0.364188833907791,0.7638932264123238,unsafe,angle_bus7,4
0.0230573756435711,0.364188833907791,0.6818899726723711,unsafe,angle_bus8,4
0.0230573756435711,0.364188833907791,0.9824211458813306,unsafe,voltage_bus9,4
0.0230573756435711,0.364188833907791,0.6614875856302037,unsafe,voltage_bus10,4
0.0230573756435711,0.364188833907791,0.7756519354514261,unsafe,freq_bus2,4
0.0230573756435711,0.364188833907791,0.6605578996419547,unsafe,freq_bus4,4
0.0230573756435711,0.364188833907791,0.9016674788165752,unsafe,severe_bus7,4
0.3687624619634966,0.0507243744899349,0.7543955364232116,unsafe,angle_bus7,3
0.3687624619634966,0.0507243744899349,0.7543955364232116,unsafe,angle_bus8,3
0.3687624619634966,0.0507243744899349,0.7543955364232116,unsafe,voltage_bus9,3
0.3687624619634966,0.0507243744899349,0.7543955364232116,unsafe,voltage_bus10,3
0.3687624619634966,0.0507243744899349,0.7543955364232116,unsafe,freq_bus2,3
0.3687624619634966,0.0507243744899349,0.7543955364232116,unsafe,freq_bus4,3
0.3687624619634966,0.0507243744899349,0.7543955364232116,unsafe,severe_bus7,3
0.3271355377311795,0.1407519157068797,0.9138825705050267,unsafe,angle_bus7,3
0.3271355377311795,0.1407519157068797,0.9306118762352842,unsafe,angle_bus8,3
0.3271355377311795,0.1407519157068797,0.9439088258921782,unsafe,voltage_bus9,3
0.3271355377311795,0.1407519157068797,0.9248304225444558,unsafe,voltage_bus10,3
0.3271355377311795,0.1407519157068797,0.9417828837732536,unsafe,freq_bus2,3
0.3271355377311795,0.1407519157068797,0.9358967059079766,unsafe,freq_bus4,3
0.3271355377311795,0.1407519157068797,0.9232778048040782,unsafe,severe_bus7,3
0.1058088568068369,0.3203376808785682,0.757688589705219,unsafe,angle_bus7,0
0.1058088568068369,0.3203376808785682,0.757688589705219,unsafe,angle_bus8,0
0.1058088568068369,0.3203376808785682,0.757688589705219,unsafe,voltage_bus9,0
0.1058088568068369,0.3203376808785682,0.757688589705219,unsafe,voltage_bus10,0
0.1058088568068369,0.3203376808785682,0.757688589705219,unsafe,freq_bus2,0
0.1058088568068369,0.3203376808785682,0.757688589705219,unsafe,freq_bus4,0
0.1058088568068369,0.3203376808785682,0.757688589705219,unsafe,severe_bus7,0
0.2198216321602301,0.1189085600323426,0.7639590812437298,unsafe,angle_bus7,1
0.2198216321602301,0.1189085600323426,0.7639590812437298,unsafe,angle_bus8,1
0.2198216321602301,0.1189085600323426,0.7639590812437298,unsafe,voltage_bus9,1
0.2198216321602301,0.1189085600323426,0.7639590812437298,unsafe,voltage_bus10,1
0.2198216321602301,0.1189085600323426,0.7639590812437298,unsafe,freq_bus2,1
0.2198216321602301,0.1189085600323426,0.7639590812437298,unsafe,freq_bus4,1
0.2198216321602301,0.1189085600323426,0.7639590812437298,unsafe,severe_bus7,1
0.0813226104622398,0.1839689284266127,0.702651508019994,unsafe,angle_bus7,1
0.0813226104622398,0.1839689284266127,0.702651508019994,unsafe,angle_bus8,1
0.0813226104622398,0.1839689284266127,0.702651508019994,unsafe,voltage_bus9,1
0.0813226104622398,0.1839689284266127,0.702651508019994,unsafe,voltage_bus10,1
0.0813226104622398,0.1839689284266127,0.702651508019994,unsafe,freq_bus2,1
0.0813226104622398,0.1839689284266127,0.702651508019994,unsafe,freq_bus4,1
0.0813226104622398,0.1839689284266127,0.702651508019994,unsafe,severe_bus7,1
0.225461031179237,0.3475216043704864,0.756097014760127,unsafe,angle_bus7,0
0.225461031179237,0.3475216043704864,0.756097014760127,unsafe,angle_bus8,0
0.225461031179237,0.3475216043704864,0.756097014760127,unsafe,voltage_bus9,0
0.225461031179237,0.3475216043704864,0.756097014760127,unsafe,voltage_bus10,0
0.225461031179237,0.3475216043704864,0.756097014760127,unsafe,freq_bus2,0
0.225461031179237,0.3475216043704864,0.756097014760127,unsafe,freq_bus4,0
0.225461031179237,0.3475216043704864,0.756097014760127,unsafe,severe_bus7,0
0.0540556633624354,0.218538267558073,0.7453329258053794,unsafe,angle_bus7,2
0.0540556633624354,0.218538267558073,0.7453329258053794,unsafe,angle_bus8,2
0.0540556633624354,0.218538267558073,0.7453329258053794,unsafe,voltage_bus9,2
0.0540556633624354,0.218538267558073,0.7453329258053794,unsafe,voltage_bus10,2
0.0540556633624354,0.218538267558073,0.7453329258053794,unsafe,freq_bus2,2
0.0540556633624354,0.218538267558073,0.7453329258053794,unsafe,freq_bus4,2
0.0540556633624354,0.218538267558073,0.7453329258053794,unsafe,severe_bus7,2
0.3971527991766206,0.3784638660480794,0.7264403869581304,unsafe,angle_bus7,3
0.3971527991766206,0.3784638660480794,0.7264403869581304,unsafe,angle_bus8,3
0.3971527991766206,0.3784638660480794,0.7264403869581304,unsafe,voltage_bus9,3
0.3971527991766206,0.3784638660480794,0.7264403869581304,unsafe,voltage_bus10,3
0.3971527991766206,0.3784638660480794,0.7264403869581304,unsafe,freq_bus2,3
0.3971527991766206,0.3784638660480794,0.7264403869581304,unsafe,freq_bus4,3
0.3971527991766206,0.3784638660480794,0.7264403869581304,unsafe,severe_bus7,3
0.0140885618388902,0.2431928547320049,0.7521464222630716,unsafe,angle_bus7,2
0.0140885618388902,0.2431928547320049,0.7521464222630716,unsafe,angle_bus8,2
0.0140885618388902,0.2431928547320049,0.7521464222630716,unsafe,voltage_bus9,2
0.0140885618388902,0.2431928547320049,0.7521464222630716,unsafe,voltage_bus10,2
0.0140885618388902,0.2431928547320049,0.7521464222630716,unsafe,freq_bus2,2
0.0140885618388902,0.2431928547320049,0.7521464222630716,unsafe,freq_bus4,2
0.0140885618388902,0.2431928547320049,0.7521464222630716,unsafe,severe_bus7,2
