mode_id,wind_area1_pct,wind_area2_pct,solar_area1_pct,solar_area2_pct,load_area1,load_area2,gen_dispatch_bias,total_re_pct,max_severity,worst_fault,f_angle_max,f_freq_max,f_voltage_max
0,0.2469680586019254,0.2567481620803306,0.2571414020800885,0.2403026319709406,1.0763587339781684,0.7900365664725448,-0.0967611397019903,0.5005801273666426,0.6667105716355652,severe_combined,0.5655533755487041,0.5384493138162014,0.9972862216286515
1,0.1048606320424935,0.3800390693008068,0.1491068788786778,0.2832216165029262,0.900708041938222,0.9497999184944094,-0.0770438037657872,0.4586140983624522,0.8848200644803392,severe_combined,1.0,0.593822468515441,0.9974304316654832
2,0.0317942806772432,0.24575593472901,0.1892552378440921,0.0630324902675657,1.0280112619627926,0.8089443104409476,0.0805304441887241,0.2649189717589556,0.8928782140970061,severe_combined,1.0,0.5739888579716705,0.9975239984163536
3,0.3330807048545543,0.2771601046595527,0.106524295073774,0.1297730906509491,0.7649952790079761,0.8763442721216914,-0.0558326781960578,0.4232690976194151,0.8812141491094583,severe_combined,1.0,0.5273582553877496,0.9974983410500832
4,0.1723996465306636,0.2449168444781573,0.1901677401986048,0.2561952356425032,0.7264187824314547,0.8210675078441045,-0.0216824955039749,0.4318397334249645,0.6843325262828422,severe_combined,0.5847509600637819,0.570510705272504,0.9973174797313012
5,0.2931469966885209,0.2357334557300332,0.263992637730249,0.2372130756224978,0.8970027237151119,1.0979422519320603,0.069219270968978,0.5150430828856505,0.9202760078083456,angle_dominated_v2,1.0,0.6847611906109812,1.0
6,0.3589800015234453,0.2818203755733325,0.103446420599342,0.2034407928392546,0.731044074852906,0.930953773248148,-0.0014367173892323,0.4738437952676873,0.9019406731851642,angle_dominated,1.0,0.6107465294872654,0.997492420118778
7,0.1577841113136975,0.1552572904635449,0.0982161017908935,0.2653356864596726,1.0143904197078395,0.8397789694230009,-0.0881669729199077,0.3382965950139043,0.6174619554214525,severe_combined,0.4953148575362484,0.4819527549932516,0.9972653516200616
8,0.0571759921305059,0.1933841364472673,0.1300914193092924,0.1533002928661892,0.7296011950578106,0.7015462354339783,-0.0087787509039657,0.2669759203766275,0.6237867899609272,severe_combined,0.516685901513029,0.4645086806092244,0.9972666762084264
9,0.168377479747788,0.1540675179971416,0.1527277584381548,0.0969036090378465,0.8936460964051842,0.8163163355652495,0.0817976366352047,0.2860381826104655,0.9010437970695928,severe_combined,1.0,0.6066821000307385,0.9974930882476326
10,0.3298302548790634,0.3205545360414497,0.1703501533984451,0.0409155556788601,0.823876288896744,0.782437578739207,0.0125060091807554,0.4308252499989091,0.882905962064946,severe_combined,1.0,0.5341261781985907,0.9974976700611934
11,0.0648935183835562,0.1398073010815119,0.0958965970322774,0.0744123554278222,1.1497441105471946,0.8771123198224348,0.0154189388602996,0.1875048859625839,0.8895924778439973,severe_combined,1.0,0.5607923318904753,0.997577579485514
12,0.3915375069272869,0.0098787793446914,0.2799771961289703,0.0300414407867585,0.9047765448445856,1.0873258971591246,-0.1390827299999224,0.3557174615938536,1.0,angle_dominated,1.0,1.0,1.0
13,0.2606844555588825,0.0433457240075273,0.216062173545025,0.0124282719476239,0.8777897658984145,0.8045995365053621,0.0636684310026574,0.2662603125295293,0.9009473611496908,severe_combined,1.0,0.8627084077938036,0.997507038171807
14,0.0033057701300379,0.0620814513862599,0.2599783879201196,0.1121737080758056,1.1276557588422402,1.032789626366502,0.1204459638564609,0.2187696587561116,0.9533792510361384,voltage_dominated,1.0,0.8135170041445541,1.0
15,0.0222438148095697,0.057396134139907,0.2137090821618598,0.1224849428707682,0.8901160523641485,0.8635959346449265,-0.098164607817582,0.2079169869910524,0.8912239286788308,severe_combined,1.0,0.5674707006984967,0.9974250140168268
16,0.1919401191741435,0.1287532039199959,0.0010076244359441,0.146108322733745,0.7978770879708145,0.973163811263682,-0.0288934466396978,0.2339046351319143,0.8835689778028164,severe_combined,1.0,0.5366774282335633,0.9975984829777024
17,0.2543167193121028,0.3120842491326216,0.2937590294249943,0.2748772420675884,1.1097533309918126,1.0372700735250633,0.0568207316918422,0.5675186199686537,0.8875318378433737,severe_combined,1.0,0.5526184316507283,0.9975089197227666
18,0.1218674896113055,0.2281672506122167,0.1998035653342854,0.0476896763270999,1.003333892742638,0.7075422603609085,0.0294992588137976,0.2987639909424538,0.9122679740029412,severe_combined,1.0,0.6516532375299349,0.9974186584818302
19,0.2691414699965983,0.2786480849497224,0.1727703439700011,0.0988681777822134,0.9599835119895808,0.7583172512430572,0.0284936700683793,0.4097140383492677,0.9009474021850596,severe_combined,1.0,0.6063445214758261,0.9974450872644122
20,0.0377409834191428,0.3992251778543721,0.0648002243483399,0.1161958754738177,0.8159268893055762,0.7123915239941266,0.0088689422484426,0.3089811305478363,0.9563232572583708,severe_combined,1.0,0.8278943769347009,0.9973986520987824
21,0.2916180716974906,0.1307669220942506,0.1799751405086137,0.0974448019576731,0.8655490373324783,0.9248411538943738,-0.0381403395970639,0.349902468129014,0.8840192375100667,severe_combined,1.0,0.538472287899264,0.9976046621410029
22,0.1647745142409116,0.3027116907838091,0.1234039574467656,0.2010669767783997,0.7947934586265805,1.000798927597667,0.1182152365507478,0.395978569624943,0.9989616804700104,freq_dominated_v2,1.0,1.0,0.9975213249670736
23,0.2586428842880307,0.1691878080043123,0.1271705713851172,0.2042031829116748,0.8511510388870502,1.0997038456141013,0.0043939841792999,0.3796022232945676,0.9450904413253154,voltage_dominated,1.0,0.7803617653012616,1.0
24,0.1473948041572316,0.2130028805827315,0.1967633376370024,0.1092539857197565,0.811275146854864,0.7253420828802187,0.1109334411430447,0.333207504048361,0.7869300579164719,severe_combined,0.7097929576899153,0.730743831747457,0.9973904845385996
25,0.2845407551149914,0.0558051023410764,0.2551753358095436,0.0716896653260759,0.8362841921005433,1.0691185442912687,-0.0271655317227352,0.3336054292958437,0.9988805960931426,voltage_dominated_v2,1.0,1.0,0.996849090037479
26,0.094287039890216,0.3691285154730773,0.0138845099363346,0.2489788519836635,0.9084169068862537,0.7012380377935962,-0.1290533819326271,0.3631394586416457,0.5721241488731785,severe_combined,0.4377187639783272,0.4158679990334377,0.9971910685026218
27,0.097878474911852,0.0337590472976006,0.2066063695431679,0.0936820089030479,0.9857432106444666,0.854687492586648,-0.1408511316268222,0.2159629503278343,0.8901486097924537,severe_combined,1.0,0.6319358579162611,0.9974292985668706
28,0.2599420332506496,0.3890913354538713,0.1677632551288956,0.1627506124241678,0.8791431510223857,0.8118756063614452,-0.0510492541199276,0.4897736181287921,0.8898820191843236,severe_combined,1.0,0.5940005934111952,0.9974368154081152
29,0.192208566731203,0.2534631291414299,0.0020204293194134,0.2411979741197264,0.883330783688843,0.9405362750860068,-0.0957789963545781,0.3444450496558863,0.8877023690514703,severe_combined,1.0,0.6932883842711917,0.9974456040537124
30,0.2278205970554491,0.2379519092854032,0.1214857771298096,0.1211424278558774,0.9288058009516096,0.9619223657558492,0.0923604367287629,0.3542003556632697,0.9849998057781738,voltage_dominated,1.0,0.9446279699394786,0.997539472550668
31,0.3169780489099989,0.031813642118728,0.1985221227259762,0.1695831106314051,0.9741511450892066,1.1254487322848272,-0.1343663924498262,0.3584484621930541,0.9475344268259898,voltage_dominated,1.0,0.9479064931830125,1.0
32,0.0622300059141166,0.1434940478936974,0.000314256654544,0.0917031235254287,1.022576713109927,0.7586254779706927,-0.1314809104283,0.1488707169938934,0.9512642134661856,severe_combined,0.9053624748803792,0.9969675688195564,0.9973643352844276
33,0.1822288517266604,0.0712860869468933,0.0031514395112263,0.0813474126594399,0.9177934122580792,0.9947009165859012,0.0093670823707323,0.16900689542211,0.9936908772719322,voltage_dominated_v2,1.0,0.9786211125260174,1.0
34,0.2156157925144233,0.1496868091169196,0.0277975954068742,0.2313052018711815,0.8427089213975111,0.7043018457440476,0.1173856202594581,0.3122026994546994,0.654162968189572,severe_combined,0.4862851731577212,0.6565261110221279,0.9972509171582248
35,0.0098451123999678,0.1277716115945429,0.0544350493885275,0.0734275694859661,0.913801022270528,0.9602160523367302,0.1112360766099933,0.1327396714345022,0.9692744398748636,voltage_dominated_v2,1.0,0.8809649624773002,1.0
36,0.2036392867454531,0.1061810773096372,0.2776855600197957,0.159842388351375,1.0882783249411867,0.7750958088049363,0.1395620959628012,0.3736741562131306,0.705116671540134,severe_combined,0.6234197806868534,0.5762788246176314,0.997348300169198
37,0.0474889069029634,0.0750270857217635,0.0074470069347471,0.2050638600131615,1.0978295477591358,0.9797809456538132,0.0136236405265191,0.1675134297863178,0.8966200220485292,severe_combined,1.0,0.7880515316063885,0.997493675727272
38,0.239215656000041,0.1510852048465261,0.2979876973141114,0.2965456820381582,0.9252619007332056,1.0775569614619838,0.0985414519182014,0.4924171200994184,0.8998605422654467,severe_combined,1.0,0.8703873176473067,0.9975241589565672
39,0.1074102478305761,0.0515974301447433,0.0390815581044844,0.1422187059645684,0.8348341173835058,1.0465044480132435,0.1351207999756922,0.1701539710221862,0.9565808655492029,voltage_dominated,1.0,0.826323462196811,1.0
40,0.1289547887495146,0.133550804560452,0.1298935804681286,0.0850008952695257,1.0305014728958402,0.8625248124766618,-0.1220904407269841,0.2387000345238105,0.8885847256777257,severe_combined,1.0,0.5568129505611488,0.997525952149754
41,0.3894706221348045,0.130628000662394,0.2837591719419588,0.0518569781248333,0.9193348480889616,0.9037026936591804,-0.1279106382271309,0.4278573864319953,0.9138174236281936,freq_dominated,1.0,0.655269694512775,1.0
42,0.1804583079475633,0.0159517830526737,0.2999945701658713,0.2459483420829855,1.0080911122335283,0.7107977772837109,0.0367614471793726,0.3711765016245469,0.5864787140518967,severe_combined,0.3756762214500611,0.6047963175903668,0.9971709382666206
43,0.0826131316006039,0.1783976238523746,0.1618750763206943,0.181495469009807,0.8203822178075066,1.0605549822331353,-0.1418511310997619,0.3021906503917399,0.9463257275829032,voltage_dominated,1.0,0.7853029103316125,1.0
44,0.1384597160100785,0.3336871718774198,0.2928069585091311,0.2637292412486821,0.848935142954078,0.733029692822652,0.0963884563940229,0.5143415438226557,0.6751304053034168,severe_combined,0.5533431031591092,0.6026108334643361,0.9972863357846478
45,0.1025939995800116,0.1805115880400966,0.1599576494484198,0.2191158542886331,1.070935632572349,0.956240308230366,0.0199082789941758,0.3310895456785806,0.8965758260180854,severe_combined,1.0,0.8357463867364388,0.997497133195939
46,0.3290886223614929,0.1413599637605944,0.2225414393575415,0.1082159190516585,0.8640453874868383,0.894141380275062,-0.030145130254665,0.4006029722656438,0.8872643107059787,severe_combined,1.0,0.5515065447440435,0.9975506980798712
47,0.086243945451577,0.0839519202209635,0.1645815999558431,0.2595258673249098,1.0296616106976937,1.053141313100317,0.0244342280995681,0.2971516664766467,0.8995720070185672,severe_combined,1.0,0.8719236538846609,0.9975032088025384
48,0.0897306637585195,0.2044694020237317,0.0203475669434789,0.2896837858481759,0.9988188516670208,1.0651762834246004,0.1025685818048201,0.3021157092869531,0.9483829533618856,angle_dominated,1.0,1.0,0.9975298182820168
49,0.1966396331803459,0.1162668394523148,0.2406855493082557,0.1631626176376549,1.1042587875302237,1.127326214913497,-0.0810720591470729,0.3583773197892858,0.953514066652005,voltage_dominated,1.0,0.8140562666080413,1.0
50,0.256210675718614,0.0252592427774575,0.1427193885638663,0.0006658699594984,0.8587405083322126,0.8570291599452969,0.1382573074332748,0.2124275885097181,0.8994163777151876,severe_combined,1.0,0.6000644699256377,0.9976010409351124
51,0.3115134408518957,0.2893887610921321,0.2080045355274163,0.0782278951086454,0.7340335577351188,0.8024685024262508,-0.053705406365484,0.4435673162900447,0.89468099431425,angle_dominated,1.0,0.5817214688107164,0.997480289215146
52,0.1461432363788774,0.0945599342884717,0.2392446698272052,0.0675662209726774,0.9662960095987144,0.7447739905392801,-0.0401809266522308,0.2737570307336159,0.8305523636003547,severe_combined,0.7695747576876684,0.7856949823935153,0.9973649566325667
53,0.1852211795539241,0.2223417767279257,0.1551564116152374,0.2863624112995215,0.8280262764247985,0.914994695116973,0.0262370969809604,0.4245408895983044,0.8325773033251216,severe_combined,0.7645062588733766,0.8039119207539898,0.9973847747997432
54,0.1279225220243714,0.3021778554867565,0.0854604725647383,0.2666615435167027,0.9012332816900692,0.8057761412371189,0.1222313724105406,0.3911111967962845,0.7106033123872952,severe_combined,0.6336863130963637,0.5777008665827346,0.997339756773719
55,0.0415306459774917,0.0126602780227953,0.2090904477561286,0.238412876059463,0.9792245885517494,1.0339891138066126,-0.0724988169585314,0.2508471239079394,0.8935503444595515,severe_combined,1.0,0.6564405912176561,0.997447331200592
56,0.2752914519453272,0.0171933603788052,0.1506014474932984,0.2200826623274483,0.8820537516394529,0.8737337401263445,-0.0203388556356096,0.3315844610724396,0.6522847817169795,severe_combined,0.5358880104176887,0.5400667267700499,0.9972963792624908
57,0.3197445293204497,0.2893002358242686,0.2680725395414959,0.1275517926717431,1.0025386973913688,0.8251022842126634,0.0329926855437069,0.5023345486789788,0.8970666090936359,freq_dominated,1.0,0.8892019179076236,0.9974847919362267
58,0.0761288961707146,0.2030390720710422,0.0260367887764506,0.2752179948292618,0.9311997978426072,0.8438288438932244,0.0642675864970062,0.2902113759237346,0.6768489682613761,severe_combined,0.5876498074496633,0.5347779060983129,0.9973183520478648
59,0.0147670644437068,0.0389032225458434,0.2529630292727988,0.2246272976586932,0.8019269522915292,0.968336076563328,0.0313246943713325,0.2656303069605211,0.910163446660836,severe_combined,1.0,0.6432232806213669,0.9974305060219768
60,0.2645041363021663,0.1041891662605002,0.1979954998750603,0.0574853706578836,0.8759840689009534,0.8814555890663069,0.0465986444424466,0.3120870865478052,0.8918347475785849,severe_combined,1.0,0.5697459164608425,0.9975930738534972
61,0.078805820158155,0.0017711829215255,0.0357623416366394,0.056147218870368,0.7894779528648856,0.9102199829932838,0.025701056348881,0.086243281793344,0.8940494396083705,severe_combined,1.0,0.5786211662390954,0.9975765921943864
62,0.3045462396654891,0.1634707465763362,0.2857251749492449,0.0581134424378281,0.9727186094770908,0.9083727826131462,0.0976580730614543,0.4059278018144492,0.9524921123436152,voltage_dominated,1.0,0.809968449374491,1.0
63,0.2693365599503161,0.1230654919865058,0.2704047871595866,0.2806076309070782,0.9266270518595716,0.8537546251058044,0.1048656330866869,0.4717072350017434,0.6506630583339925,severe_combined,0.5557930571834553,0.493766974784009,0.9972991441850504
64,0.1421794953824011,0.0372437777748696,0.1867980209623112,0.041982331219,0.9753200801252496,0.9195481896025722,-0.0633432924623789,0.204101812669291,0.9327249618935164,freq_dominated,1.0,0.857790572766632,1.0
65,0.0703448372511644,0.1449033435371084,0.1698445584359166,0.0181256856347091,0.9815751296001248,0.7711577659083784,-0.0057919744251413,0.2016092124294493,0.8922941859284658,severe_combined,1.0,0.8361653528561277,0.9974981301233564
66,0.3964024136991868,0.1757239726113002,0.2446979284312163,0.2286058742228219,0.7203750855503962,0.7059975089384878,0.1148879296290012,0.5227150944822626,0.6559142143853023,severe_combined,0.502122614833782,0.6316690786436681,0.9972583662420498
67,0.2742256856772602,0.2854261538432145,0.068951430710153,0.0385392303947604,0.7574326629376048,0.8377743189826637,0.0239526259799945,0.3335712503126941,0.9397764547145372,voltage_dominated_v2,1.0,0.7629919654274886,0.997512687333068
68,0.1716778147883479,0.0659077172660924,0.0444098046172338,0.1771505646669102,0.8739928879106321,0.8577199458109864,-0.0486191190864269,0.2295729506692922,0.8371142055885662,severe_combined,0.777569288798489,0.7959578198500452,0.997360424907242
69,0.1331163420185267,0.268302750149153,0.1221445084582094,0.1997457365162458,0.7001218094786459,0.780318313854552,-0.0036034244543333,0.3616546685710675,0.749536877405448,severe_combined,0.6664152812197061,0.6679650472951373,0.9973518998872428
70,0.2021146318749477,0.1702431524875153,0.1369218916069196,0.1889701652299003,0.7354802820168892,1.1229714487782738,0.1498345122424182,0.3491249205996415,0.9464870294160496,voltage_dominated,1.0,0.7859481176641978,1.0
71,0.0270330889055321,0.1363892116857552,0.2472614196135426,0.21168284682887,0.9701649708143234,0.7636092541779573,-0.0701260263417466,0.31118328351685,0.5890840459325427,severe_combined,0.4650969978041319,0.4289064086804899,0.997235779441417
72,0.1733425538907593,0.3405538148878211,0.1348730900244814,0.1431026978002459,1.0931794295498083,0.7966956993803329,-0.0346217920298607,0.3959360783016539,0.8905304846087592,severe_combined,1.0,0.5646840043967813,0.9974379340382556
73,0.0632057149670857,0.2090249592804175,0.0501261115020962,0.1247463354934381,0.9765838448001468,0.8191696887398655,0.0356038334999407,0.2235515606215188,0.8965629906003308,severe_combined,1.0,0.5887808778097359,0.9974710845915874
74,0.1177565578690543,0.1224675011248424,0.2040384503704589,0.0658215582381781,1.0852006870106508,0.8652115257091634,0.005087417255858,0.255042033801267,0.8884075369651678,severe_combined,1.0,0.5560659485866175,0.9975641992740536
75,0.074533516697119,0.2677274701772247,0.0432563996348923,0.182976859905418,0.943031163049439,1.0174342829794665,-0.0317193125336908,0.2842471232073271,0.9506716897414104,angle_dominated_v2,1.0,0.8063697981853721,0.9975035577384816
76,0.2254832385486826,0.1821404934824665,0.1416808675114003,0.1753912588711017,0.7831285159393778,1.018886290033563,-0.0676017747558677,0.3623479292068255,0.970910797978252,angle_dominated_v2,1.0,1.0,1.0
77,0.0600861581739113,0.1900431463244979,0.1208032578192493,0.170622794017117,1.0264088395261102,0.9293033369604606,0.0108371284994454,0.2707776781673878,0.8963794723586461,angle_dominated,1.0,0.5884686812989735,0.9975242107982666
78,0.3206913448795649,0.0520542235364858,0.2823474807992474,0.0595044934433713,0.7643339618889555,1.0641213455641756,-0.1262947739495745,0.3572987713293348,0.9988854078524152,voltage_dominated_v2,1.0,1.0,1.0
79,0.134980261929857,0.1081643856036471,0.0590983581464335,0.2770154313917492,0.9445264499753432,1.139570501300848,0.0729281778594971,0.2896292185358434,0.8902697170470778,severe_combined,1.0,0.563490112030351,0.99758875615796
80,0.2064829419520962,0.0795940446313653,0.1074471017459355,0.2329030221112945,0.7137313045632967,0.718574865731384,-0.0185423644023022,0.3132135552203458,0.5587847491753846,severe_combined,0.3966166585410231,0.4517557773625498,0.9971707062893996
81,0.103672988035969,0.3443863397315521,0.0861486653505977,0.2151254248601444,0.9559910167813952,0.958703724408568,0.0377515935961343,0.3746667089891317,0.8826155475430368,severe_combined,1.0,0.532962995218309,0.997499194953838
82,0.1623402713312665,0.1891183279161974,0.1480599809891924,0.1601120111713944,0.7513339619300085,0.7067235077180684,0.1135093920844881,0.3298152957040254,0.6634802622799973,severe_combined,0.5719271612730457,0.5127614565678833,0.9973052700060148
83,0.2779603391117566,0.0406179093152305,0.1855654369153023,0.1688682451671079,1.0073115042206973,1.0375716254262315,-0.1154820307595863,0.3365059652546987,0.9277954872204104,freq_dominated,1.0,0.7111819488816415,1.0
84,0.2107290593001264,0.2837818974963865,0.23744558344796,0.2717922827466484,1.03412022309081,0.8529549181318582,0.1258810466892597,0.5018744114955607,0.7746578902175172,severe_combined,0.7025784787541713,0.6960916317123207,0.9973829716494051
85,0.0001108687898277,0.0569046226780235,0.2543918707880854,0.1715349858680107,1.074399323132132,0.9347021708629808,0.0578127610553846,0.2414711740619737,0.9044296332005156,severe_combined,1.0,0.6449480524408422,0.9974846121398756
86,0.3800151948019739,0.3215755895083949,0.2302583853672685,0.090531240702986,0.8752706843168104,0.7166190012125896,0.1306586129326183,0.5111902051903117,0.9236927111189254,severe_combined,1.0,0.697330407168117,0.9974404373075846
87,0.1447223172779513,0.0078279599237572,0.2348476732898424,0.2693677171869698,1.0669106089126446,1.1066172213247674,-0.149319156494608,0.3283828338392603,0.9188042312967766,freq_dominated,1.0,0.8153807636404018,0.997471787024768
88,0.0323650931621547,0.0687185340931267,0.0963400486988707,0.297400304643284,0.7682908240408615,1.0240749083580631,0.048657286357245,0.2474119902987181,0.9439859421329694,severe_combined,0.8892679137888071,1.0,0.9974079409542632
89,0.3102101834222666,0.0647891244423586,0.2485599498917664,0.0848741929816877,0.8618624144814114,1.0394987651152798,0.1093444822616569,0.3542167253690397,0.9581585730393236,voltage_dominated,1.0,0.8326342921572945,1.0
90,0.2337827870477198,0.3559736447395431,0.1756734531573282,0.2478021901527407,0.8413327728661839,0.7272090543979057,-0.0542466803772261,0.506616037548666,0.6111592519944289,severe_combined,0.496182500324435,0.4550314732159748,0.9972405341128708
91,0.349776201121536,0.2158275162620556,0.2747248474743983,0.1748613455037665,0.9350747188501012,0.772487895178976,0.0950896730898147,0.5075949551808783,0.7559040271349738,severe_combined,0.6769164592343878,0.6724089711985606,0.9973742188725594
92,0.3637764006404296,0.0479899906229333,0.1666638700314706,0.2082024891643192,0.7077412392006485,1.0972925063948258,-0.069774335901183,0.3933163752295764,0.9245573035662497,freq_dominated,1.0,0.7720880065109199,1.0
93,0.005179061110254,0.0994799165464579,0.2880013904849881,0.1338074091767691,1.0582690546261335,0.7653657995011798,0.0903803314740301,0.2632338886592346,0.7100886443940588,severe_combined,0.6211458688795904,0.6007119351751342,0.99735090464192
94,0.1484487289903612,0.2958508735968257,0.2181674707150759,0.1268236436199919,0.9903647569079804,0.8326717226071609,0.1234992338509196,0.3946453584611274,0.9410729571076506,freq_dominated,1.0,0.7984728301219199,0.9975129279838768
95,0.2679099753597501,0.0905962571981331,0.1409994812558343,0.1955636833403057,0.7588380641780617,0.7104477424745801,0.0223477423935341,0.3475346985770117,0.575614306670185,severe_combined,0.4429679943369962,0.419310714730539,0.9972105232762084
96,0.0265429918967673,0.226140691309415,0.1152622024438936,0.135742548040676,1.1368715066283497,0.8897437320934137,0.0602497340120517,0.251844216845376,0.8896184566819438,severe_combined,1.0,0.5609429196113354,0.99753090711644
97,0.3233804271495236,0.3835094608797043,0.2297808107835213,0.2817916206585649,0.9223727637841428,0.933821634477949,0.066914017649889,0.609231159735657,0.8999451623603264,severe_combined,1.0,0.6023222142797451,0.9974584351615604
98,0.0361463147175685,0.0767067254129502,0.1375239082433213,0.1920644580561573,0.761410769961725,0.7311772325880569,0.0024142286748452,0.2212207032149987,0.5751160489046119,severe_combined,0.4461196548169233,0.4110119166990102,0.9972129692855908
99,0.2490726846538906,0.109760630654388,0.1607859077106632,0.0839008430294011,0.9696895222605386,0.7893658989485919,0.0428238617008269,0.3017600330241716,0.9059785976949766,severe_combined,1.0,0.6264737989753577,0.9974405918045488
100,0.0358204106334355,0.2468529574850414,0.2076796027964026,0.2396392413134817,1.115417094385748,1.0069639455647468,0.0867351928226783,0.3649961061141807,0.889192877613554,severe_combined,1.0,0.5592400893527554,0.9975314211014608
101,0.0511739076582529,0.2491707080477204,0.1431476176820697,0.244245728485062,0.7467702867126429,0.777210909209671,0.1210033227884808,0.3438689809365526,0.6896097178232259,severe_combined,0.6072404459006249,0.5466346349271376,0.9973233445645164
102,0.2320284878081327,0.1033351472708315,0.0455063279237293,0.2870291152714542,0.8674289014581742,0.7999037124631675,-0.0585847527028049,0.3339495391370739,0.5509857806165525,severe_combined,0.4103180090930793,0.3861258398696634,0.9971812644103876
103,0.0118292631859362,0.0275718858314508,0.1338067916775548,0.1568967165208929,0.7872007830905035,0.9751160032508088,-0.0873586727915279,0.1650523286079174,0.9000472808370827,angle_dominated,1.0,0.6031385203559587,0.9975176531476512
104,0.3407884408301777,0.1580913079950835,0.1093668508178552,0.290073230608511,0.7376008305705145,0.7609127620307039,-0.0743292624595977,0.4491599151258137,0.5537514905560027,severe_combined,0.3991095315062088,0.4252092768353677,0.9971641843506508
105,0.3381618762832536,0.0812071469756675,0.193833937367586,0.0752768861978546,0.8224163549327168,1.0026781915411598,0.0554373275894251,0.3442399234121809,0.9484321360865338,voltage_dominated,1.0,0.7937285443465498,1.0
106,0.1003259472767021,0.3529901035168728,0.1471732101180762,0.1450724951403749,1.059103908206389,0.8384965785115126,-0.092052575990323,0.372780878026013,0.944354694189505,angle_dominated,1.0,0.9667992615374352,0.9974546868682336
107,0.1360238076049095,0.0111903847593412,0.2755750206143338,0.0316300156321528,0.7698735710610188,0.992322401375232,0.0452052494415824,0.2272096143053687,0.9657587561235286,voltage_dominated,1.0,0.863035024494117,0.9999999999999972
108,0.0842163775224172,0.2396208038205688,0.02969620338159,0.2131256657436652,0.936964044466708,0.8012193138343491,0.1275363242853185,0.2833295252341207,0.7709130284111367,severe_combined,0.6981716518559511,0.6899261942490931,0.9973826156835518
109,0.2857464976405621,0.1197821443998007,0.0153316692592048,0.1236232659921251,0.8070719278327455,0.9549398574851908,-0.1284617271971845,0.2722417886458464,0.924694865146879,freq_dominated,1.0,0.6987794605881632,0.9999999999993532
110,0.2246369988080235,0.09571423146286,0.0528603763458208,0.0828115256969877,0.891483788382905,0.7463547847760424,-0.1449473197957296,0.228011566156846,0.8005768643409876,severe_combined,0.7481813967707778,0.7086208378008791,0.997323826021516
111,0.2220946318381901,0.1460918981898161,0.0569641011139926,0.1804653992487107,0.7390096855048197,0.982061938711042,-0.1040403992288421,0.3028080151953548,0.8853275338376119,severe_combined,1.0,0.543754476697579,0.9975556586528684
112,0.1403922706618273,0.0969309801777374,0.2170970108465938,0.2469548852542907,0.8860961888469834,0.9627437863843182,-0.0411175043822526,0.3506875734702246,0.9032290923676513,severe_combined,1.0,0.615502917913858,0.9974134515567464
113,0.1399202342169102,0.222887056447564,0.1768442423290254,0.0264651018470241,1.076626382713182,0.7546488278296759,0.1316027666985271,0.2830583174202619,0.9039929155547942,severe_combined,1.0,0.8463334437374215,0.997517477922734
114,0.2291640863242787,0.3669389485797774,0.0184543243059189,0.2784565044049201,0.8591516176355192,0.91304229427203,0.1332951616769568,0.4465069318074476,0.9141868861163798,severe_combined,1.0,0.6592869160858825,0.9974606283796368
115,0.1264618642232829,0.0505822286950632,0.2718048757589076,0.1404314302852962,1.0481313268055563,0.9481941716744584,-0.017625989556699,0.294640199481275,0.904529778436672,angle_dominated,1.0,0.6210548455850464,0.997528314644338
116,0.0957308436645206,0.2055992218391015,0.0553822110914944,0.0011358631708072,0.8125767353394913,0.9049781488363652,0.1169094209414645,0.1789240698829619,0.9464217509727691,voltage_dominated,1.0,0.785687003891077,1.0
117,0.1196987613894443,0.0740828779124322,0.2190543063481755,0.1726216901776266,0.871343840179502,0.8866892849617438,-0.0941828087704309,0.2927288179138393,0.8981298212099238,severe_combined,1.0,0.5951207661094351,0.9973985187302604
118,0.0520069134762271,0.0193516258497725,0.2815220534192601,0.2955782339372854,0.7373997613679477,1.0921105650532756,-0.0842279677722231,0.3242294133412726,0.8949290621733781,severe_combined,1.0,0.5822967358914894,0.9974195128020232
119,0.1762370486052082,0.1791357550271105,0.227218242952426,0.2355718301364911,0.74554309488363,0.8442156564943051,0.0853689345571281,0.4090814383606179,0.7379462417386821,severe_combined,0.654828708970271,0.6447612112298522,0.997366337784334
120,0.1515364351535521,0.2871166272075118,0.1633281458113859,0.2540394130374933,0.9064436315176874,1.0818623773487288,0.0471878770388129,0.4280103106049716,0.9569709314258792,voltage_dominated_v2,1.0,0.8317713907608351,0.9975143302592488
121,0.2170697773569938,0.2302782273952553,0.0164706086459737,0.1911171744339659,0.8248591809659052,1.004937763669236,0.011824819432144,0.3274678939160944,0.9309099874502664,voltage_dominated_v2,1.0,0.7275075764925489,0.997549328022104
122,0.3368564231579654,0.0353621267652177,0.1028525740465144,0.2917265702978733,0.7940375001940707,0.9518090857025064,-0.1485502396919082,0.3833988471337854,0.6770587037060478,severe_combined,0.5868366811971691,0.5372963769189738,0.9972650755108792
123,0.1903520036498392,0.0203157926802401,0.2860699966526452,0.0085020681472111,1.1070355023649887,0.92219924158509,-0.1329988296373336,0.2526199305649679,0.9620304030321388,voltage_dominated,1.0,0.8481216121285549,1.0
124,0.0391819780203602,0.1974802940446135,0.0770913917534443,0.1642085485121923,0.7923086029133903,0.971378268999364,-0.0350158055554401,0.2389811061653052,0.8785089748338824,severe_combined,1.0,0.5164736951895499,0.9975622041459792
125,0.2531069333683031,0.1410730859602418,0.2239420546554618,0.0350507064769907,0.7023956805872386,1.012248818661997,-0.0526813294726896,0.3265863902304987,0.99889017696296,voltage_dominated_v2,1.0,1.0,0.996691042170738
126,0.1144107717847852,0.1210993836712278,0.2621880117984894,0.2127352882893804,0.982130072224447,0.8677899168929657,0.0003222913855455,0.3552167277719415,0.8131596843508893,severe_combined,0.7445571069465324,0.7661484845335025,0.9973760389769896
127,0.3869140348319587,0.0010196581487791,0.0097237926365434,0.1960354811138608,0.7056031035919808,0.7683550644251499,0.0715674844067576,0.296846483365571,0.5885329401665128,severe_combined,0.463389085866261,0.4301229226714618,0.9972306662620676
128,0.3089959536667604,0.1242989452180838,0.2762281506567708,0.1136216819857762,1.0962473113133788,1.106180387598401,0.0879956942243323,0.4115723657636956,0.9988869357721092,voltage_dominated_v2,1.0,1.0,0.996666217075916
129,0.0725717768505923,0.0373412296367301,0.0699613556901731,0.0177920019262915,1.1342216280362694,0.8262850888953326,-0.123089042005075,0.0988331820518935,0.9086951411291898,angle_dominated,1.0,0.637740636502798,0.9975019496343608
130,0.1095175807762453,0.0231436634419093,0.0243095980454844,0.019017012828464,0.8088822348395485,0.9258949683951262,0.1150766530322741,0.0879939275460516,0.9577764299274384,voltage_dominated,1.0,0.831105719709754,1.0
131,0.1249936955331767,0.270486615871925,0.2600562016318962,0.2075979522018429,1.001162965788181,1.0092299934242377,-0.1013991953026577,0.4315672326194205,0.9071703343176678,freq_dominated_v2,1.0,0.6328363536560602,0.9975085788226395
132,0.2772865109185204,0.2011174112396671,0.1323607496596438,0.2602170947258283,0.9126835984172668,0.9371239066161008,0.0381490028799478,0.4354908832718299,0.9057372931805938,severe_combined,1.0,0.6255115314095931,0.9974376413127822
133,0.1238289423219851,0.0216255488606412,0.2050614885410389,0.1762716250342536,0.9678381658772792,0.8831849827918724,-0.1115274576300725,0.2633938023789595,0.8893978747675042,severe_combined,0.8413455845439407,0.8775524044680267,0.9973479255141088
134,0.1883403054295777,0.0535726587415218,0.0922506471383009,0.2517121451239518,0.7793232341486412,0.8796424922059569,0.1454971250630196,0.2929378782166762,0.6788217500895583,severe_combined,0.5911679364955454,0.5356261904813877,0.9973249368857544
135,0.0433262974369425,0.3938898075342473,0.0666048981624521,0.2432131086185499,0.7751302693744792,0.8976299124197807,0.0502634767822981,0.3735170558760959,0.8973751206975094,severe_combined,1.0,0.592037278210455,0.9974632045795824
136,0.2897627041966066,0.0913025460009609,0.1848114697661258,0.1342047677414173,0.9205590605715568,0.7214172455016495,-0.1389178599966257,0.3500407438525553,0.588203944945349,severe_combined,0.4567922300643363,0.4420045707647304,0.9972267488879928
137,0.182832614607297,0.2729545982526313,0.1112122071493611,0.1656172168372197,0.8845300321901647,0.8276747052453644,0.0076986796423373,0.3663083184232546,0.8967227259595605,severe_combined,1.0,0.5894436461813584,0.9974472576568836
138,0.1870507762525486,0.1952486356840406,0.2535043949217988,0.255944790043292,0.7864775861748078,0.946202349652134,-0.119030892837036,0.44587429845084,0.8919848052241589,severe_combined,1.0,0.570527208252912,0.9974120126437236
139,0.2621380850195136,0.0840731356164389,0.2289491192654549,0.1942502942489553,0.7221135810757269,1.1427000867517694,0.0012539320210406,0.3847053170751814,0.9466913504631592,voltage_dominated,1.0,0.7867654018526373,1.0
140,0.2988190597721888,0.0143787669460916,0.2424687072451814,0.1362207300564251,0.7971314503855075,0.9861538805420992,-0.1450271821334975,0.3459436320099435,0.8918817975269393,severe_combined,1.0,0.5699639563189436,0.9975632337888136
141,0.288055312941366,0.1857199774932605,0.0653644396459898,0.276256005277305,0.7997025806219568,0.8147857992683644,0.1405504677588765,0.4076978676789606,0.669203731029925,severe_combined,0.5779500021423474,0.5236029158152213,0.997312004019784
142,0.2427035383360885,0.0294628097498262,0.1940781024935008,0.2686678369522965,0.8542462979389256,0.7791823417548005,-0.0660900013910451,0.3674561437658561,0.5232798071947427,severe_combined,0.3647150456022038,0.3665441616247804,0.9971449759497826
143,0.2318398524931981,0.2079049272877535,0.2560101769307951,0.0959259423166309,0.9338011868785728,0.965759118106614,-0.1175802402167429,0.3958404495141889,0.943017964741636,voltage_dominated,1.0,0.7720718589665445,1.0
144,0.3536341103939076,0.0858254506563031,0.231117824929671,0.2853615324722352,0.7502168123606452,0.7514308754593579,-0.1374473927517921,0.4779694592260585,0.5067996669564954,severe_combined,0.3296719857205197,0.3767098131226163,0.997108338582514
145,0.210205248236127,0.2580431300633997,0.2148302858949014,0.1872034282701973,0.717608944327996,1.0117697026804944,-0.0972463522417832,0.4351410462323127,0.9594597808304844,voltage_dominated,1.0,0.8424561135456514,1.0
146,0.0175439064643036,0.3275597316058697,0.0313139501304941,0.2221435903693442,0.9953833829996124,0.7468524633922329,0.1016923345336209,0.2992805892850059,0.696104453601472,severe_combined,0.6147593062319856,0.5575724721255888,0.997326729816328
147,0.0290445035144212,0.092414798063396,0.1830902033772667,0.2677049807912876,0.9916467492919234,0.7940652488292257,0.0404457144142735,0.2861272428731858,0.588934348006757,severe_combined,0.4637728310199671,0.430963698444323,0.9972280315427708
148,0.2071708506257942,0.2111862194816131,0.2113764536303572,0.2988649202077824,0.8144596892956198,0.8234878744654296,-0.1216825881222168,0.4642992219727735,0.5838939262361564,severe_combined,0.4535941482547387,0.4311671251927649,0.9972202832423832
149,0.0412345725963483,0.1594042148767811,0.2515909648679542,0.1199132885163568,1.1316664481081546,1.0143385560523028,-0.113742906309858,0.2860715204287203,0.9463041517261424,angle_dominated_v2,1.0,0.7888657120392963,1.0
