,mode_id,success,stable,severity,f_angle,f_freq,f_voltage,angle_sep_deg,freq_dev_hz,voltage_dip,sim_time
0,0,True,False,0.47061807436606484,0.3220321047900195,0.2414195243932724,0.996988563490948,57.96577886220351,0.4828390487865448,0.996988563490948,1.3020741939544678
1,1,True,False,0.8501374887022864,1.0,0.40341856742268334,0.9971313873864625,181.6302363997344,0.8068371348453667,0.9971313873864625,0.28099966049194336
2,2,True,False,0.688960176913556,0.6276175691711691,0.5035226690737922,0.9970829002380941,112.97116245081044,1.0070453381475843,0.9970829002380941,1.0179517269134521
3,3,True,False,0.8303538896205767,1.0,0.3244368282556245,0.9969787302266823,180.3623662564282,0.648873656511249,0.9969787302266823,0.5200655460357666
4,4,True,False,0.6521195753786545,0.5923032081004912,0.4268158483293192,0.9970560369843164,106.61457745808842,0.8536316966586384,0.9970560369843164,1.0131738185882568
5,5,True,False,0.8609411399446136,0.817966443109364,0.8107546312837073,0.9970770422760189,147.23395975968552,1.6215092625674146,0.9970770422760189,1.2710928916931152
6,6,True,False,0.5018005296227117,0.30439629276589286,0.4014656510848589,0.9969438818742025,54.79133269786071,0.8029313021697178,0.9969438818742025,0.9657018184661865
7,7,True,False,0.5989699426424591,0.5232821132302992,0.3523159118374579,0.9969996322717798,94.19078038145385,0.7046318236749158,0.9969996322717798,1.2179758548736572
8,8,True,False,0.45734934632541974,0.2793346906040383,0.273775705826349,0.9969522982672533,50.2802443087269,0.547551411652698,0.9969522982672533,0.9568121433258057
9,9,True,False,0.8907969562618436,1.0,0.5661686446957717,0.9970191803516031,180.80098408143516,1.1323372893915433,0.9970191803516031,0.5411694049835205
10,10,True,False,0.559865152681388,0.46045244519706274,0.3215228804545198,0.9970328398769066,82.8814401354713,0.6430457609090396,0.9970328398769066,1.0159530639648438
11,11,True,False,0.6923095537919995,0.6554317728504527,0.46135212977498696,0.9970225396921059,117.97771911308149,0.9227042595499739,0.9970225396921059,1.2447738647460938
12,12,True,False,0.4746834413351444,0.32027502344026687,0.26120847099606337,0.9969752474639805,57.64950421924804,0.5224169419921267,0.9969752474639805,1.0045335292816162
13,13,True,False,0.8465919466460288,1.0,0.3893167152271957,0.9970510713569196,182.33304719988968,0.7786334304543914,0.9970510713569196,0.2950007915496826
14,14,True,False,0.6413090520291922,0.5689111486102773,0.4303409917456129,0.9970729191506014,102.40400674984991,0.8606819834912258,0.9970729191506014,1.2949542999267578
15,15,True,False,0.593085609679143,0.396911642172588,0.5815199309249905,0.9969992234464056,71.44409559106585,1.163039861849981,0.9969992234464056,1.0643887519836426
16,16,True,False,0.5012694733832345,0.37484352264632537,0.2584071372451291,0.9969837109951579,67.47183407633857,0.5168142744902582,0.9969837109951579,1.196671724319458
17,17,True,False,0.8770847444574265,1.0,0.5113150320211126,0.9970239458085933,180.31321823950614,1.0226300640422252,0.9970239458085933,0.3035087585449219
18,18,True,False,0.6102634555338063,0.5248734137687525,0.3942568895264742,0.997050105071246,94.47721447837544,0.7885137790529484,0.997050105071246,1.2597315311431885
19,19,True,False,0.8532999506526574,1.0,0.41604709384274585,0.9971527087678839,182.6556302353024,0.8320941876854917,0.9971527087678839,0.28555917739868164
20,20,True,False,0.8448277181762506,1.0,0.3822129697351997,0.9970979029698025,182.00473150753666,0.7644259394703994,0.9970979029698025,0.5170562267303467
21,21,True,False,0.48262334088449865,0.3405287399700041,0.25243744245914,0.9969984411388465,61.295173194600736,0.50487488491828,0.9969984411388465,0.9629158973693848
22,22,True,False,0.8667944480463023,1.0,0.47007816056328267,0.9970996316219268,180.61947172789303,0.9401563211265653,0.9970996316219268,0.2845158576965332
23,23,False,False,1.0,1.0,1.0,1.0,,,,0.3576653003692627
24,24,True,False,0.47236509171171925,0.3235962001005178,0.24527856067911102,0.9969894059667304,58.24731601809321,0.49055712135822205,0.9969894059667304,0.9562299251556396
25,25,True,False,0.6404311573762466,0.575641997272262,0.4134012520016519,0.9970393829588106,103.61555950900716,0.8268025040033038,0.9970393829588106,1.220754623413086
26,26,True,False,0.8892068964683187,0.8616629019260986,0.8365033963626161,0.9969983856584617,155.09932234669776,1.6730067927252321,0.9969983856584617,1.087986707687378
27,27,True,False,0.6582366070364324,0.5916314366474771,0.4526191046634196,0.9970644501873559,106.49365859654588,0.9052382093268392,0.9970644501873559,1.2588591575622559
28,28,True,False,0.6941303560899683,0.6463741155420236,0.4867193090823321,0.9970538841934939,116.34734079756424,0.9734386181646641,0.9970538841934939,1.0491909980773926
29,29,True,False,0.8031090767884936,0.7781577650239058,0.6591118906266651,0.9970088864794977,140.06839770430304,1.3182237812533302,0.9970088864794977,1.3309683799743652
30,30,True,False,0.4897429320423268,0.27210726873877805,0.4178103652619747,0.9969468254297764,48.97930837298005,0.8356207305239494,0.9969468254297764,0.9193203449249268
31,31,True,False,0.8895298268162085,0.8328514340350397,0.8953781789835027,0.997038260211252,149.91325812630714,1.7907563579670054,0.997038260211252,1.3110237121582031
32,32,True,False,0.7468250547532441,0.7008303186238444,0.5885664064822045,0.9970731752830834,126.14945735229199,1.177132812964409,0.9970731752830834,1.0632612705230713
33,33,True,False,0.5644778383416131,0.45777073341683083,0.34531012816301754,0.9970597583697733,82.39873201502955,0.6906202563260351,0.9970597583697733,1.0599291324615479
34,34,True,False,0.5328062120111827,0.4195188212389692,0.2951694257858364,0.9970177797809562,75.51338782301445,0.5903388515716728,0.9970177797809562,1.3043830394744873
35,35,True,False,0.837549795736394,1.0,0.35312293349641166,0.9970762494491643,180.8163889312673,0.7062458669928233,0.9970762494491643,0.2846641540527344
36,36,True,False,0.48538751174397043,0.2276365969253022,0.4893618657002179,0.9969149874250594,40.974587446554395,0.9787237314004358,0.9969149874250594,1.0355949401855469
37,37,True,False,0.8466339037072597,1.0,0.38940488489291525,0.9971307299361235,180.1907118490415,0.7788097697858305,0.9971307299361235,0.2934577465057373
38,38,True,False,0.8287478740516495,1.0,0.31786781382274043,0.9971236823838576,181.60575574346376,0.6357356276454809,0.9971236823838576,0.509190559387207
39,39,True,False,0.5501445865177353,0.40454567399752733,0.39448598962347603,0.9970010084524107,72.81822131955492,0.7889719792469521,0.9970010084524107,1.0375072956085205
40,40,True,False,0.60275105898696,0.5261942560224866,0.36157666113464515,0.9970390627682217,94.71496608404759,0.7231533222692903,0.9970390627682217,1.236083984375
41,41,True,False,0.4979772965945858,0.36693966063529804,0.26102135810002736,0.9970085070077196,66.04913891435365,0.5220427162000547,0.9970085070077196,0.9997768402099609
42,42,True,False,0.5989244420686479,0.5159098674150032,0.36685621300714644,0.9970218204374387,92.86377613470057,0.7337124260142929,0.9970218204374387,1.0624985694885254
43,43,True,False,0.7136015047586428,0.6701555570785834,0.5170433489809199,0.9970515558964848,120.62800027414502,1.0340866979618397,0.9970515558964848,1.2727560997009277
44,44,True,False,0.7484515972001424,0.7067644850767649,0.5831986179481454,0.9970788006988944,127.2176073138177,1.1663972358962909,0.9970788006988944,1.0497300624847412
45,45,True,False,0.843242895992461,1.0,0.3758157840965204,0.9971557998733238,183.2663339021248,0.7516315681930408,0.9971557998733238,0.5082075595855713
46,46,True,False,0.8646424184578856,1.0,0.461461655940564,0.9971080178909785,181.54025279156883,0.922923311881128,0.9971080178909785,0.28751087188720703
47,47,True,False,0.8435658412492406,1.0,0.3771858897515301,0.9970774752454323,182.74509892707675,0.7543717795030602,0.9970774752454323,0.5165090560913086
48,48,True,False,0.9580678687559405,0.9177862789583178,1.0,0.9966989171071264,165.2015302124972,3.893883527846981,0.9966989171071264,0.9227249622344971
49,49,True,False,0.671156884504498,0.6266954062185937,0.4342227043903151,0.9970140211904894,112.80517311934686,0.8684454087806301,0.9970140211904894,1.2652158737182617
50,50,True,False,0.4761780291116362,0.3351504370323022,0.23741578924121143,0.9969954531407289,60.32707866581439,0.47483157848242286,0.9969954531407289,0.9403960704803467
51,51,True,False,0.8421503874918279,1.0,0.37144022867286,0.9971613212944516,180.74653031615676,0.74288045734572,0.9971613212944516,0.2750520706176758
52,52,True,False,0.7421758305536308,0.6968925179145243,0.5778617653825222,0.9970565210029523,125.44065322461438,1.1557235307650444,0.9970565210029523,1.2739973068237305
53,53,True,False,0.4920784929132396,0.2770197156693681,0.4173388650662808,0.9969356752479412,49.863548820486265,0.8346777301325616,0.9969356752479412,0.9521074295043945
54,54,True,False,0.7477020998373429,0.7126663403746863,0.5684289514246714,0.9970467671753277,128.27994126744355,1.1368579028493428,0.9970467671753277,1.3162500858306885
55,55,True,False,0.8325919235260261,1.0,0.33322559147511654,0.9971421026289877,180.74313095640596,0.6664511829502331,0.9971421026289877,0.28164172172546387
56,56,True,False,0.8857480313382566,1.0,0.5459622412651477,0.997029884087879,181.56354796515546,1.0919244825302954,0.997029884087879,0.5414583683013916
57,57,True,False,0.6654403047439235,0.6205647353494173,0.4236219308053819,0.9970098174714774,111.7016523628951,0.8472438616107638,0.9970098174714774,1.0449531078338623
58,58,True,False,0.4822859022999077,0.33968059192521877,0.25277832307864756,0.9970041022705457,61.14250654653938,0.5055566461572951,0.9970041022705457,1.2158598899841309
59,59,True,False,0.5564653045196393,0.4461699084175285,0.336489260244516,0.997032140998984,80.31058351515513,0.672978520489032,0.997032140998984,1.019146203994751
60,60,True,False,0.5663767958957051,0.4764861755932468,0.31552206566277974,0.997012766733547,85.76751160678442,0.6310441313255595,0.997012766733547,0.9956057071685791
61,61,True,False,0.8541452077985513,1.0,0.41945515890215646,0.9971256722920488,180.14159486324687,0.8389103178043129,0.9971256722920488,0.5160799026489258
62,62,True,False,0.8850189842836975,1.0,0.5429787371208548,0.9970972000139354,180.3286632566212,1.0859574742417095,0.9970972000139354,0.2970571517944336
63,63,True,False,0.8483494671884764,1.0,0.3963720200744163,0.997025848679489,181.8881562294377,0.7927440401488326,0.997025848679489,0.5222055912017822
64,64,True,False,0.7639909189357494,0.7385090417204837,0.5819048679942291,0.9970407243078014,132.93162750968708,1.1638097359884583,0.9970407243078014,1.065622329711914
65,65,True,False,0.9534359671671927,0.9083596586936274,1.0,0.9970245512815157,163.50473856485294,2.109931893999743,0.9970245512815157,1.3704397678375244
66,66,True,False,0.7871280666818913,0.7649395502744509,0.6216291765936113,0.9970039895850521,137.68911904940117,1.2432583531872226,0.9970039895850521,1.0914967060089111
67,67,True,False,0.5804887722375475,0.48227772596475926,0.360356611865317,0.9970430251553544,86.80999067365667,0.720713223730634,0.9970430251553544,1.3532958030700684
68,68,True,False,0.8956899639819437,1.0,0.5856661663488474,0.9970936895789272,181.0768772258149,1.1713323326976948,0.9970936895789272,0.3118898868560791
69,69,True,False,0.8696406357059395,1.0,0.48144660329934297,0.9971159395244151,182.69391128194684,0.9628932065986859,0.9971159395244151,0.28162169456481934
70,70,True,False,0.8626200191405661,1.0,0.4534430463263952,0.9970370302358692,182.52793851346343,0.9068860926527904,0.9970370302358692,0.5563657283782959
71,71,True,False,0.5907301901310903,0.5063964285762957,0.3530833977251788,0.9970445056465908,91.15135714373324,0.7061667954503577,0.9970445056465908,1.106276512145996
72,72,True,False,0.8387085318339891,1.0,0.35781889359648034,0.997015233739476,182.85648720048846,0.7156377871929607,0.997015233739476,0.5217795372009277
73,73,True,False,0.7401578238176068,0.7159985577393269,0.5316176104636057,0.9970165693281674,128.87974039307883,1.0632352209272113,0.9970165693281674,1.0395057201385498
74,74,True,False,0.5068101569806654,0.371823786156032,0.28661305877811927,0.9969799968324783,66.92828150808576,0.5732261175562385,0.9969799968324783,1.1845533847808838
75,75,True,False,0.8577065448673549,1.0,0.43370660750609247,0.9971195719633272,182.67875243075005,0.8674132150121849,0.9971195719633272,0.28731250762939453
76,76,True,False,0.6922685470243098,0.6548073852043147,0.4624337632874571,0.9970256544011529,117.86532933677664,0.9248675265749142,0.9970256544011529,1.2528836727142334
77,77,True,False,0.9744413228214451,0.9503817162502999,1.0,0.9970018587851808,171.06870892505398,3.8752945632440685,0.9970018587851808,0.957512378692627
78,78,True,False,0.8606428083365765,1.0,0.4455604539025515,0.9970107794437542,181.7002432719434,0.891120907805103,0.9970107794437542,0.3080606460571289
79,79,True,False,0.9087179264046132,0.8481781479091512,0.9414790223587204,0.9970363874414301,152.67206662364723,1.8829580447174408,0.9970363874414301,1.413947582244873
80,80,True,False,0.46912196031994746,0.3182635329913596,0.24297447165727348,0.9969863036397971,57.28743593844473,0.48594894331454697,0.9969863036397971,0.912442684173584
81,81,True,False,0.7820809398127532,0.7600205792008411,0.6112773760955328,0.9970052247537979,136.8037042561514,1.2225547521910656,0.9970052247537979,1.1951038837432861
82,82,True,False,0.5565867101227312,0.4524558143148374,0.3244157145232158,0.9970194973380342,81.44204657667073,0.6488314290464317,0.9970194973380342,0.9378354549407959
83,83,True,False,0.6147094692039785,0.547071146675958,0.36767170343891564,0.9970238800250822,98.47280640167244,0.7353434068778313,0.9970238800250822,1.1543989181518555
84,84,True,False,0.8867865189830932,1.0,0.5501260189193253,0.9970200570130475,180.36671720626757,1.1002520378386507,0.9970200570130475,0.30063867568969727
85,85,True,False,0.4383272055416815,0.26018796157581286,0.23599195822177066,0.9969409407933296,46.83383308364631,0.4719839164435413,0.9969409407933296,1.1243648529052734
86,86,True,False,0.8364132161841037,1.0,0.34856498260105795,0.9970878821353568,182.1985762703739,0.6971299652021159,0.9970878821353568,0.2742295265197754
87,87,True,False,0.46512439821287505,0.30432681784520815,0.25487037566066206,0.9969735815004218,54.77882721213747,0.5097407513213241,0.9969735815004218,0.8872745037078857
88,88,True,False,0.8715920507267587,1.0,0.4893154076373527,0.9970527952696822,180.89238664394466,0.9786308152747054,0.9970527952696822,0.5456547737121582
89,89,True,False,0.5157758781270528,0.3863139351606414,0.2934776003090569,0.9969980418778718,69.53650832891545,0.5869552006181138,0.9969980418778718,0.9918582439422607
90,90,True,False,0.5152894121047398,0.3939835081186469,0.27616717221891207,0.997023459962753,70.91703146135644,0.5523343444378241,0.997023459962753,1.1711859703063965
91,91,True,False,0.8807833372983795,1.0,0.5261134344645555,0.9970199147289625,181.71180237427342,1.052226868929111,0.9970199147289625,0.3069009780883789
92,92,True,False,0.9578854601583289,0.9176785933976752,1.0,0.9961846538379651,165.18214681158153,3.5809685114045777,0.9961846538379651,1.0807807445526123
93,93,True,False,0.480837563602488,0.30341741199554534,0.3195463791617925,0.9969690512570689,54.615134159198156,0.639092758323585,0.9969690512570689,0.8932802677154541
94,94,True,False,0.8584560064331399,1.0,0.43669444016054015,0.9971295855720196,182.28572374824174,0.8733888803210803,0.9971295855720196,0.5529816150665283
95,95,True,False,0.8928960472877292,1.0,0.57459342987719,0.9969907592737266,181.1717997788678,1.14918685975438,0.9969907592737266,0.3681797981262207
96,96,True,False,0.9506623040822196,0.9027981370821144,1.0,0.9970529421646499,162.5036646747806,2.0493544101819197,0.9970529421646499,1.0786080360412598
97,97,True,False,0.8598858242078025,1.0,0.44237867253322705,0.9971646242979826,182.60522945457808,0.8847573450664541,0.9971646242979826,0.5485367774963379
98,98,True,False,0.8465788518904109,1.0,0.38926154044350625,0.9970538671181377,180.71794922817816,0.7785230808870125,0.9970538671181377,0.31950998306274414
99,99,True,False,0.6080037358360038,0.5312403067602305,0.37250939428687246,0.9970249355366818,95.62325521684149,0.7450187885737449,0.9970249355366818,1.3153443336486816
100,100,True,False,0.82207824181651,0.7744698392453666,0.742283405959153,0.9970898828161536,139.404571064166,1.484566811918306,0.9970898828161536,1.178473711013794
101,101,True,False,0.5592593631487982,0.44932026371851136,0.3413646374186605,0.9970322877395094,80.87764746933205,0.682729274837321,0.9970322877395094,1.4072978496551514
102,102,True,False,0.8649750885818231,1.0,0.4628439234021151,0.9970564309251774,181.34320338619656,0.9256878468042302,0.9970564309251774,0.34121108055114746
103,103,True,False,0.8710851297986069,1.0,0.4872866160544689,0.9970539031399586,180.40205756940682,0.9745732321089378,0.9970539031399586,0.5822653770446777
104,104,True,False,0.9493493652455965,0.9003051991181029,1.0,0.9967870627461805,162.05493584125853,3.8677181784631642,0.9967870627461805,1.0359208583831787
105,105,False,False,1.0,1.0,1.0,1.0,,,,0.14132022857666016
106,106,True,False,0.653509864742731,0.5905896139768577,0.43582343656743916,0.9970367944497693,106.30613051583438,0.8716468731348783,0.9970367944497693,1.473801851272583
107,107,True,False,0.8431212358004367,1.0,0.3754220996255988,0.9970628435761484,182.72786817959448,0.7508441992511976,0.9970628435761484,0.3273892402648926
108,108,True,False,0.5275951028513151,0.41437677050175964,0.2846391685761205,0.9969877018256208,74.58781869031674,0.569278337152241,0.9969877018256208,1.2792530059814453
109,109,True,False,0.8442799268763639,1.0,0.38006338046628585,0.9970563270391696,182.00550147002286,0.7601267609325717,0.9970563270391696,0.34093213081359863
110,110,True,False,0.4409892394835195,0.27557771379166773,0.21584709327246898,0.9969544370782735,49.60398848250019,0.43169418654493796,0.9969544370782735,1.254185438156128
111,111,False,False,1.0,1.0,1.0,1.0,,,,0.12884116172790527
112,112,True,False,0.9172401633835182,1.0,0.6719345932108602,0.9970260603232125,181.51626878693813,1.3438691864217205,0.9970260603232125,0.5845341682434082
113,113,True,False,0.48487360800540286,0.3451487138076161,0.2522103359761303,0.996986668430249,62.126768485370896,0.5044206719522606,0.996986668430249,0.9644498825073242
114,114,True,False,0.577632584933486,0.4806996473960358,0.3521047168428062,0.9970263280990659,86.52593653128645,0.7042094336856124,0.9970263280990659,0.999049186706543
115,115,True,False,0.9765552120904204,0.9547835442607819,1.0,0.9966537598401175,171.86103796694076,3.5298952275424753,0.9966537598401175,1.2084319591522217
116,116,True,False,0.6051275428633917,0.5238816729128084,0.37569051503465545,0.9970563105932945,94.29870112430551,0.7513810300693109,0.9970563105932945,1.026548147201538
117,117,True,False,0.8620482127857924,1.0,0.45120321017085274,0.9969896409723168,182.66259497190057,0.9024064203417055,0.9969896409723168,0.5273911952972412
118,118,True,False,0.8377961534196465,1.0,0.354214471660832,0.9969701420177544,181.377588593804,0.708428943321664,0.9969701420177544,0.310227632522583
119,119,True,False,0.6172131978467235,0.5450622456578345,0.38168231336779,0.997045986703435,98.1112042184102,0.76336462673558,0.997045986703435,1.2784638404846191
120,120,True,False,0.9596838048328666,0.9210205636053597,1.0,0.9966940921207472,165.78370144896473,3.847205864209556,0.9966940921207472,0.9580388069152832
121,121,True,False,0.820296515828415,1.0,0.28417534796044563,0.9970107153532146,180.81740606740763,0.5683506959208913,0.9970107153532146,0.5239014625549316
122,122,True,False,0.873191159860046,1.0,0.495701348301715,0.9970632911384693,182.89588880750736,0.99140269660343,0.9970632911384693,0.30251455307006836
123,123,True,False,0.510794059158859,0.3797500076326012,0.28667009897873896,0.9970061223914947,68.35500137386822,0.5733401979574779,0.9970061223914947,0.9916136264801025
124,124,True,False,0.770221885674717,0.7394668428822532,0.6048960199895639,0.9970578369447982,133.10403171880557,1.2097920399791278,0.9970578369447982,1.2983534336090088
125,125,True,False,0.8930474191567594,1.0,0.5750892376459227,0.997100438981115,181.59743151143303,1.1501784752918454,0.997100438981115,0.30608105659484863
126,126,True,False,0.9722131822480583,0.9459882576936292,1.0,0.996876213604975,170.27788638485325,3.7631473025921593,0.996876213604975,1.207874059677124
127,127,True,False,0.8823012841070906,1.0,0.5321768180170494,0.9970283184113131,181.52268454314117,1.0643536360340988,0.9970283184113131,0.31722307205200195
128,128,True,False,0.8625727296011245,1.0,0.4531417035511822,0.9971492148533158,180.87889621730048,0.9062834071023644,0.9971492148533158,0.5139672756195068
129,129,True,False,0.9463863952680392,0.8944455234790594,1.0,0.9966545341140384,161.0001942262307,3.77250668673193,0.9966545341140384,0.9210841655731201
130,130,True,False,0.8893296353418438,1.0,0.5602690685571545,0.9970494728102208,181.49866348671173,1.120538137114309,0.9970494728102208,0.5309505462646484
131,131,True,False,0.8336443812475354,1.0,0.33745369898792177,0.9971238260022195,180.34650638402974,0.6749073979758435,0.9971238260022195,0.2897307872772217
132,132,True,False,0.5589168757332763,0.2960167979545824,0.6466851058148535,0.996948801209087,53.28302363182483,1.293370211629707,0.996948801209087,0.8598284721374512
133,133,True,False,0.7720407602799336,0.7522892937613591,0.5865693885067138,0.9970150650903027,135.41207287704464,1.1731387770134276,0.9970150650903027,1.3000755310058594
134,134,True,False,0.6172388708016558,0.551954142859642,0.36804773697853577,0.9969994605088038,99.35174571473554,0.7360954739570715,0.9969994605088038,1.0363681316375732
135,135,True,False,0.8948588127343807,0.8676512320389175,0.8470956679965518,0.9970371188631363,156.17722176700514,1.6941913359931036,0.9970371188631363,1.3221654891967773
136,136,True,False,0.5564554645637435,0.4559679559870278,0.3168560631088262,0.9970298831720924,82.074232077665,0.6337121262176524,0.9970298831720924,0.996474027633667
137,137,True,False,0.5190433926240945,0.34577309228375674,0.3876305772900466,0.9969968086388179,62.23915661107621,0.7752611545800931,0.9969968086388179,1.2122869491577148
138,138,True,False,0.8500371097273982,0.8205671982154984,0.7619980494020062,0.9970159930765898,147.7020956787897,1.5239960988040124,0.9970159930765898,1.0718352794647217
139,139,True,False,0.8427749152363835,1.0,0.37410852024710195,0.996991140698432,183.1762330519834,0.7482170404942039,0.996991140698432,0.5220310688018799
140,140,True,False,0.8648000479395355,1.0,0.46204854596467726,0.9971516457934644,183.54477490695348,0.9240970919293545,0.9971516457934644,0.28456711769104004
141,141,True,False,0.8558542282615647,1.0,0.4263756698697705,0.9970412431764882,182.00580970194304,0.852751339739541,0.9970412431764882,0.2966654300689697
142,142,True,False,0.4742207022702112,0.32571836371614726,0.24845087453200776,0.9969952071165424,58.62930546890651,0.4969017490640155,0.9969952071165424,1.2816460132598877
143,143,True,False,0.5309862592330366,0.31352172826210634,0.4999227918001701,0.9969787886077632,56.43391108717914,0.9998455836003401,0.9969787886077632,0.9335291385650635
144,144,True,False,0.5505646906467587,0.4467453616056276,0.311743028019297,0.9970250113564829,80.41416508901297,0.623486056038594,0.9970250113564829,1.2149319648742676
145,145,True,False,0.48391960934779443,0.344067971184467,0.2505397667176332,0.9970027283046103,61.93223481320406,0.5010795334352665,0.9970027283046103,0.9769649505615234
146,146,False,False,1.0,1.0,1.0,1.0,,,,0.38240551948547363
147,147,True,False,0.7178696088662417,0.6675351285910582,0.5393339661341408,0.9970742121487095,120.15632314639049,1.0786679322682815,0.9970742121487095,1.0470259189605713
148,148,True,False,0.48769390103974497,0.28867658791482753,0.37646472178267487,0.9969577065466498,51.96178582466896,0.7529294435653497,0.9969577065466498,1.2022480964660645
149,149,True,False,0.6951058037810677,0.6611585791307951,0.46108860794702977,0.9970174489156506,119.00854424354313,0.9221772158940595,0.9970174489156506,1.0398263931274414
150,150,True,False,0.8654454333638152,1.0,0.46474507006400856,0.9970366633912521,182.44431857598235,0.9294901401280171,0.9970366633912521,0.30521535873413086
151,151,True,False,0.8575478435934727,1.0,0.43314792203908326,0.9970434523348073,180.15355849650416,0.8662958440781665,0.9970434523348073,0.5467624664306641
152,152,True,False,0.4975697854087163,0.36400173160896937,0.26525911819435777,0.9970165602225689,65.52031168961449,0.5305182363887155,0.9970165602225689,0.9919767379760742
153,153,True,False,0.8629467383192406,1.0,0.4547495282833829,0.9970374249935797,181.36104934769006,0.9094990565667658,0.9970374249935797,0.5107946395874023
154,154,True,False,0.8519539776859502,1.0,0.41072232267379505,0.9970935880700057,183.57763716149591,0.8214446453475901,0.9970935880700057,0.295687198638916
155,155,True,False,0.8474976087336515,1.0,0.3928728842978124,0.9971175506367939,181.77027875853523,0.7857457685956248,0.9971175506367939,0.5135917663574219
156,156,True,False,0.8623083024581267,1.0,0.4520723344165347,0.9971608754159721,182.81714115979312,0.9041446688330694,0.9971608754159721,0.3638904094696045
157,157,True,False,0.6523881108183843,0.3506064281785138,0.9113592502214658,0.996980336695044,63.10915707213248,1.8227185004429316,0.996980336695044,1.0859363079071045
158,158,True,False,0.8530348704770643,1.0,0.41505852169433766,0.9970809602139192,181.81902489803298,0.8301170433886753,0.9970809602139192,0.29415178298950195
159,159,True,False,0.6975313885468485,0.6617843391542355,0.46952711908881284,0.9970297567901102,119.12118104776239,0.9390542381776257,0.9970297567901102,1.0098397731781006
160,160,True,False,0.5106576334919755,0.3841891183493017,0.27727574301932023,0.9969765542499782,69.1540413028743,0.5545514860386405,0.9969765542499782,1.2358777523040771
161,161,True,False,0.863204022492724,0.8464806570237515,0.7628718468998699,0.9969829290235228,152.36651826427527,1.5257436937997397,0.9969829290235228,1.087109088897705
162,162,True,False,0.5286581424180267,0.40898200800292495,0.29963777283677473,0.9970307808294819,73.61676144052649,0.5992755456735495,0.9970307808294819,1.219496726989746
163,163,True,False,0.50615786567621,0.3519117368201318,0.32380864721077174,0.9969993418538045,63.34411262762373,0.6476172944215435,0.9969993418538045,0.9527008533477783
164,164,True,False,0.7189149719259866,0.676889651995002,0.5248480072170416,0.997032576496901,121.84013735910035,1.0496960144340832,0.997032576496901,1.2910268306732178
165,165,True,False,0.8844547518810847,1.0,0.5407153262098063,0.9971036813145323,181.27175759736625,1.0814306524196127,0.9971036813145323,0.3240351676940918
166,166,True,False,0.4954954502436628,0.310533552033579,0.36393882974091696,0.9969758671665762,55.89603936604422,0.7278776594818339,0.9969758671665762,1.2112877368927002
167,167,True,False,0.7265056960899532,0.6868911321206485,0.535191719481297,0.9970488006372188,123.64040378171671,1.070383438962594,0.9970488006372188,1.0945320129394531
168,168,True,False,0.4904069392647612,0.33707388380407316,0.2904907386129416,0.9969892508379569,60.673299084733166,0.5809814772258832,0.9969892508379569,0.9808433055877686
169,169,True,False,0.8647220507316757,1.0,0.4617903717619285,0.9970978311647744,180.7474848054286,0.923580743523857,0.9970978311647744,0.5255451202392578
170,170,True,False,0.8780204281359627,1.0,0.5150233592237257,0.9970583533201249,181.7686372399708,1.0300467184474513,0.9970583533201249,0.314469575881958
171,171,True,False,0.8344601114049329,1.0,0.34071185023951145,0.9971285953802203,182.24784101181476,0.6814237004790229,0.9971285953802203,0.4964892864227295
172,172,True,False,0.8597673246581232,1.0,0.4419751886351335,0.9970941099973594,180.37037330664353,0.883950377270267,0.9970941099973594,0.29117894172668457
173,173,True,False,0.7770201197708098,0.7591755263973798,0.5927253234311323,0.997004102857347,136.65159475152836,1.1854506468622645,0.997004102857347,1.3275270462036133
174,174,True,False,0.9479077985694815,0.8975439061328601,1.0,0.9965433820122058,161.5579031039148,3.724224546010106,0.9965433820122058,0.920130729675293
175,175,True,False,0.6573126049466155,0.5932911129448009,0.4456067080059718,0.9970614858908884,106.79240033006415,0.8912134160119436,0.9970614858908884,1.2306370735168457
176,176,True,False,0.8617388036994877,1.0,0.4499005151386477,0.9970546996593035,182.95901036360752,0.8998010302772954,0.9970546996593035,0.31273722648620605
177,177,True,False,0.5147928138905788,0.37805386051874884,0.3060510043058855,0.9970125302189319,68.04969489337479,0.612102008611771,0.9970125302189319,1.0075466632843018
178,178,True,False,0.5380260618863186,0.3393032351661386,0.47650634338956976,0.9969914338234276,61.07458232990495,0.9530126867791395,0.9969914338234276,1.2354578971862793
179,179,True,False,0.8601292152246822,1.0,0.443414464571255,0.9971023963274741,183.37690138829353,0.88682892914251,0.9971023963274741,0.2998051643371582
180,180,True,False,0.6611169627864011,0.6035234185510286,0.4403625581168811,0.9970584559266662,108.63421533918515,0.8807251162337622,0.9970584559266662,1.2539613246917725
181,181,True,False,0.7679640833239431,0.7454567539648851,0.5839168140876829,0.9970260112783191,134.1822157136793,1.1678336281753658,0.9970260112783191,1.0690772533416748
182,182,True,False,0.9298487191712991,0.8738670815246138,0.9746359034231773,0.9970248102127912,157.29607467443049,1.9492718068463546,0.9970248102127912,1.345914363861084
183,183,True,False,0.8465104820603024,1.0,0.3889174748510946,0.9971244533901151,180.18925952821064,0.7778349497021892,0.9971244533901151,0.2912468910217285
184,184,True,False,0.9774950551650126,0.956491544075413,1.0,0.9969971325092243,172.16847793357434,3.8910821906751565,0.9969971325092243,1.1485109329223633
185,185,True,False,0.461320084971629,0.312182856331499,0.22393396093236007,0.996980666291158,56.192914139669824,0.44786792186472013,0.996980666291158,0.943645715713501
186,186,True,False,0.8405552204358798,1.0,0.36522843934926286,0.9969924423942563,182.38873030050627,0.7304568786985257,0.9969924423942563,0.3045079708099365
187,187,True,False,0.730225061308486,0.6860568621855123,0.5517339776791275,0.9970525431837916,123.49023519339222,1.103467955358255,0.9970525431837916,1.3824877738952637
188,188,True,False,0.8529262227161891,1.0,0.4146195313970118,0.9970853594677449,183.20942431564433,0.8292390627940236,0.9970853594677449,0.3021581172943115
189,189,True,False,0.6420464979857318,0.5705756511596776,0.42998092105831986,0.9970537685652522,102.70361720874196,0.8599618421166397,0.9970537685652522,1.2613525390625
190,190,True,False,0.6149540159097435,0.5515464551546461,0.35970859046795667,0.9970145628617255,99.27836192783629,0.7194171809359133,0.9970145628617255,1.0236046314239502
191,191,True,False,0.8777331589706482,1.0,0.5138317109239239,0.9971009249586689,182.62326408233756,1.0276634218478478,0.9971009249586689,0.5321805477142334
192,192,True,False,0.675280074884156,0.6280400895745591,0.4480206925755432,0.9970194278119625,113.04721612342065,0.8960413851510864,0.9970194278119625,1.0386900901794434
193,193,True,False,0.48737738764638733,0.33015305665299616,0.2922149529586058,0.9969884843209512,59.427550197539304,0.5844299059172116,0.9969884843209512,1.1750566959381104
194,194,True,False,0.7106505627558765,0.6814669855701706,0.48266522537182865,0.9970030545113361,122.6640574026307,0.9653304507436573,0.9970030545113361,1.0785202980041504
195,195,True,False,0.5144686546686992,0.39291735638857433,0.27502128392794845,0.9970186219696993,70.72512414994338,0.5500425678558969,0.9970186219696993,1.0424299240112305
196,196,True,False,0.914247147194054,1.0,0.659919472946175,0.9970691158300408,181.2373266571284,1.31983894589235,0.9970691158300408,0.6077022552490234
197,197,True,False,0.976667443960561,0.9550030413297053,1.0,0.9966636931828335,171.90054743934695,3.654026641649736,0.9966636931828335,0.9460134506225586
198,198,True,False,0.5883305640952141,0.5023046745475535,0.35168556976529075,0.9970273375204586,90.41484141855962,0.7033711395305815,0.9970273375204586,1.2786591053009033
199,199,True,False,0.4817037301303345,0.3308219270461004,0.26820399085846347,0.9969670755706739,59.54794686829808,0.5364079817169269,0.9969670755706739,1.0530810356140137
