,wind_area1_pct,wind_area2_pct,solar_area1_pct,solar_area2_pct,load_area1,load_area2,gen_dispatch_bias,total_re_pct,net_flow_proxy,inertia_proxy,stress_index,success,stable,severity,f_angle,f_freq,f_voltage,angle_sep_deg,freq_dev_hz,voltage_dip,sim_time
0,0.028226043951444037,0.11656112156024796,0.27910605156006646,0.13672697397820546,1.1093940504836264,0.7180274248544086,-0.06507085477649276,0.280310095524982,0.3704633096571269,0.927606417244154,0.44125739283877774,True,False,0.47061807436606484,0.3220321047900195,0.2414195243932724,0.996988563490948,57.96577886220351,0.4828390487865448,0.996988563490948,1.3020741939544678
1,0.38221393569472306,0.08087188636732445,0.17741221054657833,0.04472190148182557,0.8092073893875452,0.9332756517399092,-0.021617071209953126,0.34260996704522567,-0.29635635822601647,0.7684570889689762,0.40047856203556376,True,False,0.8501374887022864,1.0,0.40341856742268334,0.9971313873864625,181.6302363997344,0.8068371348453667,0.9971313873864625,0.28099966049194336
2,0.00855658580117267,0.05077276127821522,0.29358406140973814,0.08470213705792187,0.9173189149315083,0.8399143775509876,0.14268143419493592,0.21880777277352398,0.24119405931397786,0.9703353264603061,0.32154786781842026,True,False,0.688960176913556,0.6276175691711691,0.5035226690737922,0.9970829002380941,112.97116245081044,1.0070453381475843,0.9970829002380941,1.0179517269134521
3,0.13784571050793246,0.23931695104675754,0.2679414283830691,0.18377436770067435,0.8492584464720945,1.0348332328307106,-0.13685216685845686,0.41443922881921674,-0.27169133294766046,0.811418669222655,0.44981341112198425,True,False,0.8303538896205767,1.0,0.3244368282556245,0.9969787302266823,180.3623662564282,0.648873656511249,0.9969787302266823,0.5200655460357666
4,0.32781052864091575,0.14787007849466455,0.16389322130533054,0.055329817988211835,0.8241214592559821,0.7580082040912686,0.021125491352956632,0.34745182321456136,-0.0027314785554554133,0.7621596964322098,0.18615203225591048,True,False,0.6521195753786545,0.5923032081004912,0.4268158483293192,0.9970560369843164,106.61457745808842,0.8536316966586384,0.9970560369843164,1.0131738185882568
5,0.10529973489799777,0.07268763335861796,0.2513758051489536,0.25739642673187735,0.778314086823591,1.0675506308830784,0.06023812837201875,0.3433798000687233,-0.24530446645715856,0.9110063158716921,0.3960007793284518,True,False,0.8609411399446136,0.817966443109364,0.8107546312837073,0.9970770422760189,147.23395975968552,1.6215092625674146,0.9970770422760189,1.2710928916931152
6,0.1008602475163907,0.37680009179752494,0.20399447829768672,0.2896598067168734,0.9028770427863338,0.7363316889490453,-0.13033554677326648,0.4856573121642379,0.17417972920458918,0.7611698303430422,0.3585729453222935,True,False,0.5018005296227117,0.30439629276589286,0.4014656510848589,0.9969438818742025,54.79133269786071,0.8029313021697178,0.9969438818742025,0.9657018184661865
7,0.28454108422446167,0.3724312588040471,0.2878951522514042,0.135664102444848,1.0851230466679858,0.723095016768089,-0.10617392707986088,0.5402657988623805,0.2997991901098286,0.6715138284857456,0.498040349469868,True,False,0.5989699426424591,0.5232821132302992,0.3523159118374579,0.9969996322717798,94.19078038145385,0.7046318236749158,0.9969996322717798,1.2179758548736572
8,0.07978541532718048,0.10959147135627537,0.15685994769504888,0.204574545385601,0.9856844094155996,0.7154334431214752,-0.07897019531832501,0.2754056898820529,0.20618379899034694,0.9053115566582721,0.30915201848129803,True,False,0.45734934632541974,0.2793346906040383,0.273775705826349,0.9969522982672533,50.2802443087269,0.547551411652698,0.9969522982672533,0.9568121433258057
9,0.12297728792686613,0.26090995213922435,0.10070823048705264,0.13240359207731145,0.970943569248587,0.8648113246280087,-0.005364234077034902,0.3084995313152273,0.16973434264972256,0.8080563799669548,0.33417914158507345,True,False,0.8907969562618436,1.0,0.5661686446957717,0.9970191803516031,180.80098408143516,1.1323372893915433,0.9970191803516031,0.5411694049835205
10,0.13630367962492226,0.10255384372442598,0.19546423408042762,0.2997738659331391,0.8736659320827411,0.9808429608131274,-0.012065737439487079,0.3670478116814575,-0.13611768412012148,0.8805712383253259,0.342116958368623,True,False,0.559865152681388,0.46045244519706274,0.3215228804545198,0.9970328398769066,82.8814401354713,0.6430457609090396,0.9970328398769066,1.0159530639648438
11,0.010694043375849347,0.1944207804310581,0.009617420412795575,0.1666075392869307,0.8116466655289354,0.8499406041745552,-0.10082406977983133,0.19066989175331683,-0.047254639897846756,0.8974425880965463,0.17001755806590746,True,False,0.6923095537919995,0.6554317728504527,0.46135212977498696,0.9970225396921059,117.97771911308149,0.9227042595499739,0.9970225396921059,1.2447738647460938
12,0.21237269115929755,0.14341590203108726,0.22601261504883385,0.1979366667591451,0.998782216672558,0.7280781840544053,-0.019120493114433368,0.3898689374991819,0.21710514493961416,0.8221057034048076,0.3679257621451821,True,False,0.4746834413351444,0.32027502344026687,0.26120847099606337,0.9969752474639805,57.64950421924804,0.5224169419921267,0.9969752474639805,1.0045335292816162
13,0.2246701387876672,0.20085547581113394,0.13267244777420809,0.09180926657086672,0.717808082910396,0.9340842398668261,0.008564204145224713,0.32500366447193796,-0.21961928429947203,0.7872371927005994,0.3247461170627639,True,False,0.8465919466460288,1.0,0.3893167152271957,0.9970510713569196,182.33304719988968,0.7786334304543914,0.9970510713569196,0.2950007915496826
14,0.38965313019546516,0.09040908450851859,0.2812328970967277,0.2940310805900689,0.8412074086334391,1.0433694228693433,0.11018795250005817,0.5276630961953901,-0.2415960845793193,0.7599688926480082,0.4771670971014432,True,False,0.6413090520291922,0.5689111486102773,0.4303409917456129,0.9970729191506014,102.40400674984991,0.8606819834912258,0.9970729191506014,1.2949542999267578
15,0.08051334166916185,0.3895092930056455,0.15829663015876874,0.2748212039607179,0.7860923244238108,0.7458246523790216,0.09800132325199307,0.45157023439714705,0.29276697096502413,0.7649886826625963,0.38926752053858144,True,False,0.593085609679143,0.396911642172588,0.5815199309249905,0.9969992234464056,71.44409559106585,1.163039861849981,0.9969992234464056,1.0643887519836426
16,0.16789142425886458,0.1293277599069602,0.20078907466212073,0.22975543302398108,0.8296821310589272,0.8183852715715926,-0.1493308057094669,0.3638818459259633,-0.1573157783980845,0.8513904079170876,0.30195905606686596,True,False,0.5012694733832345,0.37484352264632537,0.2584071372451291,0.9969837109951579,67.47183407633857,0.5168142744902582,0.9969837109951579,1.196671724319458
17,0.2130839881548624,0.17976978600910515,0.26322194058286785,0.036333860647956386,1.0033327124306548,0.805941486538976,-0.13560618860404822,0.3462047876973959,0.045127936214751946,0.8035731129180163,0.26787722655021723,True,False,0.8770847444574265,1.0,0.5113150320211126,0.9970239458085933,180.31321823950614,1.0226300640422252,0.9970239458085933,0.3035087585449219
18,0.2549550893806077,0.296564902939997,0.2497557183269581,0.2168312420503088,1.100782815978111,0.8452478584477616,0.11032991502022663,0.5090534763489357,0.38666977933027064,0.7242400038396977,0.5721309267442048,True,False,0.6102634555338063,0.5248734137687525,0.3942568895264742,0.997050105071246,94.47721447837544,0.7885137790529484,0.997050105071246,1.2597315311431885
19,0.09873753948407714,0.060063186849466224,0.04106927206874574,0.12965793155069139,1.0736899982438595,1.0519525551437974,0.053865548768881666,0.16476396497649023,0.0562658155516383,0.9205996368332283,0.28107571366849327,True,False,0.8532999506526574,1.0,0.41604709384274585,0.9971527087678839,182.6556302353024,0.8320941876854917,0.9971527087678839,0.28555917739868164
20,0.04740061720847916,0.16012543795916254,0.11010267400071407,0.05601725724532493,0.9612504195569787,0.9306566952706814,0.02737444411034823,0.18682299320684034,0.11433057877198717,0.8962369724161792,0.2663043232528435,True,False,0.8448277181762506,1.0,0.3822129697351997,0.9970979029698025,182.00473150753666,0.7644259394703994,0.9970979029698025,0.5170562267303467
21,0.10671355377311796,0.13807519157068798,0.1612313553814603,0.13608360146825488,1.0232867779993589,0.7201308654207803,-0.03985525469779792,0.27105185109676055,0.27898147677956564,0.877605627328097,0.36166403736147845,True,False,0.48262334088449865,0.3405287399700041,0.25243744245914,0.9969984411388465,61.295173194600736,0.50487488491828,0.9969984411388465,0.9629158973693848
22,0.13458088568068372,0.01603376808785682,0.07755296808507421,0.09305023258379984,1.0320950939699354,0.9604741956982502,-0.05758857258693913,0.1606089272187073,-0.04524123311166741,0.9246926731157298,0.23953063317152976,True,False,0.8667944480463023,1.0,0.47007816056328267,0.9970996316219268,180.61947172789303,0.9401563211265653,0.9970996316219268,0.2845158576965332
23,0.0655461031179237,0.14175216043704864,0.05457250322775182,0.007690489289817415,0.7834563601411481,0.9552565621601641,-0.09154991914271639,0.13478062803627078,-0.22524709250216993,0.8963508682225139,0.27373873729113835,False,False,1.0,1.0,1.0,1.0,,,,0.3576653003692627
24,0.10971527991766206,0.054846386604807944,0.040413382452250984,0.29398413898774767,1.0565626801646901,0.9180535283451972,-0.07429003644947038,0.24947959398123432,0.036784668713595536,0.917719166738765,0.26551669094812286,True,False,0.47236509171171925,0.3235962001005178,0.24527856067911102,0.9969894059667304,58.24731601809321,0.49055712135822205,0.9969894059667304,0.9562299251556396
25,0.3124088561838891,0.27331928547320045,0.24345477715737593,0.24576150667728597,0.9413074079833499,0.893640619439986,0.030111651279883356,0.5374722127458758,0.05823365446790296,0.7071359291714552,0.3586660846349261,True,False,0.6404311573762466,0.575641997272262,0.4134012520016519,0.9970393829588106,103.61555950900716,0.8268025040033038,0.9970393829588106,1.220754623413086
26,0.2599565249379872,0.3208185015904035,0.11907244134667169,0.04856295931812584,0.9547323632667893,0.7569067047710839,-0.0757869405899457,0.3742052135965941,0.15246970623196787,0.7096124867358047,0.3190736761872867,True,False,0.8892068964683187,0.8616629019260986,0.8365033963626161,0.9969983856584617,155.09932234669776,1.6730067927252321,0.9969983856584617,1.087986707687378
27,0.24862638586154043,0.23247624705128236,0.1364237460728222,0.08937490608465858,0.8146915429002267,0.7653345528973546,0.13267566514381504,0.3534506425351518,0.1739575857415581,0.7594486835435886,0.29076133240839097,True,False,0.6582366070364324,0.5916314366474771,0.4526191046634196,0.9970644501873559,106.49365859654588,0.9052382093268392,0.9970644501873559,1.2588591575622559
28,0.0051564250484022476,0.039097346856072385,0.27076532198956005,0.0668984805897948,0.9308730877666322,0.823027206314505,0.005415752734066387,0.19095878724191473,0.1302320950900287,0.9778731140477627,0.24299784547106745,True,False,0.6941303560899683,0.6463741155420236,0.4867193090823321,0.9970538841934939,116.34734079756424,0.9734386181646641,0.9970538841934939,1.0491909980773926
29,0.07873353668249916,0.3718602315890461,0.2688915920444822,0.04243733297355383,0.808863358816905,0.7333365492136205,-0.01752479433736967,0.38096134664479064,0.2045653627191883,0.7747031158642274,0.3106737332970606,True,False,0.8031090767884936,0.7781577650239058,0.6591118906266651,0.9970088864794977,140.06839770430304,1.3182237812533302,0.9970088864794977,1.3309683799743652
30,0.3076716387949954,0.09346456521016999,0.25436357963341977,0.2590105594945799,0.9578450591935594,0.741025687439426,-0.05072468822195071,0.4572551715665826,0.05899114673977007,0.7994318979974173,0.2930144433287415,True,False,0.4897429320423268,0.27210726873877805,0.4178103652619747,0.9969468254297764,48.97930837298005,0.8356207305239494,0.9969468254297764,0.9193203449249268
31,0.2989049042517701,0.3642742843717286,0.21818663008588235,0.27304804513297454,0.7358454160787075,0.9869212597233522,0.14564933686793616,0.5772069319211778,-0.07274181671672933,0.6684104056882507,0.35521953174902365,True,False,0.8895298268162085,0.8328514340350397,0.8953781789835027,0.997038260211252,149.91325812630714,1.7907563579670054,0.997038260211252,1.3110237121582031
32,0.18440631799553364,0.2152173758953705,0.12465366387076267,0.13054047970288699,0.9303399437269309,0.8388361646177218,0.1476787131018267,0.32740891873227684,0.25458802116095414,0.8001881530545479,0.3760104072756464,True,False,0.7468250547532441,0.7008303186238444,0.5885664064822045,0.9970731752830834,126.14945735229199,1.177132812964409,0.9970731752830834,1.0632612705230713
33,0.2334117420000308,0.15431390363489458,0.2737407729855836,0.2494092615286187,0.9274464255499041,0.9077927210964878,0.1339060889386511,0.45543784007456384,0.1140108742094993,0.8061371771825373,0.35939144721712313,True,False,0.5644778383416131,0.45777073341683083,0.34531012816301754,0.9970597583697733,82.39873201502955,0.6906202563260351,0.9970597583697733,1.0599291324615479
34,0.03971609156213596,0.022163103420339062,0.23317018535109646,0.07950067145214432,1.04350110467188,0.7600186093574963,-0.027817830545238093,0.18727502589285788,0.24688817069824717,0.9690604025087625,0.3239228412834356,True,False,0.5328062120111827,0.4195188212389692,0.2951694257858364,0.9970177797809562,75.51338782301445,0.5903388515716728,0.9970177797809562,1.3043830394744873
35,0.2971029666011034,0.16697100049679556,0.17906937895646913,0.020142733593625024,0.9770011360667212,0.8921520202443854,-0.06968297867034816,0.33164303982399657,-0.0498998459001663,0.7679630164510505,0.2798854125474751,True,False,0.837549795736394,1.0,0.35312293349641166,0.9970762494491643,180.8163889312673,0.7062458669928233,0.9970762494491643,0.2846641540527344
36,0.01681646677111968,0.0740199728204458,0.2509060795181561,0.26266193928874393,0.9872840406151286,0.7072310352062965,-0.11710884769099877,0.3022022291992328,0.19154591074249644,0.9545817802042172,0.3094372070805473,True,False,0.48538751174397043,0.2276365969253022,0.4893618657002179,0.9969149874250594,40.974587446554395,0.9787237314004358,0.9969149874250594,1.0355949401855469
37,0.19798531715643994,0.12017282657547933,0.15760758898231908,0.2277208038201063,1.0294521854885565,1.1493240545410617,0.04266024558310133,0.35174326826717234,-0.11611786875988411,0.8409209281340404,0.405062088570204,True,False,0.8466339037072597,1.0,0.38940488489291525,0.9971307299361235,180.1907118490415,0.7788097697858305,0.9971307299361235,0.2934577465057373
38,0.06863508063892175,0.14004157081909904,0.18825340164556228,0.06317092133148405,0.8222751683013391,1.0029763768196882,-0.014029054774113009,0.23005048721753357,-0.1590270182023735,0.8956616742709896,0.2937492920886943,True,False,0.8287478740516495,1.0,0.31786781382274043,0.9971236823838576,181.60575574346376,0.6357356276454809,0.9971236823838576,0.509190559387207
39,0.25261215830483635,0.3813591113654139,0.2984919542662682,0.1933432067560483,1.0222842756591617,0.7043157797827093,0.0711255698490926,0.5629032153462834,0.45346754225583374,0.6830143651648749,0.5788918253524814,True,False,0.5501445865177353,0.40454567399752733,0.39448598962347603,0.9970010084524107,72.81822131955492,0.7889719792469521,0.9970010084524107,1.0375072956085205
40,0.07109289637784379,0.14495535091102574,0.06432536078629221,0.1467809555022641,1.1055735277647982,0.8118402491803582,-0.024369967481888022,0.21357728178871294,0.30629453836914294,0.8919758763555652,0.39856107997326007,True,False,0.60275105898696,0.5261942560224866,0.36157666113464515,0.9970390627682217,94.71496608404759,0.7231533222692903,0.9970390627682217,1.236083984375
41,0.11291588466544311,0.1567563325459443,0.11561730871142809,0.28302180847464115,0.8590197073185989,0.8668710213377296,0.02342782273572036,0.3341556671987283,0.0374967326568402,0.8651638913943063,0.2376329886376776,True,False,0.4979772965945858,0.36693966063529804,0.26102135810002736,0.9970085070077196,66.04913891435365,0.5220427162000547,0.9970085070077196,0.9997768402099609
42,0.08646858895899544,0.39289502028410395,0.14745108561997383,0.14706199674558623,0.8984153137295896,0.7380503050947583,-0.0010041417267072084,0.38693834580432973,0.3125740825706783,0.7603181953784504,0.4014361925702259,True,False,0.5989244420686479,0.5159098674150032,0.36685621300714644,0.9970218204374387,92.86377613470057,0.7337124260142929,0.9970218204374387,1.0624985694885254
43,0.20080839699033728,0.24597517686820145,0.06755440465612197,0.25991384450380733,0.9392790230435265,0.9569517131594975,0.07049451415778027,0.38712591150923403,0.0754052139807414,0.7766082130707306,0.3241511770428945,True,False,0.7136015047586428,0.6701555570785834,0.5170433489809199,0.9970515558964848,120.62800027414502,1.0340866979618397,0.9970515558964848,1.2727560997009277
44,0.17009667212803595,0.13727930405328165,0.19727759158233799,0.043663496121946366,0.9813998483819553,0.7864966329199183,0.08195068987275464,0.274158531942801,0.26044522129741443,0.8463120119093412,0.3579046658810374,True,False,0.7484515972001424,0.7067644850767649,0.5831986179481454,0.9970788006988944,127.2176073138177,1.1663972358962909,0.9970788006988944,1.0497300624847412
45,0.12555991130047264,0.09444689619758873,0.19300942319288825,0.15002263866247081,0.9508923496583893,1.110300743223826,0.08569968487692156,0.2815194346767102,-0.08926521623995719,0.8899965962509693,0.3314651768352123,True,False,0.843242895992461,1.0,0.3758157840965204,0.9971557998733238,183.2663339021248,0.7516315681930408,0.9971557998733238,0.5082075595855713
46,0.28253502654380636,0.09502208302092617,0.11294131799835445,0.16440473838708,0.8866545783186491,1.018875105576095,0.0038984551597607,0.3274515829750835,-0.2220785438591252,0.8112214452176337,0.3906101804791945,True,False,0.8646424184578856,1.0,0.461461655940564,0.9971080178909785,181.54025279156883,0.922923311881128,0.9971080178909785,0.28751087188720703
47,0.0730752983327801,0.1811774169093826,0.21597227195459914,0.05672047324401995,0.9575702142186469,0.9372520574224961,0.07674352077849939,0.2634727302203909,0.15111273686295143,0.8728736423789186,0.319762302116213,True,False,0.8435658412492406,1.0,0.3771858897515301,0.9970774752454323,182.74509892707675,0.7543717795030602,0.9970774752454323,0.5165090560913086
48,0.32110436511861634,0.04732838719114414,0.17382175622747956,0.12011041415277604,0.8154834646486643,1.1332899872449629,0.05077579226166082,0.33118246134500806,-0.40391871929837386,0.8157836238451197,0.5120175790904343,True,False,0.9580678687559405,0.9177862789583178,1.0,0.9966989171071264,165.2015302124972,3.893883527846981,0.9966989171071264,0.9227249622344971
49,0.030409679749116854,0.28560305993225216,0.1377938812119337,0.1800850818283711,1.096913957107818,0.8259045869598597,-0.08200644520390923,0.31694585136083686,0.3165996150356166,0.8419936301593155,0.44744274558262415,True,False,0.671156884504498,0.6266954062185937,0.4342227043903151,0.9970140211904894,112.80517311934686,0.8684454087806301,0.9970140211904894,1.2652158737182617
50,0.009282360852358434,0.04919256839402372,0.2595009424724499,0.14227772845724163,0.7996660653049773,0.7482210760622167,0.01681884605278272,0.23012680008803688,0.08821893906637601,0.9707625353768089,0.18195386881683887,True,False,0.4761780291116362,0.3351504370323022,0.23741578924121143,0.9969954531407289,60.32707866581439,0.47483157848242286,0.9969954531407289,0.9403960704803467
51,2.4199627370827817e-06,0.06329911898987935,0.25380359036968997,0.10920572318030865,1.1107202888946786,1.0594409688293531,0.04339922481501521,0.2131554262513075,0.12632689439391176,0.9683492305236918,0.35359862156787797,True,False,0.8421503874918279,1.0,0.37144022867286,0.9971613212944516,180.74653031615676,0.74288045734572,0.9971613212944516,0.2750520706176758
52,0.3556346215368009,0.30693283333115223,0.2270985157217334,0.029986748414250065,0.7894900600939373,0.7285361422019292,0.14374253065321582,0.45982635950196826,0.18034555444239958,0.6687162725660234,0.32164442704019375,True,False,0.7421758305536308,0.6968925179145243,0.5778617653825222,0.9970565210029523,125.44065322461438,1.1557235307650444,0.9970565210029523,1.2739973068237305
53,0.3476746572694833,0.22409093518557707,0.2553528434585362,0.2806932615379365,0.7792104121065657,0.7318898808898643,-0.1262245374686361,0.5539058487257665,-0.14069586729388778,0.7141172037724698,0.33375493311574683,True,False,0.4920784929132396,0.2770197156693681,0.4173388650662808,0.9969356752479412,49.863548820486265,0.8346777301325616,0.9969356752479412,0.9521074295043945
54,0.19675862793837334,0.24667750765283133,0.2323834188269374,0.048844264226031886,0.7345563472000936,0.7533683244312838,0.051906019181143986,0.362331909322087,0.05805348180718277,0.7782819322043977,0.20174602072098877,True,False,0.7477020998373429,0.7126663403746863,0.5684289514246714,0.9970467671753277,128.27994126744355,1.1368579028493428,0.9970467671753277,1.3162500858306885
55,0.30321617589062433,0.09156161374141582,0.046892807018559954,0.03150397368829873,0.7914910778383986,0.9702085317514924,-0.06217691547691441,0.23658728516944943,-0.34672165046461245,0.8026111051839799,0.39309280674402003,True,False,0.8325919235260261,1.0,0.33322559147511654,0.9971421026289877,180.74313095640596,0.6664511829502331,0.9971421026289877,0.28164172172546387
56,0.09356702750713225,0.32296415724858185,0.2940301691082531,0.02392274798690238,0.842828786020032,0.7728481750620568,0.13945085217456124,0.36724205092543477,0.3241300280032612,0.791734407622143,0.39529407744265277,True,False,0.8857480313382566,1.0,0.5459622412651477,0.997029884087879,181.56354796515546,1.0919244825302954,0.997029884087879,0.5414583683013916
57,0.31154488215758824,0.2704839121987429,0.26751557253822855,0.03821177963806883,0.7133744495857196,0.7029424325747613,-0.1042953963381199,0.44387807326631423,-0.11439386430658427,0.7089856028218344,0.2502667684305965,True,False,0.6654403047439235,0.6205647353494173,0.4236219308053819,0.9970098174714774,111.7016523628951,0.8472438616107638,0.9970098174714774,1.0449531078338623
58,0.12715879629378504,0.017739651456584748,0.2217581321692742,0.15806813786022875,1.05496015367438,0.7937313343476338,0.006578810343402436,0.26236235888993636,0.21309805725154857,0.9275507761248151,0.3449766499124072,True,False,0.4822859022999077,0.33968059192521877,0.25277832307864756,0.9970041022705457,61.14250654653938,0.5055566461572951,0.9970041022705457,1.2158598899841309
59,0.22766926425794518,0.2950696153824109,0.2122135730326148,0.2651544227960703,0.7396994972032036,0.8607057392369978,0.056964469484995894,0.5000534377345206,-0.030341596986565425,0.738630560179822,0.26832764239579787,True,False,0.5564653045196393,0.4461699084175285,0.336489260244516,0.997032140998984,80.31058351515513,0.672978520489032,0.997032140998984,1.019146203994751
60,0.0037583610912609146,0.07943078794956933,0.020557353462925403,0.2716129235001827,0.7078696659329741,0.9487899593582397,-0.09646433931482024,0.18767971300196915,-0.2995484193109317,0.9584054254795848,0.31896584311015014,True,False,0.5663767958957051,0.4764861755932468,0.31552206566277974,0.997012766733547,85.76751160678442,0.6310441313255595,0.997012766733547,0.9956057071685791
61,0.25883725651389505,0.07322706261186472,0.28435838134365704,0.2180593023871844,0.7799663571089844,1.1157387353909138,-0.02070256834074999,0.4172410014283006,-0.44928004357369455,0.8339678404371201,0.5603906998405116,True,False,0.8541452077985513,1.0,0.41945515890215646,0.9971256722920488,180.14159486324687,0.8389103178043129,0.9971256722920488,0.5160799026489258
62,0.27358597390621076,0.11068236436563646,0.17319141870518973,0.05997762392242523,0.7187352115126668,0.8664785865837052,0.09662588418181364,0.3087186904497311,-0.13256929565951192,0.8078658308640764,0.24933250309969263,True,False,0.8850189842836975,1.0,0.5429787371208548,0.9970972000139354,180.3286632566212,1.0859574742417095,0.9970972000139354,0.2970571517944336
63,0.06785628133854447,0.23730690457307035,0.13862029204766846,0.030369530473813466,0.8282592537145801,0.8619954914446749,0.09073756514857684,0.23707650421654838,0.14172663903574495,0.8474184070441926,0.2524302713978801,True,False,0.8483494671884764,1.0,0.3963720200744163,0.997025848679489,181.8881562294377,0.7927440401488326,0.997025848679489,0.5222055912017822
64,0.013404286225314276,0.14976871946031317,0.13659458362657215,0.26980975162007864,0.83768788360011,1.0200022665548991,-0.07679712487504443,0.2847886704661391,-0.19092929121233404,0.9184134971571862,0.3428955804526084,True,False,0.7639909189357494,0.7385090417204837,0.5819048679942291,0.9970407243078014,132.93162750968708,1.1638097359884583,0.9970407243078014,1.065622329711914
65,0.3132688640233472,0.29221703986997394,0.07832254963601884,0.11917153867739642,0.7676080300477621,0.8317762308932638,0.02490142692313624,0.4014899961033682,-0.049792685999052066,0.6972570480533394,0.24031767527603504,True,False,0.9534359671671927,0.9083596586936274,1.0,0.9970245512815157,163.50473856485294,2.109931893999743,0.9970245512815157,1.3704397678375244
66,0.16311242891151198,0.36260537011184996,0.059010650633550245,0.2312934441533263,0.8365963869545334,0.9099147175251721,-0.05295133106690077,0.4080109469051192,-0.0265231910373704,0.737141100488319,0.26574606950439633,True,False,0.7871280666818913,0.7649395502744509,0.6216291765936113,0.9970039895850521,137.68911904940117,1.2432583531872226,0.9970039895850521,1.0914967060089111
67,0.2010646186304335,0.27953235974337337,0.20760244336443703,0.2419670955128377,0.9526816296445827,0.8573525027203455,0.0868778463745841,0.46508325862554084,0.22144084385529125,0.7597015108130966,0.4214063428546232,True,False,0.5804887722375475,0.48227772596475926,0.360356611865317,0.9970430251553544,86.80999067365667,0.720713223730634,0.9970430251553544,1.3532958030700684
68,0.08831543792660633,0.1046605222457911,0.12903382620610815,0.257067302440981,1.057638709931757,1.0872773073666246,0.1043392229610616,0.2895385444097433,0.08287316768578636,0.9035120199138013,0.35176832269996455,True,False,0.8956899639819437,1.0,0.5856661663488474,0.9970936895789272,181.0768772258149,1.1713323326976948,0.9970936895789272,0.3118898868560791
69,0.05772188664312852,0.012797911898354523,0.043360675398846686,0.11060849077397512,0.7467230312785973,0.9888331301801636,-0.011283879837742067,0.11224448235715243,-0.2758559661116954,0.9647401007292584,0.29430041297456844,True,False,0.8696406357059395,1.0,0.48144660329934297,0.9971159395244151,182.69391128194684,0.9628932065986859,0.9971159395244151,0.28162169456481934
70,0.014518508659673718,0.2200406676523644,0.1135106105994355,0.05437837008252854,1.1318754714167165,0.8493410091731317,-0.004721080462180893,0.20122407849700108,0.38057446127774924,0.882720411843981,0.45413842831291207,True,False,0.8626200191405661,1.0,0.4534430463263952,0.9970370302358692,182.52793851346343,0.9068860926527904,0.9970370302358692,0.5563657283782959
71,0.20323519644739277,0.1341232892027354,0.14407376860982515,0.06901157354381193,0.8012698374815074,0.743927875975636,0.0036961333946228525,0.2752219139018826,0.026482141278165505,0.8313207571749359,0.16227747869193823,True,False,0.5907301901310903,0.5063964285762957,0.3530833977251788,0.9970445056465908,91.15135714373324,0.7061667954503577,0.9970445056465908,1.106276512145996
72,0.22286220646407218,0.22169553347352397,0.006335326309451655,0.04192726658347089,0.8306734784224725,0.898431149298538,-0.01990677330172666,0.24641016641525934,-0.0882477806730662,0.7777211300312019,0.23378889190019608,True,False,0.8387085318339891,1.0,0.35781889359648034,0.997015233739476,182.85648720048846,0.7156377871929607,0.997015233739476,0.5217795372009277
73,0.2021038779175764,0.21789960435435018,0.10705159514163651,0.08186514109794903,1.0125480714186106,0.7794097360772763,-0.10983739447495808,0.30446010925575606,0.13119880408476314,0.7899982588640367,0.29849277802713203,True,False,0.7401578238176068,0.7159985577393269,0.5316176104636057,0.9970165693281674,128.87974039307883,1.0632352209272113,0.9970165693281674,1.0395057201385498
74,0.1867547410269768,0.39428975479866407,0.17786149901294837,0.2918440686451083,0.7637432625860463,0.8017777933064262,-0.10368630480289923,0.5253750317418489,-0.037953328637435474,0.7094777520871796,0.274302273852319,True,False,0.5068101569806654,0.371823786156032,0.28661305877811927,0.9969799968324783,66.92828150808576,0.5732261175562385,0.9969799968324783,1.1845533847808838
75,0.03208315159237081,0.09867846700851768,0.28604390309106403,0.23815123940100802,0.962799492349099,1.1314016281472357,-0.015140429208461509,0.32747838054648026,-0.15044490729852472,0.9346191906995558,0.39480857672179065,True,False,0.8577065448673549,1.0,0.43370660750609247,0.9971195719633272,182.67875243075005,0.8674132150121849,0.9971195719633272,0.28731250762939453
76,0.1815417379584635,0.09987096994281797,0.18288575496738183,0.011525787890227342,0.9189329566844835,0.7462129159935755,-0.12398936737095605,0.2379121253794453,0.007895289312129142,0.8592936460493592,0.16618849190857038,True,False,0.6922685470243098,0.6548073852043147,0.4624337632874571,0.9970256544011529,117.86532933677664,0.9248675265749142,0.9970256544011529,1.2528836727142334
77,0.15827381987161612,0.010538900569845092,0.17050503652415303,0.09030022848246301,0.878343118030646,1.1399311812685475,-0.06850703523206622,0.21480899272403864,-0.40396255812085324,0.9155936397792694,0.48286970678692576,True,False,0.9744413228214451,0.9503817162502999,1.0,0.9970018587851808,171.06870892505398,3.8752945632440685,0.9970018587851808,0.957512378692627
78,0.09182276449875074,0.21832190593912015,0.16886549432901907,0.21221980969504503,1.1348691632255243,1.0038709513491018,-0.13781221396419213,0.3456149872309675,0.05643556863241515,0.8449276647810646,0.35679236471549264,True,False,0.8606428083365765,1.0,0.4455604539025515,0.9970107794437542,181.7002432719434,0.891120907805103,0.9970107794437542,0.3080606460571289
79,0.25759685979588093,0.358438181069937,0.2619601630987338,0.0018682993861864844,0.7822295278822268,0.7209032863885811,0.13451469615139247,0.43993175167536913,0.24626159828206615,0.691982479567091,0.3495128632070894,True,False,0.9087179264046132,0.8481781479091512,0.9414790223587204,0.9970363874414301,152.67206662364723,1.8829580447174408,0.9970363874414301,1.413947582244873
80,0.10833215084115203,0.13087063719654174,0.13929363560579872,0.17014600912782493,1.088931039137576,0.7419909213842321,-0.08543274518263894,0.2743212163856587,0.2727766157483998,0.8803986059811532,0.38112494613375536,True,False,0.46912196031994746,0.3182635329913596,0.24297447165727348,0.9969863036397971,57.28743593844473,0.48594894331454697,0.9969863036397971,0.912442684173584
81,0.195679508838322,0.3520238716093083,0.10470024289862727,0.2544859292094292,1.0307238689698597,0.9391749308730983,-0.05690633070999189,0.4534447762778434,0.11281478877226261,0.7261483097761848,0.39154148373523445,True,False,0.7820809398127532,0.7600205792008411,0.6112773760955328,0.9970052247537979,136.8037042561514,1.2225547521910656,0.9970052247537979,1.1951038837432861
82,0.2463897725555668,0.259556057113604,0.035298046875423206,0.10285951171788958,0.7491375073669492,0.7050123830477034,-0.016867368192069354,0.3220516941312418,0.033840898406195016,0.7470270851654146,0.1626626892998769,True,False,0.5565867101227312,0.4524558143148374,0.3244157145232158,0.9970194973380342,81.44204657667073,0.6488314290464317,0.9970194973380342,0.9378354549407959
83,0.20836779749988513,0.043665888733041246,0.20831684624942556,0.057815496123558345,0.8047106411880641,0.7744262617535177,-0.07873365332307342,0.25908301430295516,-0.13080022827194893,0.8739831568835368,0.2268975684197469,True,False,0.6147094692039785,0.547071146675958,0.36767170343891564,0.9970238800250822,98.47280640167244,0.7353434068778313,0.9970238800250822,1.1543989181518555
84,0.21025500847422035,0.189235332771438,0.183928057431028,0.29888954427679326,0.7951114912811714,1.0923547454393323,-0.12198361439576946,0.4411539714767398,-0.42973670640532147,0.8002548293771709,0.5561701716140148,True,False,0.8867865189830932,1.0,0.5501260189193253,0.9970200570130475,180.36671720626757,1.1002520378386507,0.9970200570130475,0.30063867568969727
85,0.023710679863897667,0.08874219159029766,0.013810528969427959,0.2449425132088312,0.9911287863151059,0.754206936981153,-0.11164542743947078,0.18560295681622724,0.1577921777576821,0.9437735642729024,0.2552504202051649,True,False,0.4383272055416815,0.26018796157581286,0.23599195822177066,0.9969409407933296,46.83383308364631,0.4719839164435413,0.9969409407933296,1.1243648529052734
86,0.3928842958326906,0.16360993740984348,0.264751042863741,0.10710555688257681,0.8112017909696001,1.0077743496258846,-0.01321475139447742,0.4641754164944259,-0.3244244892621855,0.721752883378733,0.4850688953039528,True,False,0.8364132161841037,1.0,0.34856498260105795,0.9970878821353568,182.1985762703739,0.6971299652021159,0.9970878821353568,0.2742295265197754
87,0.30931383708438487,0.006347313265130744,0.18600596849585396,0.23400043356808187,0.8816689831720348,0.7932679010271689,0.04445411752577347,0.3678337762067257,-0.018628062238987747,0.8421694248252423,0.2270445688758839,True,False,0.46512439821287505,0.30432681784520815,0.25487037566066206,0.9969735815004218,54.77882721213747,0.5097407513213241,0.9969735815004218,0.8872745037078857
88,0.33802333592178346,0.08768167361237099,0.2306540933356218,0.1759314173063884,0.9766921534511235,0.9951187025148736,-0.14726500327130135,0.41614526008808234,-0.2908623834897577,0.7871474952329227,0.48392824812058677,True,False,0.8715920507267587,1.0,0.4893154076373527,0.9970527952696822,180.89238664394466,0.9786308152747054,0.9970527952696822,0.5456547737121582
89,0.11321253612536851,0.38216787992471807,0.0818840769100516,0.2959375005014701,0.794138261107479,0.8206575766228745,-0.018601042075382046,0.43660099673080416,0.08935731430889718,0.7523097919749567,0.28195374671024837,True,False,0.5157758781270528,0.3863139351606414,0.2934776003090569,0.9969980418778718,69.53650832891545,0.5869552006181138,0.9969980418778718,0.9918582439422607
90,0.06950874255360863,0.15510696898046372,0.09139206847794108,0.11559069841525578,0.7167668928629066,0.7178272837876886,0.07759961999004453,0.21579923921363459,0.11933834227869014,0.8876921442329638,0.16657124521531674,True,False,0.5152894121047398,0.3939835081186469,0.27616717221891207,0.997023459962753,70.91703146135644,0.5523343444378241,0.997023459962753,1.1711859703063965
91,0.012932481519812586,0.2499471928985999,0.08399961094187572,0.2966727625052293,0.7250035481335462,1.083585806855935,-0.010239193204849395,0.3217760239327587,-0.2503140962378445,0.8685601627907937,0.3810462060631805,True,False,0.8807833372983795,1.0,0.5261134344645555,0.9970199147289625,181.71180237427342,1.052226868929111,0.9970199147289625,0.3069009780883789
92,0.10417687268258383,0.17083199915142214,0.023139852198883943,0.09910439926978458,0.907198984813806,1.0571436905129525,0.03613560009052952,0.19862656165133724,-0.08048154237419786,0.862495564082997,0.26882521891674327,True,False,0.9578854601583289,0.9176785933976752,1.0,0.9961846538379651,165.18214681158153,3.5809685114045777,0.9961846538379651,1.0807807445526123
93,0.23482370863497787,0.08982465348854608,0.18463266928289482,0.17520112003239433,0.7978858129854693,0.7020956373349855,-0.004240154869270235,0.34224107571940654,0.019050493207997732,0.8376758189382381,0.17332208879267497,True,False,0.480837563602488,0.30341741199554534,0.3195463791617925,0.9969690512570689,54.615134159198156,0.639092758323585,0.9969690512570689,0.8932802677154541
94,0.03755127049279875,0.02060708182330293,0.12009368685070944,0.1612683032656287,1.082643033671379,1.0609086617360854,-0.06766559844090668,0.1697601712162199,-0.054403320840360994,0.9709208238419491,0.28643398484257065,True,False,0.8584560064331399,1.0,0.43669444016054015,0.9971295855720196,182.28572374824174,0.8733888803210803,0.9971295855720196,0.5529816150665283
95,0.31597342223500274,0.307950540862854,0.298798831160658,0.13913535594328327,0.926957292262739,0.8536540119017708,-0.08756843273904963,0.530929075100899,-0.01827659306415577,0.6880380184510716,0.3184904119199806,True,False,0.8928960472877292,1.0,0.57459342987719,0.9969907592737266,181.1717997788678,1.14918685975438,0.9969907592737266,0.3681797981262207
96,0.2491733885153421,0.18243877693210997,0.2592109728893572,0.0005469774288786697,0.8400378417203845,0.761520906679115,0.0100769286472146,0.3456850578828439,0.05522655789686809,0.784193917276274,0.22179964499113333,True,False,0.9506623040822196,0.9027981370821144,1.0,0.9970529421646499,162.5036646747806,2.0493544101819197,0.9970529421646499,1.0786080360412598
97,0.060323347617490364,0.0519339207890806,0.039749199401232935,0.10784079214586945,0.8621186745650663,1.0255229228913678,0.14237102973604723,0.12992362997683668,-0.025227932004459164,0.9438713657967145,0.18901661055751867,True,False,0.8598858242078025,1.0,0.44237867253322705,0.9971646242979826,182.60522945457808,0.8847573450664541,0.9971646242979826,0.5485367774963379
98,0.15910973603817638,0.20153004405971267,0.175892931182491,0.085548343542118,1.1364330774712936,0.9202579244410426,0.019810671506133942,0.31104052741124905,0.25719597854715315,0.8196801099510554,0.44290654857087564,True,False,0.8465788518904109,1.0,0.38926154044350625,0.9970538671181377,180.71794922817816,0.7785230808870125,0.9970538671181377,0.31950998306274414
99,0.051804513490417994,0.310320472990791,0.05383943078299746,0.2219256322720509,1.110392141695404,0.8345244242114439,-0.015882103724379815,0.3189450247681287,0.38924359350976667,0.8189375067593955,0.4973533074898234,True,False,0.6080037358360038,0.5312403067602305,0.37250939428687246,0.9970249355366818,95.62325521684149,0.7450187885737449,0.9970249355366818,1.3153443336486816
100,0.2553895149326582,0.040794609702327594,0.22508372591020287,0.19955275003431033,0.8607626900606761,1.0013791716741753,0.13341350517141679,0.3604103002897495,-0.11450042905724779,0.8519079376825072,0.3283998429839613,True,False,0.82207824181651,0.7744698392453666,0.742283405959153,0.9970898828161536,139.404571064166,1.484566811918306,0.9970898828161536,1.178473711013794
101,0.04438043074368969,0.3538780310357904,0.0998607132615523,0.24993429636379658,0.8667027150344822,0.8299081819072531,0.07800249209136059,0.3740267357024145,0.26954582536464,0.8008707691102599,0.3854909137351836,True,False,0.5592593631487982,0.44932026371851136,0.3413646374186605,0.9970322877395094,80.87764746933205,0.682729274837321,0.9970322877395094,1.4072978496551514
102,0.20995582489705586,0.1955987350358139,0.05825704749829677,0.2235385158759655,0.7106010314216902,1.0399680351638745,0.011872244104756124,0.343675061653566,-0.32467330456804916,0.7972227200335651,0.41991627404864706,True,False,0.8649750885818231,1.0,0.4628439234021151,0.9970564309251774,181.34320338619656,0.9256878468042302,0.9970564309251774,0.34121108055114746
103,0.029021365856099563,0.09250136045312368,0.26962974594279704,0.22427183645359067,0.8998216760936306,1.0550527843473756,-0.1391885645271037,0.30771215435280547,-0.2626796754823366,0.9392386368453883,0.4194112821407757,True,False,0.8710851297986069,1.0,0.4872866160544689,0.9970539031399586,180.40205756940682,0.9745732321089378,0.9970539031399586,0.5822653770446777
104,0.09287194738945222,0.041678914373588144,0.27510509375816616,0.10642253739066969,0.7136505873178776,1.1380870024381065,0.1197309954063541,0.2580392464559381,-0.3303019362218068,0.9327245691184798,0.41433125775445534,True,False,0.9493493652455965,0.9003051991181029,1.0,0.9967870627461805,162.05493584125853,3.8677181784631642,0.9967870627461805,1.0359208583831787
105,0.3545913306226333,0.15956848099631266,0.13977513811339146,0.03905492295638325,0.8159506229278859,0.978559571523028,-0.05799694684469832,0.34649493634436035,-0.3181173202530007,0.742920094190527,0.4280959153022731,False,False,1.0,1.0,1.0,1.0,,,,0.14132022857666016
106,0.0970544801089781,0.3756075152657351,0.2633070746995909,0.16306576685643734,0.7033698038513012,0.7910816402507611,0.058739685895747545,0.44951741846537074,0.11030436707466615,0.7636690023126433,0.26960244865646366,True,False,0.653509864742731,0.5905896139768577,0.43582343656743916,0.9970367944497693,106.30613051583438,0.8716468731348783,0.9970367944497693,1.473801851272583
107,0.30843733198616813,0.16997346756279394,0.2829424050290832,0.09986089099719811,0.8479415303322557,0.943601022879598,-0.13200410483162597,0.4306070477876217,-0.29689552959065535,0.760794600225519,0.4482657751724054,True,False,0.8431212358004367,1.0,0.3754220996255988,0.9970628435761484,182.72786817959448,0.7508441992511976,0.9970628435761484,0.3273892402648926
108,0.04322509209661868,0.21250340952115374,0.1518476340571858,0.1672759380348887,1.14554097259875,0.7429124026130848,-0.13814070696957376,0.28742603685492346,0.34912702172835897,0.8721357491911138,0.4465599715819435,True,False,0.5275951028513151,0.41437677050175964,0.2846391685761205,0.9969877018256208,74.58781869031674,0.569278337152241,0.9969877018256208,1.2792530059814453
109,0.19840572730569841,0.18812185257534447,0.15121915204766329,0.026924170375548312,0.7294626667349801,0.8738330160047175,-0.04692329451026939,0.28233545115212727,-0.19643558114518384,0.8067362100594786,0.2816194498328856,True,False,0.8442799268763639,1.0,0.38006338046628585,0.9970563270391696,182.00550147002286,0.7601267609325717,0.9970563270391696,0.34093213081359863
110,0.18316228314181296,0.03671560286542659,0.06727215253619254,0.2400942493077489,0.846223033350031,0.7815394853757618,-0.051347756786011126,0.26362214392559047,-0.059887548949935074,0.8900610569963803,0.19832201662164545,True,False,0.4409892394835195,0.27557771379166773,0.21584709327246898,0.9969544370782735,49.60398848250019,0.43169418654493796,0.9969544370782735,1.254185438156128
111,0.3733098732304216,0.03783660829985055,0.2949987519444036,0.028967449494093845,0.9355539458745591,1.120704893113893,-0.04909629539788837,0.36755634148438476,-0.40198387510250777,0.7944267592348639,0.5522775714023717,False,False,1.0,1.0,1.0,1.0,,,,0.12884116172790527
112,0.2855950059385042,0.34419103039749327,0.2955191871576684,0.11693944853999794,0.9400168718485731,0.827269664777416,0.10302432417452492,0.5211223360168319,0.2450695434751765,0.6851069818320012,0.447312294648336,True,False,0.9172401633835182,1.0,0.6719345932108602,0.9970260603232125,181.51626878693813,1.3438691864217205,0.9970260603232125,0.5845341682434082
113,0.2615709738786426,0.13956892364236204,0.09672307583549448,0.22009904943653305,0.8687572641286148,0.7967964540332815,-0.11253029942163162,0.35898101139651606,-0.10157051444443861,0.7994300512394976,0.27092314276574364,True,False,0.48487360800540286,0.3451487138076161,0.2522103359761303,0.996986668430249,62.126768485370896,0.5044206719522606,0.996986668430249,0.9644498825073242
114,0.18094017566268272,0.36916529233567313,0.22263318174676905,0.2793488263852681,1.0522197870348864,0.869236620872257,0.026702075023895377,0.5260437380651966,0.30379779952302,0.724947266000822,0.5230602769166764,True,False,0.577632584933486,0.4806996473960358,0.3521047168428062,0.9970263280990659,86.52593653128645,0.7042094336856124,0.9970263280990659,0.999049186706543
115,0.05655498394514601,0.13693688282929614,0.0757734357589788,0.013267009361189188,0.9945369660718679,1.0056781967854294,-0.1259732798961686,0.14126615594730507,-0.09692356116765498,0.903254066612779,0.2647143897938394,True,False,0.9765552120904204,0.9547835442607819,1.0,0.9966537598401175,171.86103796694076,3.5298952275424753,0.9966537598401175,1.2084319591522217
116,0.15190571394651198,0.12413269695949883,0.19146911707919892,0.20337748561563074,0.8789021152670861,0.8858025760125434,0.0465424632365416,0.3354425068004202,0.025755493997577664,0.8619807945469946,0.2408064719386221,True,False,0.6051275428633917,0.5238816729128084,0.37569051503465545,0.9970563105932945,94.29870112430551,0.7513810300693109,0.9970563105932945,1.026548147201538
117,0.14651706161052822,0.3035435961420982,0.2974602439070826,0.14297880072782052,0.747934554803105,0.9068990276103424,-0.03455807706394534,0.44524985119376476,-0.11500928260539771,0.7749696711236869,0.3108139056441064,True,False,0.8620482127857924,1.0,0.45120321017085274,0.9969896409723168,182.66259497190057,0.9024064203417055,0.9969896409723168,0.5273911952972412
118,0.0942201301561277,0.2685539271070798,0.2408019866335915,0.14804083424355452,0.9609604270200425,0.9653227862410179,-0.09465436484475975,0.3758084390701768,-0.011849825590259072,0.8186129713683963,0.2890040742974913,True,False,0.8377961534196465,1.0,0.354214471660832,0.9969701420177544,181.377588593804,0.708428943321664,0.9969701420177544,0.310227632522583
119,0.3968463981674623,0.09693667152129745,0.19410365681918074,0.15857357271397218,0.8002234951041673,0.8523956287558438,-0.00271949216752429,0.4232301496109564,-0.20484648914228323,0.7531084651556201,0.3553547342947553,True,False,0.6172131978467235,0.5450622456578345,0.38168231336779,0.997045986703435,98.1112042184102,0.76336462673558,0.997045986703435,1.2784638404846191
120,0.33777407104208323,0.05856215843432416,0.21379072976113164,0.07546626763321994,0.7148828801346264,1.0807669637213078,0.038862893422176775,0.3427966134353795,-0.4666271464683841,0.8018318852617963,0.5160073942191659,True,False,0.9596838048328666,0.9210205636053597,1.0,0.9966940921207472,165.78370144896473,3.847205864209556,0.9966940921207472,0.9580388069152832
121,0.07667926588104655,0.20334680811497718,0.2057453599539863,0.05892393018989321,0.7053677736970051,0.9579378548730482,-0.13362665478120953,0.27234768206995164,-0.32286296484028726,0.8599869630019881,0.3684832588746663,True,False,0.820296515828415,1.0,0.28417534796044563,0.9970107153532146,180.81740606740763,0.5683506959208913,0.9970107153532146,0.5239014625549316
122,0.15336239101977095,0.11394916653805154,0.09676395967406023,0.16089824619074047,0.8519911502069604,0.9739649936801129,-0.10504524811393065,0.26248688171131157,-0.2467257038279429,0.8663442212210888,0.3595192109530587,True,False,0.873191159860046,1.0,0.495701348301715,0.9970632911384693,182.89588880750736,0.99140269660343,0.9970632911384693,0.30251455307006836
123,0.2381777864539062,0.22535181627033288,0.21241368221431953,0.2869288726023683,0.7037823211627224,0.8632867423707288,-0.03422329908215391,0.48143607877046346,-0.2001407053819469,0.7682351986378805,0.3544261206207163,True,False,0.510794059158859,0.3797500076326012,0.28667009897873896,0.9970061223914947,68.35500137386822,0.5733401979574779,0.9970061223914947,0.9916136264801025
124,0.1666523263651641,0.1483374704056338,0.2799961093585394,0.02777955977812003,0.9099577236382655,0.7715217830115465,-0.006609092220890317,0.31138273295372865,0.12266942042606357,0.842505101614601,0.2685246220995826,True,False,0.770221885674717,0.7394668428822532,0.6048960199895639,0.9970578369447982,133.10403171880557,1.2097920399791278,0.9970578369447982,1.2983534336090088
125,0.027373175017215798,0.01525273019980793,0.12157898408484914,0.04029556012693808,1.0430004352090743,0.883424447508037,0.09738418268398336,0.10225022471440548,0.25089994797631676,0.9786870473914882,0.3230462793508301,True,False,0.8930474191567594,1.0,0.5750892376459227,0.997100438981115,181.59743151143303,1.1501784752918454,0.997100438981115,0.30608105659484863
126,0.17764231736847405,0.05552159507391333,0.05988943053488582,0.06654492772340499,0.922403125145553,1.0992318142768798,-0.0626626797689312,0.1797991353503391,-0.3005517300475383,0.8834180437788063,0.40765942702426683,True,False,0.9722131822480583,0.9459882576936292,1.0,0.996876213604975,170.27788638485325,3.7631473025921593,0.996876213604975,1.207874059677124
127,0.16417944291736017,0.30075924692878575,0.04397939207893686,0.23986773331768663,0.7973490798931429,0.9988089324747826,0.10181930466268926,0.3743929076213847,-0.03135064591323773,0.767530655076927,0.2676070536884779,True,False,0.8823012841070906,1.0,0.5321768180170494,0.9970283184113131,181.52268454314117,1.0643536360340988,0.9970283184113131,0.31722307205200195
128,0.23724821929076922,0.045686153227888354,0.2532953967523906,0.2166518322518621,1.0111313255854726,1.132784164792558,0.09122304536899428,0.37644080076145514,-0.1262108268695316,0.8585328137406711,0.41228168902080864,True,False,0.8625727296011245,1.0,0.4531417035511822,0.9971492148533158,180.87889621730048,0.9062834071023644,0.9971492148533158,0.5139672756195068
129,0.2773864835152702,0.08411022053346014,0.23781854381508327,0.016656411384144282,0.9109814521850427,1.0216587017495231,0.1372381458334199,0.3079858296239789,-0.07007723522196557,0.8192516479756349,0.29840071146641234,True,False,0.9463863952680392,0.8944455234790594,1.0,0.9966545341140384,161.0001942262307,3.77250668673193,0.9966545341140384,0.9210841655731201
130,0.0995227993667171,0.06550568546646539,0.03194447820910277,0.26057387448653146,0.9693788169587825,1.099558810328838,-0.1065814928274467,0.22877341876440838,-0.25377004314762813,0.9174857575834088,0.41100580021624533,True,False,0.8893296353418438,1.0,0.5602690685571545,0.9970494728102208,181.49866348671173,1.120538137114309,0.9970494728102208,0.5309505462646484
131,0.1728302000262273,0.14580481447018137,0.0622065409915964,0.024788029857743053,0.8840467604404288,0.9533116139964976,0.07973900289548272,0.20281479267287406,-0.0030385434386089455,0.8406824927517957,0.19228863674154661,True,False,0.8336443812475354,1.0,0.33745369898792177,0.9971238260022195,180.34650638402974,0.6749073979758435,0.9971238260022195,0.2897307872772217
132,0.14180807883858892,0.20682453775342094,0.2641410088488671,0.29530146621703535,1.060097554168335,0.7245924376697243,-0.029758281460840863,0.45403754582895617,0.33825506449518594,0.8256836917039951,0.4807405549882089,True,False,0.5589168757332763,0.2960167979545824,0.6466851058148535,0.996948801209087,53.28302363182483,1.293370211629707,0.996948801209087,0.8598284721374512
133,0.32374696525007035,0.2332242089135629,0.08417111299257814,0.24121626148933212,0.7586854834850342,0.9483852906988011,-0.09900322933175075,0.44117927432277176,-0.33396441471377136,0.7215144129181834,0.4536180521033304,True,False,0.7720407602799336,0.7522892937613591,0.5865693885067138,0.9970150650903027,135.41207287704464,1.1731387770134276,0.9970150650903027,1.3000755310058594
134,0.34042883263794427,0.32900592222754765,0.10347101676762983,0.11459400144471865,0.743291221027202,0.7249638166714995,-0.12306678150380629,0.4437498865389202,-0.11045083235330203,0.665282622567254,0.26083421345222474,True,False,0.6172388708016558,0.551954142859642,0.36804773697853577,0.9969994605088038,99.35174571473554,0.7360954739570715,0.9969994605088038,1.0363681316375732
135,0.2156047653462411,0.11925292419937011,0.01772134259369523,0.28635837268464326,0.9011550671941788,1.0820386951147205,-0.12485956280610441,0.31946870241197484,-0.35391911130008163,0.8325711552271944,0.4859373883220638,True,False,0.8948588127343807,0.8676512320389175,0.8470956679965518,0.9970371188631363,156.17722176700514,1.6941913359931036,0.9970371188631363,1.3221654891967773
136,0.05413818558218399,0.131357747581432,0.012982198534113374,0.24301275962134805,0.7524116761296613,0.8896712262963447,-0.02769251022579436,0.22074544565953874,-0.1263422793928537,0.9072520334181919,0.22462427150602923,True,False,0.5564554645637435,0.4559679559870278,0.3168560631088262,0.9970298831720924,82.074232077665,0.6337121262176524,0.9970298831720924,0.996474027633667
137,0.3505361718895371,0.032710570292491935,0.2454029546642806,0.13731929633145712,0.9420969393190505,0.7008257152683006,0.14679439920473356,0.3829844965888834,0.22915282245696084,0.8083766289089855,0.35141615575656765,True,False,0.5190433926240945,0.34577309228375674,0.3876305772900466,0.9969968086388179,62.23915661107621,0.7752611545800931,0.9969968086388179,1.2122869491577148
138,0.33974527164988255,0.33086496190394377,0.2385421512239222,0.022948464151382197,0.8583722243411358,0.7339224950681782,-0.00029939647699334104,0.46605042446456535,0.11971017792299488,0.6646948832230868,0.3063199563919516,True,False,0.8500371097273982,0.8205671982154984,0.7619980494020062,0.9970159930765898,147.7020956787897,1.5239960988040124,0.9970159930765898,1.0718352794647217
139,0.26596488318889033,0.24283805842975037,0.03327056224473287,0.08491282104437121,0.7852626988129502,0.9014679299620756,-0.09738824784003913,0.3134931624538724,-0.2251568913687345,0.7455985291906797,0.3321740569965461,True,False,0.8427749152363835,1.0,0.37410852024710195,0.996991140698432,183.1762330519834,0.7482170404942039,0.996991140698432,0.5220310688018799
140,0.017229806886462147,0.03466314345616673,0.22754522786983833,0.19825613942370504,0.9533167051647785,1.1195974928040076,0.07408488158163576,0.2388471588180861,-0.083479237772741,0.9740535248286856,0.31385495568307564,True,False,0.8648000479395355,1.0,0.46204854596467726,0.9971516457934644,183.54477490695348,0.9240970919293545,0.9971516457934644,0.28456711769104004
141,0.2722880821894114,0.20743647676303048,0.24037829619134912,0.06595859253246901,0.7603581896311058,0.8722767622391004,-0.037523169627777006,0.39303072383813004,-0.18186754494896212,0.760137720523779,0.3244915544721808,True,False,0.8558542282615647,1.0,0.4263756698697705,0.9970412431764882,182.00580970194304,0.852751339739541,0.9970412431764882,0.2966654300689697
142,0.01811429482914164,0.06278407520956873,0.025101530433886042,0.1591655475423189,0.8234735877891306,0.7706154104065743,-0.04952038660012319,0.13258272400745766,0.02567268097264663,0.9595508149806449,0.1169589477354973,True,False,0.4742207022702112,0.32571836371614726,0.24845087453200776,0.9969952071165424,58.62930546890651,0.4969017490640155,0.9969952071165424,1.2816460132598877
143,0.03535956078789636,0.007798465024607616,0.27533395597873883,0.23264118572158554,1.0044817409371163,0.7522240645410858,0.12289422952503751,0.2755665837564142,0.3613713580394236,0.978420987093748,0.4162258996957704,True,False,0.5309862592330366,0.31352172826210634,0.4999227918001701,0.9969787886077632,56.43391108717914,0.9998455836003401,0.9969787886077632,0.9335291385650635
144,0.21902765375206645,0.15309710731236975,0.1628085768701256,0.06200087771422241,0.9473097234541942,0.7065117563161003,-0.03306750104328382,0.2984671078243921,0.1747651928749617,0.8139376194677819,0.2877013287973075,True,False,0.5505646906467587,0.4467453616056276,0.311743028019297,0.9970250113564829,80.41416508901297,0.623486056038594,0.9970250113564829,1.2149319648742676
145,0.07087988936989863,0.08292869546581516,0.17175763269809632,0.09519445673747319,0.9237258901589296,0.7091943385799604,-0.0034351801625572,0.21038033713564164,0.21712077446437025,0.9230957075821431,0.2726546567176013,True,False,0.48391960934779443,0.344067971184467,0.2505397667176332,0.9970027283046103,61.93223481320406,0.5010795334352665,0.9970027283046103,0.9769649505615234
146,0.15065393617709527,0.056532347547549794,0.14987271442117608,0.02715257120264798,0.827956708245997,1.1014522770103707,-0.023434764181337414,0.19210578467423456,-0.34399112726048386,0.8964068581376775,0.41558923654007607,False,False,1.0,1.0,1.0,1.0,,,,0.38240551948547363
147,0.06678337763581596,0.02331109854754703,0.1943176525329501,0.2105287355934657,0.9344850619689427,0.9944239366219192,0.09183428581070521,0.2474704321548894,0.010159271613594211,0.9549527619083185,0.23731098547782778,True,False,0.7178696088662417,0.6675351285910582,0.5393339661341408,0.9970742121487095,120.15632314639049,1.0786679322682815,0.9970742121487095,1.0470259189605713
148,0.11951840841079396,0.11207831501576243,0.07162987006467274,0.2711487595989792,0.7236675250128984,0.766993101478449,-0.03838566332274157,0.2871876765451042,-0.08543128648580792,0.8842016382867218,0.1887989991323633,True,False,0.48769390103974497,0.28867658791482753,0.37646472178267487,0.9969577065466498,51.96178582466896,0.7529294435653497,0.9969577065466498,1.2022480964660645
149,0.17878308387719422,0.16890481246166303,0.19949957390305578,0.20817604075424964,0.7868846020960395,0.9027998502518502,-0.13952411181585214,0.37768175549808136,-0.2603784956794284,0.8261560518305714,0.379720912693862,True,False,0.6951058037810677,0.6611585791307951,0.46108860794702977,0.9970174489156506,119.00854424354313,0.9221772158940595,0.9970174489156506,1.0398263931274414
150,0.3285877414035359,0.22724035694769362,0.1303269906560041,0.013570656110314305,0.8040622641445224,0.8082743952088229,0.018862702356449074,0.34986287255877396,-0.03602312093577259,0.7220859508243852,0.21464318642330948,True,False,0.8654454333638152,1.0,0.46474507006400856,0.9970366633912521,182.44431857598235,0.9294901401280171,0.9970366633912521,0.30521535873413086
151,0.3480011713890452,0.18577605433440605,0.1535348306898274,0.1828121751849511,0.8392042697513202,0.9918447496657681,-0.09449514189235939,0.4350621157991149,-0.3282481803341268,0.7331113871382744,0.47873600937439414,True,False,0.8575478435934727,1.0,0.43314792203908326,0.9970434523348073,180.15355849650416,0.8662958440781665,0.9970434523348073,0.5467624664306641
152,0.3221671629453385,0.03569679792336541,0.10392014321813964,0.12076078417386599,0.8676418224661889,0.7642306298378891,0.048901163741378983,0.29127244413035475,0.009077173858692222,0.8210680195656481,0.17992339504337682,True,False,0.4975697854087163,0.36400173160896937,0.26525911819435777,0.9970165602225689,65.52031168961449,0.5305182363887155,0.9970165602225689,0.9919767379760742
153,0.29573086949927724,0.2566791499259328,0.22008953786909632,0.12782941696907849,0.9244313093282233,0.9152837459350941,0.13769375773302525,0.45016448713169244,0.1273154613394822,0.723794990287395,0.3663838354721957,True,False,0.8629467383192406,1.0,0.4547495282833829,0.9970374249935797,181.36104934769006,0.9094990565667658,0.9970374249935797,0.5107946395874023
154,0.18277213221344718,0.17624065889997761,0.23433451415563736,0.20998413299143254,1.1181440933604962,1.1048008734124883,0.13075809535426283,0.40166571913024735,0.14083557864553597,0.8204936044432876,0.4509038765326666,True,False,0.8519539776859502,1.0,0.41072232267379505,0.9970935880700057,183.57763716149591,0.8214446453475901,0.9970935880700057,0.295687198638916
155,0.39172496895936976,0.10693505322079006,0.28270879875810173,0.15481370452653095,0.9744755611123328,1.0387951088727219,-0.06011654783944295,0.4680912627323962,-0.26683105346912184,0.7506699889099201,0.5006528046706953,True,False,0.8474976087336515,1.0,0.3928728842978124,0.9971175506367939,181.77027875853523,0.7857457685956248,0.9971175506367939,0.5135917663574219
156,0.1603934336648046,0.009555311971989257,0.041667861359076075,0.19944615214322997,0.7530969037185112,1.1444953159546525,0.06899173749946183,0.20553137956954995,-0.3978257355830871,0.9150256271816031,0.4453060480959632,True,False,0.8623083024581267,1.0,0.4520723344165347,0.9971608754159721,182.81714115979312,0.9041446688330694,0.9971608754159721,0.3638904094696045
157,0.12882139582430288,0.09709609581120453,0.15558787979039995,0.2976374703163139,0.8910218607408147,0.7082575154752332,0.09920638738331486,0.33957142087111064,0.2661080826423472,0.8870412541822463,0.3453132619878645,True,False,0.6523881108183843,0.3506064281785138,0.9113592502214658,0.996980336695044,63.10915707213248,1.8227185004429316,0.996980336695044,1.0859363079071045
158,0.35940057319142005,0.17104685162008748,0.27712945229725366,0.1490247960658931,0.7669631129762772,0.981970375419625,-0.00841831191950601,0.47830083658732714,-0.31760243514852005,0.7347762875942463,0.46911516782301843,True,False,0.8530348704770643,1.0,0.41505852169433766,0.9970809602139192,181.81902489803298,0.8301170433886753,0.9970809602139192,0.29415178298950195
159,0.08595403675065988,0.13364778750643488,0.044466442989217696,0.2129861716478436,0.9672559241726433,0.9254004894233688,-0.11595780308188072,0.23852721944707803,-0.050255492954718775,0.8901990878714526,0.24872828695066557,True,False,0.6975313885468485,0.6617843391542355,0.46952711908881284,0.9970297567901102,119.12118104776239,0.9390542381776257,0.9970297567901102,1.0098397731781006
160,0.24395744818235326,0.272776409679124,0.23590882919870051,0.26668955226070906,0.9956762496460069,0.804822532514481,-0.14544426500155253,0.5096661196604434,0.05981893287835871,0.7416330710692614,0.3398825031313146,True,False,0.5106576334919755,0.3841891183493017,0.27727574301932023,0.9969765542499782,69.1540413028743,0.5545514860386405,0.9969765542499782,1.2358777523040771
161,0.0877986516809473,0.3250704270844328,0.0809866042806186,0.08330627814546977,1.0128040801111589,0.778736441654107,-0.14457226447258256,0.2885809805957342,0.208131261686212,0.7935654606173099,0.3381962796913374,True,False,0.863204022492724,0.8464806570237515,0.7628718468998699,0.9969829290235228,152.36651826427527,1.5257436937997397,0.9969829290235228,1.087109088897705
162,0.05038526325581171,0.11458274639014131,0.10232111851760917,0.18738481516568542,0.831917758720113,0.8225406055292295,0.015202664424717155,0.2273369716646238,0.05667855918276546,0.9175159951770235,0.18855651523784445,True,False,0.5286581424180267,0.40898200800292495,0.29963777283677473,0.9970307808294819,73.61676144052649,0.5992755456735495,0.9970307808294819,1.219496726989746
163,0.20615102157737517,0.07152753132243551,0.18786762722545722,0.20901583929530845,1.0769093590933085,0.7678002349661205,0.11297325858502474,0.3372810097102882,0.3547706375847429,0.8611607235500947,0.4589521849498183,True,False,0.50615786567621,0.3519117368201318,0.32380864721077174,0.9969993418538045,63.34411262762373,0.6476172944215435,0.9969993418538045,0.9527008533477783
164,0.27582519261376703,0.3857804204077979,0.22090205828541745,0.28129307369976425,1.047924085361019,0.9506328507832984,0.06235532914993583,0.5819003725033733,0.21462417762467187,0.6691971934892176,0.5111738896122318,True,False,0.7189149719259866,0.676889651995002,0.5248480072170416,0.997032576496901,121.84013735910035,1.0496960144340832,0.997032576496901,1.2910268306732178
165,0.15762179947699034,0.03314827781724749,0.24731872530151414,0.02578600454104776,0.9430824957009085,0.8718348692397087,0.08273030505706061,0.23193740356839987,0.09174117068838905,0.9046149613528811,0.2515490050755477,True,False,0.8844547518810847,1.0,0.5407153262098063,0.9971036813145323,181.27175759736625,1.0814306524196127,0.9971036813145323,0.3240351676940918
166,0.0890470248384399,0.019349205410282264,0.22416307585101056,0.2835861802588299,0.8198245766603153,0.8269656561610303,0.07488548239961892,0.30807274317928135,0.03289549318482503,0.9458018848756389,0.20466395138794397,True,False,0.4954954502436628,0.310533552033579,0.36393882974091696,0.9969758671665762,55.89603936604422,0.7278776594818339,0.9969758671665762,1.2112877368927002
167,0.04697816860835419,0.2484848666231538,0.25249137655545084,0.004184039904237559,1.1408871766766928,0.7137443268636452,0.0607931968118936,0.27606922584559823,0.588689395632341,0.852268482384246,0.5772992036027285,True,False,0.7265056960899532,0.6868911321206485,0.535191719481297,0.9970488006372188,123.64040378171671,1.070383438962594,0.9970488006372188,1.0945320129394531
168,0.045869078687853504,0.10094827850833361,0.22429093757067,0.2563006429400437,0.7320579281051148,0.8033979605131487,0.05143225865958703,0.3137044688534504,0.007631826161793205,0.9265913214019065,0.163924855393022,True,False,0.4904069392647612,0.33707388380407316,0.2904907386129416,0.9969892508379569,60.673299084733166,0.5809814772258832,0.9969892508379569,0.9808433055877686
169,0.2740698944807499,0.06449758700636907,0.16727164863614827,0.13180587327207194,0.834432386605333,0.9859080278592144,-0.0460861892659153,0.3188225016976696,-0.30234798425698706,0.8307162592564405,0.41402289484939697,True,False,0.8647220507316757,1.0,0.4617903717619285,0.9970978311647744,180.7474848054286,0.923580743523857,0.9970978311647744,0.5255451202392578
170,0.07272051262642981,0.1461445246365821,0.22920758289834556,0.016101957531704823,0.9059014070502829,0.8111652062933996,-0.06622605047754014,0.23208728884653115,0.06522215628441927,0.8905674813684941,0.21123486264518465,True,False,0.8780204281359627,1.0,0.5150233592237257,0.9970583533201249,181.7686372399708,1.0300467184474513,0.9970583533201249,0.314469575881958
171,0.053968930399930164,0.12160816229008996,0.016349862427061355,0.01523997379844408,1.0980460133588883,0.9399908356535434,-0.047447606571141984,0.10358346445776279,0.14442718707928287,0.9122114536549899,0.2875989102837828,True,False,0.8344601114049329,1.0,0.34071185023951145,0.9971285953802203,182.24784101181476,0.6814237004790229,0.9971285953802203,0.4964892864227295
172,0.3166447821658788,0.0866511393479536,0.2994624361873773,0.12340011805264625,0.7232185387387907,0.9712907994410805,-0.07767896296923091,0.41307923787692796,-0.4407480450804834,0.7983520392430838,0.503307856744029,True,False,0.8597673246581232,1.0,0.4419751886351335,0.9970941099973594,180.37037330664353,0.883950377270267,0.9970941099973594,0.29117894172668457
173,0.171786169178722,0.27709990872185636,0.19624301227797475,0.203220765466847,1.0819435747480286,0.8911105696887539,-0.11042884983278681,0.42417492782270005,0.13306102499805506,0.7755569610497108,0.39277012223710867,True,False,0.7770201197708098,0.7591755263973798,0.5927253234311323,0.997004102857347,136.65159475152836,1.1854506468622645,0.997004102857347,1.3275270462036133
174,0.2702528891273126,0.11186924818662368,0.23639479183173448,0.06829731953390178,0.891692651387041,1.0614508459089742,0.12171481004256948,0.34340712433978626,-0.12723520494970816,0.8089389313430319,0.35198984702974323,True,False,0.9479077985694815,0.8975439061328601,1.0,0.9965433820122058,161.5579031039148,3.724224546010106,0.9965433820122058,0.920130729675293
175,0.15400719204272956,0.005658461737798378,0.03437785758656797,0.11511062457381424,0.8434000939639392,0.8707998484506667,0.0677901679357544,0.15457706797045506,-0.033783951703438675,0.9201671731097361,0.16065118381389673,True,False,0.6573126049466155,0.5932911129448009,0.4456067080059718,0.9970614858908884,106.79240033006415,0.8912134160119436,0.9970614858908884,1.2306370735168457
176,0.004910268722258749,0.20297479505287386,0.08759841427488264,0.23643251292943754,0.7506353390137549,1.0679554080530604,0.0183718354833467,0.26595799548972643,-0.1999159703906513,0.8960574681124337,0.33098046719698526,True,False,0.8617388036994877,1.0,0.4499005151386477,0.9970546996593035,182.95901036360752,0.8998010302772954,0.9970546996593035,0.31273722648620605
177,0.35357489736800773,0.11712058826651231,0.29154724427210427,0.2880796926534628,0.9976457826645855,0.8593812163142192,0.1286231159629986,0.5251612112800436,0.14866052776261718,0.76465225718274,0.4135175509142889,True,False,0.5147928138905788,0.37805386051874884,0.3060510043058855,0.9970125302189319,68.04969489337479,0.612102008611771,0.9970125302189319,1.0075466632843018
178,0.06117608763894921,0.07074327823846484,0.29627267131587676,0.2109114584843615,0.8260364578457527,0.7350570963758158,0.12514342205561127,0.3195517478388261,0.22090637882530598,0.934040317061293,0.30063791498610626,True,False,0.5380260618863186,0.3393032351661386,0.47650634338956976,0.9969914338234276,61.07458232990495,0.9530126867791395,0.9969914338234276,1.2354578971862793
179,0.05947353990936499,0.1648300214788042,0.14788632948552957,0.16831187838811254,1.1485786195213483,1.0128292011564919,0.08841361046001431,0.2702508846309057,0.2768412696095903,0.8878482193059154,0.46455707078757646,True,False,0.8601292152246822,1.0,0.443414464571255,0.9971023963274741,183.37690138829353,0.88682892914251,0.9971023963274741,0.2998051643371582
180,0.16274144282185127,0.10733707554846308,0.2046609919746909,0.17929721142699712,0.9588684303455708,0.8932907787776397,0.023007550586726183,0.3270183608860012,0.06088301851796314,0.8649607408148428,0.28037695774598104,True,False,0.6611169627864011,0.6035234185510286,0.4403625581168811,0.9970584559266662,108.63421533918515,0.8807251162337622,0.9970584559266662,1.2539613246917725
181,0.27641236502534694,0.20428193766336575,0.1211680079886298,0.16038278150852928,0.8753828295694717,0.8676252639959713,-0.0835915140910826,0.3811225460929359,-0.11189916219857282,0.7596528486556436,0.30534053914767884,True,False,0.7679640833239431,0.7454567539648851,0.5839168140876829,0.9970260112783191,134.1822157136793,1.1678336281753658,0.9970260112783191,1.0690772533416748
182,0.02068528255253464,0.34264483511300614,0.2419106623238739,0.2704378787399495,1.0361611991320454,0.9903643276930681,0.06731001929947078,0.43783932936468206,0.2740866670186838,0.8183349411672296,0.4962191136633615,True,False,0.9298487191712991,0.8738670815246138,0.9746359034231773,0.9970248102127912,157.29607467443049,1.9492718068463546,0.9970248102127912,1.345914363861084
183,0.3977031315144926,0.1189393692578106,0.1804733412144469,0.11980908801402955,0.7546908385471038,1.0001534205145524,0.005053577719076441,0.4084624650003898,-0.37979088537671307,0.7416787496138484,0.4799705819915978,True,False,0.8465104820603024,1.0,0.3889174748510946,0.9971244533901151,180.18925952821064,0.7778349497021892,0.9971244533901151,0.2912468910217285
184,0.3343730476595677,0.004611846165421935,0.2892409624551229,0.08284957077545822,0.7643816568915506,1.1236987735491084,-0.09119063961941687,0.35553771352778535,-0.6153883570240476,0.8305075530875052,0.6334682072357074,True,False,0.9774950551650126,0.956491544075413,1.0,0.9969971325092243,172.16847793357434,3.8910821906751565,0.9969971325092243,1.1485109329223633
185,0.3200337973746319,0.053478019885881946,0.21081765181761186,0.2641547455318077,0.9148089414831435,0.851392263769597,-0.025273738805901447,0.4242421073049667,-0.09513494983672988,0.8132440913697431,0.31832811413720974,True,False,0.461320084971629,0.312182856331499,0.22393396093236007,0.996980666291158,56.192914139669824,0.44786792186472013,0.996980666291158,0.943645715713501
186,0.23601328808755181,0.25354162370883854,0.16568041090940494,0.03557849311896535,1.0148576157338605,0.8814045404946856,0.06936924225190369,0.34540690791238027,0.21158648530172186,0.7552225441018048,0.3891801934031218,True,False,0.8405552204358798,1.0,0.36522843934926286,0.9969924423942563,182.38873030050627,0.7304568786985257,0.9969924423942563,0.3045079708099365
187,0.1336609763740802,0.29829622230545977,0.02009673034109127,0.2444298127909962,0.9656259676469939,0.9320152633567222,0.11235015380200639,0.3482418709058137,0.22827848105796786,0.78402140066023,0.4006741447480353,True,False,0.730225061308486,0.6860568621855123,0.5517339776791275,0.9970525431837916,123.49023519339222,1.103467955358255,0.9970525431837916,1.3824877738952637
188,0.26070768845657,0.17502792982286913,0.26571886163493064,0.11354210849683963,1.0956539179538978,0.9617884842128126,0.04797035728598234,0.4074982942056047,0.13899591171021708,0.7821321908602804,0.41075746525004975,True,False,0.8529262227161891,1.0,0.4146195313970118,0.9970853594677449,183.20942431564433,0.8292390627940236,0.9970853594677449,0.3021581172943115
189,0.3312715181330981,0.2919568247749431,0.21899635699666706,0.07295287868410426,0.8643075170232072,0.7295239340713068,0.11439626985703169,0.4575887892944063,0.22952250612985461,0.6883858285459794,0.3692068821693038,True,False,0.6420464979857318,0.5705756511596776,0.42998092105831986,0.9970537685652522,102.70361720874196,0.8599618421166397,0.9970537685652522,1.2613525390625
190,0.019513954750439128,0.1225638635773509,0.03650651724966725,0.2801087143393606,0.8502649551732162,0.9682020611349541,-0.13492359006037583,0.2293465249584089,-0.2013357416086578,0.928961090836105,0.3171568090256009,True,False,0.6149540159097435,0.5515464551546461,0.35970859046795667,0.9970145628617255,99.27836192783629,0.7194171809359133,0.9970145628617255,1.0236046314239502
191,0.02500499058267619,0.08592125671011708,0.02896148739550399,0.2271144703531749,0.9831038644668337,1.084426592854133,0.050119097151279934,0.18350110252073606,-0.0207454981722989,0.9445368763536034,0.2527303542419154,True,False,0.8777331589706482,1.0,0.5138317109239239,0.9971009249586689,182.62326408233756,1.0276634218478478,0.9971009249586689,0.5321805477142334
192,0.04223592394657871,0.3545037112571708,0.25581056581333705,0.15222555566756474,0.7010496497352264,0.7895463172192033,-0.03156020799030304,0.40238787834232564,0.03607701818101611,0.8016301823981252,0.2052503539841474,True,False,0.675280074884156,0.6280400895745591,0.4480206925755432,0.9970194278119625,113.04721612342065,0.8960413851510864,0.9970194278119625,1.0386900901794434
193,0.18843225440090627,0.01493086005499274,0.11087226068391613,0.2324481463781504,0.7768061339965016,0.7998009325351876,0.10220719103235612,0.27334176075898275,-0.007538304679286664,0.8983184427720505,0.1580114537440874,True,False,0.48737738764638733,0.33015305665299616,0.2922149529586058,0.9969884843209512,59.427550197539304,0.5844299059172116,0.9969884843209512,1.1750566959381104
194,0.36176529651094813,0.28745172668214186,0.24943031684761496,0.030903355855328545,0.7579499894108455,0.7106867565542561,-0.12299181895462492,0.4647753479480168,-0.11288537101243866,0.675391488403455,0.2708005482779453,True,False,0.7106505627558765,0.6814669855701706,0.48266522537182865,0.9970030545113361,122.6640574026307,0.9653304507436573,0.9970030545113361,1.0785202980041504
195,0.1497366827177435,0.17858142520863854,0.003475064202375712,0.1961089175923815,0.8558549935785883,0.7761322393541383,0.07327088954072161,0.26395104486056964,0.1674160150106191,0.835840946036809,0.26402683518378095,True,False,0.5144686546686992,0.39291735638857433,0.27502128392794845,0.9970186219696993,70.72512414994338,0.5500425678558969,0.9970186219696993,1.0424299240112305
196,0.05274914710834488,0.21363495275311528,0.06288754389154945,0.014345921773497318,1.0176976156841873,0.7740994902712068,0.14947960549934322,0.17180878276325345,0.4735206337347089,0.8668079500692699,0.45078516983497524,True,False,0.914247147194054,1.0,0.659919472946175,0.9970691158300408,181.2373266571284,1.31983894589235,0.9970691158300408,0.6077022552490234
197,0.12695511967752374,0.10325192904092012,0.20169610337561927,0.10455590038132224,0.8926494153072682,1.1079708950530738,-0.107258201040833,0.2682295262376927,-0.33443127610494044,0.8848964756407781,0.45810565374812684,True,False,0.976667443960561,0.9550030413297053,1.0,0.9966636931828335,171.90054743934695,3.654026641649736,0.9966636931828335,0.9460134506225586
198,0.024404810647874572,0.25200875537185996,0.2315567869328711,0.1738578815421096,1.1374855833706523,0.7882503374276124,-0.009447333824520204,0.3409141172473576,0.45358988448051235,0.8617932169901328,0.5399535577868166,True,False,0.5883305640952141,0.5023046745475535,0.35168556976529075,0.9970273375204586,90.41484141855962,0.7033711395305815,0.9970273375204586,1.2786591053009033
199,0.24020772916282962,0.3742469267263795,0.14258059387890368,0.23339567047624327,0.8898468245315356,0.7218746379195147,-0.12022305896932017,0.495215460122178,0.11476872642447572,0.6927726720553955,0.3198777855163192,True,False,0.4817037301303345,0.3308219270461004,0.26820399085846347,0.9969670755706739,59.54794686829808,0.5364079817169269,0.9969670755706739,1.0530810356140137
