,wind_area1_pct,wind_area2_pct,solar_area1_pct,solar_area2_pct,load_area1,load_area2,gen_dispatch_bias,total_re_pct,net_flow_proxy,inertia_proxy,stress_index,success,stable,severity,f_angle,f_freq,f_voltage,angle_sep_deg,freq_dev_hz,voltage_dip,sim_time,cluster,is_boundary,is_outlier,distance_to_center,PC1,PC2,PC3
0,0.028226043951444,0.1165611215602479,0.2791060515600664,0.1367269739782054,1.1093940504836264,0.7180274248544086,-0.0650708547764927,0.280310095524982,0.3704633096571269,0.927606417244154,0.4412573928387777,True,False,0.4706180743660648,0.3220321047900195,0.2414195243932724,0.996988563490948,57.96577886220351,0.4828390487865448,0.996988563490948,1.3020741939544678,1,True,False,3.535734942886997,-2.9794089857377846,-1.328397071803833,1.8356175498354048
1,0.382213935694723,0.0808718863673244,0.1774122105465783,0.0447219014818255,0.8092073893875452,0.9332756517399092,-0.0216170712099531,0.3426099670452256,-0.2963563582260164,0.7684570889689762,0.4004785620355637,True,False,0.8501374887022864,1.0,0.4034185674226833,0.9971313873864625,181.6302363997344,0.8068371348453667,0.9971313873864625,0.2809996604919433,4,False,False,2.25426469388063,1.99412554513376,1.108365576451474,-1.128971922946656
2,0.0085565858011726,0.0507727612782152,0.2935840614097381,0.0847021370579218,0.9173189149315084,0.8399143775509876,0.1426814341949359,0.2188077727735239,0.2411940593139778,0.970335326460306,0.3215478678184202,True,False,0.688960176913556,0.6276175691711691,0.5035226690737922,0.997082900238094,112.97116245081044,1.0070453381475843,0.997082900238094,1.017951726913452,2,True,False,3.456770798242784,-0.585429502464093,-2.1727705637158405,1.7349437614134304
3,0.1378457105079324,0.2393169510467575,0.2679414283830691,0.1837743677006743,0.8492584464720945,1.0348332328307106,-0.1368521668584568,0.4144392288192167,-0.2716913329476604,0.811418669222655,0.4498134111219842,True,False,0.8303538896205767,1.0,0.3244368282556245,0.9969787302266824,180.3623662564282,0.648873656511249,0.9969787302266824,0.5200655460357666,4,False,False,2.7888402035394324,1.2886914394499476,1.143157751112631,-0.6246296678900225
4,0.3278105286409157,0.1478700784946645,0.1638932213053305,0.0553298179882118,0.8241214592559821,0.7580082040912686,0.0211254913529566,0.3474518232145613,-0.0027314785554554,0.7621596964322098,0.1861520322559104,True,False,0.6521195753786545,0.5923032081004912,0.4268158483293192,0.9970560369843164,106.61457745808842,0.8536316966586384,0.9970560369843164,1.0131738185882568,0,False,False,2.4011443563908004,-0.7933958760222186,0.6482684018125197,-1.0856515552538197
5,0.1052997348979977,0.0726876333586179,0.2513758051489536,0.2573964267318773,0.778314086823591,1.0675506308830784,0.0602381283720187,0.3433798000687233,-0.2453044664571585,0.911006315871692,0.3960007793284518,True,False,0.8609411399446136,0.817966443109364,0.8107546312837073,0.9970770422760188,147.23395975968552,1.6215092625674146,0.9970770422760188,1.2710928916931152,4,False,False,2.8457934181330504,1.9941083573497418,-0.4584997626362065,-0.3223963210562021
6,0.1008602475163907,0.3768000917975249,0.2039944782976867,0.2896598067168734,0.9028770427863338,0.7363316889490453,-0.1303355467732664,0.4856573121642379,0.1741797292045891,0.7611698303430422,0.3585729453222935,True,False,0.5018005296227117,0.3043962927658928,0.4014656510848589,0.9969438818742024,54.79133269786071,0.8029313021697178,0.9969438818742024,0.9657018184661864,3,False,False,2.4337160779681053,-3.0821540186543155,1.7435465945246391,-0.33829516281442423
7,0.2845410842244616,0.3724312588040471,0.2878951522514042,0.135664102444848,1.0851230466679858,0.723095016768089,-0.1061739270798608,0.5402657988623805,0.2997991901098286,0.6715138284857456,0.498040349469868,True,False,0.5989699426424591,0.5232821132302992,0.3523159118374579,0.9969996322717798,94.19078038145383,0.7046318236749158,0.9969996322717798,1.2179758548736572,3,False,False,3.1812636453806267,-2.220220742309067,3.682636606121779,1.538101928313921
8,0.0797854153271804,0.1095914713562753,0.1568599476950488,0.204574545385601,0.9856844094155996,0.7154334431214752,-0.078970195318325,0.2754056898820529,0.2061837989903469,0.905311556658272,0.309152018481298,True,False,0.4573493463254197,0.2793346906040383,0.273775705826349,0.9969522982672532,50.2802443087269,0.547551411652698,0.9969522982672532,0.9568121433258056,1,False,False,1.6381006152588409,-2.989140505357359,-1.6097848811178475,-0.0994024167840669
9,0.1229772879268661,0.2609099521392243,0.1007082304870526,0.1324035920773114,0.970943569248587,0.8648113246280087,-0.0053642340770349,0.3084995313152273,0.1697343426497225,0.8080563799669548,0.3341791415850734,True,False,0.8907969562618436,1.0,0.5661686446957717,0.9970191803516032,180.8009840814352,1.132337289391543,0.9970191803516032,0.5411694049835205,2,False,False,2.3434039544251104,0.5578760828571496,-0.08851286564039128,1.2332502416788766
10,0.1363036796249222,0.1025538437244259,0.1954642340804276,0.2997738659331391,0.8736659320827411,0.9808429608131274,-0.012065737439487,0.3670478116814575,-0.1361176841201214,0.8805712383253259,0.342116958368623,True,False,0.559865152681388,0.4604524451970627,0.3215228804545198,0.9970328398769066,82.8814401354713,0.6430457609090396,0.9970328398769066,1.0159530639648438,1,False,False,2.505665027389143,-1.0261576076586565,-0.551608533087333,-1.1848331342888698
11,0.0106940433758493,0.1944207804310581,0.0096174204127955,0.1666075392869307,0.8116466655289354,0.8499406041745552,-0.1008240697798313,0.1906698917533168,-0.0472546398978467,0.8974425880965463,0.1700175580659074,True,False,0.6923095537919995,0.6554317728504527,0.4613521297749869,0.997022539692106,117.97771911308148,0.922704259549974,0.997022539692106,1.2447738647460938,1,True,False,3.3263505222182252,-0.5415250763390649,-2.5322166779035284,-1.3565717950134286
12,0.2123726911592975,0.1434159020310872,0.2260126150488338,0.1979366667591451,0.998782216672558,0.7280781840544053,-0.0191204931144333,0.3898689374991819,0.2171051449396141,0.8221057034048076,0.3679257621451821,True,False,0.4746834413351444,0.3202750234402668,0.2612084709960633,0.9969752474639804,57.64950421924804,0.5224169419921267,0.9969752474639804,1.0045335292816162,1,False,False,2.375083479231093,-2.8361839233666357,0.4445420553825031,0.24898073676769913
13,0.2246701387876672,0.2008554758111339,0.132672447774208,0.0918092665708667,0.717808082910396,0.934084239866826,0.0085642041452247,0.3250036644719379,-0.219619284299472,0.7872371927005994,0.3247461170627639,True,False,0.8465919466460288,1.0,0.3893167152271957,0.9970510713569196,182.33304719988968,0.7786334304543914,0.9970510713569196,0.2950007915496826,0,False,False,2.315148013951188,1.4005297900457652,0.47514154776491396,-1.1989288233903852
14,0.3896531301954651,0.0904090845085185,0.2812328970967277,0.2940310805900689,0.8412074086334391,1.0433694228693433,0.1101879525000581,0.5276630961953901,-0.2415960845793193,0.7599688926480082,0.4771670971014432,True,False,0.6413090520291922,0.5689111486102773,0.4303409917456129,0.9970729191506014,102.40400674984993,0.8606819834912258,0.9970729191506014,1.2949542999267578,4,True,False,3.8952510564590406,0.22016534684831146,2.585331697564909,-1.0011654924814894
15,0.0805133416691618,0.3895092930056455,0.1582966301587687,0.2748212039607179,0.7860923244238108,0.7458246523790216,0.098001323251993,0.451570234397147,0.2927669709650241,0.7649886826625963,0.3892675205385814,True,False,0.593085609679143,0.396911642172588,0.5815199309249905,0.9969992234464056,71.44409559106585,1.163039861849981,0.9969992234464056,1.0643887519836426,3,False,False,2.53594350090661,-2.350715669600334,1.625831099724898,0.5726061370008011
16,0.1678914242588645,0.1293277599069602,0.2007890746621207,0.229755433023981,0.8296821310589272,0.8183852715715926,-0.1493308057094669,0.3638818459259633,-0.1573157783980845,0.8513904079170876,0.3019590560668659,True,False,0.5012694733832345,0.3748435226463253,0.2584071372451291,0.996983710995158,67.47183407633857,0.5168142744902582,0.996983710995158,1.196671724319458,1,False,False,2.419930124907094,-1.79724941169919,-0.20209382949198565,-2.0471755050399074
17,0.2130839881548624,0.1797697860091051,0.2632219405828678,0.0363338606479563,1.0033327124306548,0.805941486538976,-0.1356061886040482,0.3462047876973959,0.0451279362147519,0.8035731129180163,0.2678772265502172,True,False,0.8770847444574265,1.0,0.5113150320211126,0.9970239458085932,180.3132182395061,1.0226300640422252,0.9970239458085932,0.3035087585449219,0,False,False,2.748700471965047,0.6629248408048867,0.5092774238436223,0.6419827270603261
18,0.2549550893806077,0.296564902939997,0.2497557183269581,0.2168312420503088,1.100782815978111,0.8452478584477616,0.1103299150202266,0.5090534763489357,0.3866697793302706,0.7242400038396977,0.5721309267442048,True,False,0.6102634555338063,0.5248734137687525,0.3942568895264742,0.997050105071246,94.47721447837544,0.7885137790529484,0.997050105071246,1.2597315311431885,3,False,False,2.724666427818673,-1.8543923225028975,2.8499883006805002,2.5478923047129522
19,0.0987375394840771,0.0600631868494662,0.0410692720687457,0.1296579315506913,1.0736899982438597,1.0519525551437974,0.0538655487688816,0.1647639649764902,0.0562658155516383,0.9205996368332284,0.2810757136684932,True,False,0.8532999506526574,1.0,0.4160470938427458,0.997152708767884,182.6556302353024,0.8320941876854917,0.997152708767884,0.2855591773986816,2,False,False,1.9772611385398888,1.2547066997944276,-2.847728173425544,1.0604735393104776
20,0.0474006172084791,0.1601254379591625,0.110102674000714,0.0560172572453249,0.9612504195569788,0.9306566952706814,0.0273744441103482,0.1868229932068403,0.1143305787719871,0.8962369724161792,0.2663043232528435,True,False,0.8448277181762506,1.0,0.3822129697351997,0.9970979029698024,182.00473150753663,0.7644259394703994,0.9970979029698024,0.5170562267303467,2,False,False,1.4895767875118884,0.7171589681581709,-2.138694220887258,1.047287849234949
21,0.1067135537731179,0.1380751915706879,0.1612313553814603,0.1360836014682548,1.0232867779993589,0.7201308654207803,-0.0398552546977979,0.2710518510967605,0.2789814767795656,0.877605627328097,0.3616640373614784,True,False,0.4826233408844986,0.3405287399700041,0.25243744245914,0.9969984411388464,61.295173194600736,0.50487488491828,0.9969984411388464,0.9629158973693848,1,False,False,1.9705111252826426,-2.7342341369821117,-1.1769994632345757,0.6992372559714368
22,0.1345808856806837,0.0160337680878568,0.0775529680850742,0.0930502325837998,1.0320950939699354,0.9604741956982502,-0.0575885725869391,0.1606089272187073,-0.0452412331116674,0.9246926731157298,0.2395306331715297,True,False,0.8667944480463023,1.0,0.4700781605632826,0.9970996316219268,180.61947172789303,0.9401563211265652,0.9970996316219268,0.2845158576965332,2,False,False,2.113722381786445,1.3824863341446965,-2.793220614182158,0.22364334723255969
23,0.0655461031179237,0.1417521604370486,0.0545725032277518,0.0076904892898174,0.7834563601411481,0.955256562160164,-0.0915499191427163,0.1347806280362707,-0.2252470925021699,0.8963508682225139,0.2737387372911383,False,False,1.0,1.0,1.0,1.0,,,,0.3576653003692627,5,True,False,3.0184754661225006,4.421470146217438,-2.221517856723058,-0.3833274451180842
24,0.109715279917662,0.0548463866048079,0.0404133824522509,0.2939841389877476,1.05656268016469,0.9180535283451972,-0.0742900364494703,0.2494795939812343,0.0367846687135955,0.917719166738765,0.2655166909481228,True,False,0.4723650917117192,0.3235962001005178,0.245278560679111,0.9969894059667304,58.24731601809321,0.490557121358222,0.9969894059667304,0.9562299251556396,1,False,False,2.6635327651685676,-2.185883439139983,-2.4990010758847028,-0.8562872853532503
25,0.3124088561838891,0.2733192854732004,0.2434547771573759,0.2457615066772859,0.94130740798335,0.893640619439986,0.0301116512798833,0.5374722127458758,0.0582336544679029,0.7071359291714552,0.3586660846349261,True,False,0.6404311573762466,0.575641997272262,0.4134012520016519,0.9970393829588106,103.61555950900716,0.8268025040033038,0.9970393829588106,1.220754623413086,3,False,False,2.046396906230077,-1.1936050634353659,2.857490346941881,-0.03847591159408621
26,0.2599565249379872,0.3208185015904035,0.1190724413466716,0.0485629593181258,0.9547323632667892,0.7569067047710839,-0.0757869405899457,0.3742052135965941,0.1524697062319678,0.7096124867358047,0.3190736761872867,True,False,0.8892068964683187,0.8616629019260986,0.8365033963626161,0.9969983856584616,155.09932234669776,1.673006792725232,0.9969983856584616,1.087986707687378,0,False,False,2.473663493659857,0.5906906280744787,1.7329520739830901,0.9282987969654096
27,0.2486263858615404,0.2324762470512823,0.1364237460728222,0.0893749060846585,0.8146915429002267,0.7653345528973546,0.132675665143815,0.3534506425351518,0.1739575857415581,0.7594486835435886,0.2907613324083909,True,False,0.6582366070364324,0.5916314366474771,0.4526191046634196,0.997064450187356,106.49365859654588,0.9052382093268392,0.997064450187356,1.258859157562256,0,False,False,2.317562525765411,-1.0833845472893673,0.8635506153221325,0.14352556253761986
28,0.0051564250484022,0.0390973468560723,0.27076532198956,0.0668984805897948,0.9308730877666322,0.823027206314505,0.0054157527340663,0.1909587872419147,0.1302320950900287,0.9778731140477628,0.2429978454710674,True,False,0.6941303560899683,0.6463741155420236,0.4867193090823321,0.997053884193494,116.34734079756424,0.973438618164664,0.997053884193494,1.0491909980773926,2,True,False,3.0915524337695026,-0.4824193930569556,-2.680701532030276,0.832720351477134
29,0.0787335366824991,0.3718602315890461,0.2688915920444822,0.0424373329735538,0.808863358816905,0.7333365492136205,-0.0175247943373696,0.3809613466447906,0.2045653627191883,0.7747031158642274,0.3106737332970606,True,False,0.8031090767884936,0.7781577650239058,0.6591118906266651,0.9970088864794976,140.06839770430304,1.3182237812533302,0.9970088864794976,1.3309683799743652,0,False,False,2.460081364957534,-0.37196453988173245,1.3408065533730986,1.0776201445160878
30,0.3076716387949954,0.0934645652101699,0.2543635796334197,0.2590105594945799,0.9578450591935594,0.741025687439426,-0.0507246882219507,0.4572551715665826,0.05899114673977,0.7994318979974173,0.2930144433287415,True,False,0.4897429320423268,0.272107268738778,0.4178103652619747,0.9969468254297764,48.97930837298005,0.8356207305239494,0.9969468254297764,0.9193203449249268,1,True,False,3.085811888449488,-2.496016396891562,1.140857081673105,-0.889531261788081
31,0.2989049042517701,0.3642742843717286,0.2181866300858823,0.2730480451329745,0.7358454160787075,0.9869212597233522,0.1456493368679361,0.5772069319211778,-0.0727418167167293,0.6684104056882507,0.3552195317490236,True,False,0.8895298268162085,0.8328514340350397,0.8953781789835027,0.997038260211252,149.91325812630714,1.7907563579670054,0.997038260211252,1.3110237121582031,0,True,False,4.295239637245581,1.1704456204163547,3.8685354404446937,-0.1269184160005349
32,0.1844063179955336,0.2152173758953705,0.1246536638707626,0.1305404797028869,0.9303399437269309,0.8388361646177218,0.1476787131018267,0.3274089187322768,0.2545880211609541,0.8001881530545479,0.3760104072756464,True,False,0.7468250547532441,0.7008303186238444,0.5885664064822045,0.9970731752830834,126.149457352292,1.177132812964409,0.9970731752830834,1.0632612705230713,0,False,False,2.6972960011332634,-0.36707775754021693,0.3013724650141453,1.4510022444791262
33,0.2334117420000308,0.1543139036348945,0.2737407729855836,0.2494092615286187,0.927446425549904,0.9077927210964878,0.1339060889386511,0.4554378400745638,0.1140108742094993,0.8061371771825373,0.3593914472171231,True,False,0.5644778383416131,0.4577707334168308,0.3453101281630175,0.9970597583697732,82.39873201502955,0.6906202563260351,0.9970597583697732,1.059929132461548,3,False,False,2.6491621021478045,-1.6071891430958176,1.1749281718207278,0.3220168011891618
34,0.0397160915621359,0.022163103420339,0.2331701853510964,0.0795006714521443,1.04350110467188,0.7600186093574963,-0.027817830545238,0.1872750258928578,0.2468881706982471,0.9690604025087624,0.3239228412834356,True,False,0.5328062120111827,0.4195188212389692,0.2951694257858364,0.9970177797809562,75.51338782301445,0.5903388515716728,0.9970177797809562,1.3043830394744873,1,False,False,2.8357953469542085,-1.978564185942292,-2.692005935406674,1.1045481841603604
35,0.2971029666011034,0.1669710004967955,0.1790693789564691,0.020142733593625,0.9770011360667212,0.8921520202443854,-0.0696829786703481,0.3316430398239965,-0.0498998459001663,0.7679630164510505,0.2798854125474751,True,False,0.837549795736394,1.0,0.3531229334964116,0.9970762494491644,180.8163889312673,0.7062458669928233,0.9970762494491644,0.2846641540527344,0,False,False,2.3831544810011214,0.9123625883848556,0.5957096594483094,0.019777255333153332
36,0.0168164667711196,0.0740199728204458,0.2509060795181561,0.2626619392887439,0.9872840406151286,0.7072310352062965,-0.1171088476909987,0.3022022291992328,0.1915459107424964,0.9545817802042172,0.3094372070805473,True,False,0.4853875117439704,0.2276365969253022,0.4893618657002179,0.9969149874250594,40.9745874465544,0.9787237314004358,0.9969149874250594,1.0355949401855469,1,False,False,2.8137182263119964,-2.8393411071203625,-1.7326155295737753,0.09968907457458698
37,0.1979853171564399,0.1201728265754793,0.157607588982319,0.2277208038201063,1.0294521854885563,1.1493240545410617,0.0426602455831013,0.3517432682671723,-0.1161178687598841,0.8409209281340404,0.405062088570204,True,False,0.8466339037072597,1.0,0.3894048848929152,0.9971307299361236,180.1907118490415,0.7788097697858305,0.9971307299361236,0.2934577465057373,2,False,False,2.7551404840149236,1.5594980105474576,-0.15739415410379734,0.543368679806392
38,0.0686350806389217,0.140041570819099,0.1882534016455622,0.063170921331484,0.8222751683013391,1.0029763768196882,-0.014029054774113,0.2300504872175335,-0.1590270182023735,0.8956616742709896,0.2937492920886943,True,False,0.8287478740516495,1.0,0.3178678138227404,0.9971236823838576,181.60575574346376,0.6357356276454809,0.9971236823838576,0.509190559387207,2,False,False,2.0150580199620003,1.3657195735478167,-1.5353685020596997,-0.322717310593335
39,0.2526121583048363,0.3813591113654139,0.2984919542662682,0.1933432067560483,1.0222842756591617,0.7043157797827093,0.0711255698490926,0.5629032153462834,0.4534675422558337,0.6830143651648749,0.5788918253524814,True,False,0.5501445865177353,0.4045456739975273,0.394485989623476,0.9970010084524108,72.81822131955492,0.7889719792469521,0.9970010084524108,1.0375072956085205,3,True,False,3.2558824994371274,-2.843690565684766,3.9310603964678132,2.3519676938737692
40,0.0710928963778437,0.1449553509110257,0.0643253607862922,0.1467809555022641,1.1055735277647982,0.8118402491803582,-0.024369967481888,0.2135772817887129,0.3062945383691429,0.8919758763555652,0.39856107997326,True,False,0.60275105898696,0.5261942560224866,0.3615766611346451,0.9970390627682216,94.7149660840476,0.7231533222692903,0.9970390627682216,1.236083984375,1,False,False,2.8694768305281935,-1.624689063585001,-1.9160108044071267,1.4888354518166043
41,0.1129158846654431,0.1567563325459443,0.115617308711428,0.2830218084746411,0.8590197073185989,0.8668710213377296,0.0234278227357203,0.3341556671987283,0.0374967326568402,0.8651638913943063,0.2376329886376776,True,False,0.4979772965945858,0.366939660635298,0.2610213581000273,0.9970085070077196,66.04913891435365,0.5220427162000547,0.9970085070077196,0.9997768402099608,1,False,False,1.6838457574970502,-2.2663903027038743,-1.0107915354567207,-1.1837704168549266
42,0.0864685889589954,0.3928950202841039,0.1474510856199738,0.1470619967455862,0.8984153137295896,0.7380503050947583,-0.0010041417267072,0.3869383458043297,0.3125740825706783,0.7603181953784504,0.4014361925702259,True,False,0.5989244420686479,0.5159098674150032,0.3668562130071464,0.9970218204374388,92.86377613470056,0.7337124260142929,0.9970218204374388,1.0624985694885254,3,False,False,2.0515608281216684,-2.219299595967797,1.1558122002964488,0.9899810084696005
43,0.2008083969903372,0.2459751768682014,0.0675544046561219,0.2599138445038073,0.9392790230435264,0.9569517131594976,0.0704945141577802,0.387125911509234,0.0754052139807414,0.7766082130707306,0.3241511770428945,True,False,0.7136015047586428,0.6701555570785834,0.5170433489809199,0.9970515558964848,120.62800027414502,1.0340866979618395,0.9970515558964848,1.2727560997009275,3,False,False,2.6076502687559473,-0.4359270686677495,0.5484115021328817,0.10437255456945335
44,0.1700966721280359,0.1372793040532816,0.1972775915823379,0.0436634961219463,0.9813998483819552,0.7864966329199183,0.0819506898727546,0.274158531942801,0.2604452212974144,0.8463120119093412,0.3579046658810374,True,False,0.7484515972001424,0.7067644850767649,0.5831986179481454,0.9970788006988944,127.2176073138177,1.1663972358962909,0.9970788006988944,1.0497300624847412,2,False,False,2.872893276984901,-0.2623506463984836,-0.4272589190875513,1.7369674708954388
45,0.1255599113004726,0.0944468961975887,0.1930094231928882,0.1500226386624708,0.9508923496583892,1.110300743223826,0.0856996848769215,0.2815194346767102,-0.0892652162399571,0.8899965962509693,0.3314651768352123,True,False,0.843242895992461,1.0,0.3758157840965204,0.9971557998733238,183.2663339021248,0.7516315681930408,0.9971557998733238,0.5082075595855713,2,False,False,1.795585622639909,1.5343599098716305,-1.183994781273621,0.5688081471943961
46,0.2825350265438063,0.0950220830209261,0.1129413179983544,0.16440473838708,0.8866545783186491,1.018875105576095,0.0038984551597607,0.3274515829750835,-0.2220785438591252,0.8112214452176337,0.3906101804791945,True,False,0.8646424184578856,1.0,0.461461655940564,0.9971080178909784,181.54025279156883,0.922923311881128,0.9971080178909784,0.287510871887207,4,False,False,1.6316563273928173,1.8472021065211746,0.16203681106304477,-0.6240182162246138
47,0.0730752983327801,0.1811774169093826,0.2159722719545991,0.0567204732440199,0.9575702142186469,0.937252057422496,0.0767435207784993,0.2634727302203909,0.1511127368629514,0.8728736423789186,0.319762302116213,True,False,0.8435658412492406,1.0,0.3771858897515301,0.9970774752454324,182.74509892707675,0.7543717795030602,0.9970774752454324,0.5165090560913086,2,False,False,1.820567733748936,0.6344993049141077,-0.9765038497683112,1.6006653534067194
48,0.3211043651186163,0.0473283871911441,0.1738217562274795,0.120110414152776,0.8154834646486643,1.1332899872449629,0.0507757922616608,0.331182461345008,-0.4039187192983738,0.8157836238451197,0.5120175790904343,True,False,0.9580678687559404,0.9177862789583178,1.0,0.9966989171071264,165.2015302124972,3.893883527846981,0.9966989171071264,0.9227249622344972,4,False,False,2.6308448422409825,3.743516462762735,0.83762392028373,-0.32370771128823866
49,0.0304096797491168,0.2856030599322521,0.1377938812119337,0.1800850818283711,1.096913957107818,0.8259045869598597,-0.0820064452039092,0.3169458513608368,0.3165996150356166,0.8419936301593155,0.4474427455826241,True,False,0.671156884504498,0.6266954062185937,0.4342227043903151,0.9970140211904894,112.80517311934686,0.8684454087806301,0.9970140211904894,1.2652158737182615,3,False,False,2.8820802779490777,-1.42928335063958,-0.3495301271568791,1.9026616119542243
50,0.0092823608523584,0.0491925683940237,0.2595009424724499,0.1422777284572416,0.7996660653049773,0.7482210760622167,0.0168188460527827,0.2301268000880368,0.088218939066376,0.9707625353768088,0.1819538688168388,True,False,0.4761780291116362,0.3351504370323022,0.2374157892412114,0.9969954531407288,60.32707866581439,0.4748315784824228,0.9969954531407288,0.9403960704803468,1,False,False,2.6141466921522007,-2.460530337970296,-2.5721886273253887,-0.8029862134593063
51,2.4199627370827817e-06,0.0632991189898793,0.2538035903696899,0.1092057231803086,1.1107202888946786,1.0594409688293531,0.0433992248150152,0.2131554262513075,0.1263268943939117,0.9683492305236918,0.3535986215678779,True,False,0.8421503874918279,1.0,0.37144022867286,0.9971613212944516,180.7465303161568,0.74288045734572,0.9971613212944516,0.2750520706176758,2,False,False,2.446725300565155,1.0334139638942959,-2.47622301450925,2.2393225697979324
52,0.3556346215368009,0.3069328333311522,0.2270985157217334,0.02998674841425,0.7894900600939373,0.7285361422019292,0.1437425306532158,0.4598263595019682,0.1803455544423995,0.6687162725660234,0.3216444270401937,True,False,0.7421758305536308,0.6968925179145243,0.5778617653825222,0.9970565210029524,125.44065322461438,1.1557235307650444,0.9970565210029524,1.2739973068237305,0,False,False,2.77806797568424,-0.5152853109597809,3.0827521699075238,0.5432448077819828
53,0.3476746572694833,0.224090935185577,0.2553528434585362,0.2806932615379365,0.7792104121065657,0.7318898808898643,-0.1262245374686361,0.5539058487257665,-0.1406958672938877,0.7141172037724698,0.3337549331157468,True,False,0.4920784929132396,0.2770197156693681,0.4173388650662808,0.9969356752479412,49.863548820486265,0.8346777301325616,0.9969356752479412,0.9521074295043944,3,True,False,3.7758900115031726,-2.263811279080806,3.0135841686098046,-2.3545512042653067
54,0.1967586279383733,0.2466775076528313,0.2323834188269374,0.0488442642260318,0.7345563472000936,0.7533683244312838,0.0519060191811439,0.362331909322087,0.0580534818071827,0.7782819322043977,0.2017460207209887,True,False,0.7477020998373429,0.7126663403746863,0.5684289514246714,0.9970467671753276,128.27994126744355,1.1368579028493428,0.9970467671753276,1.3162500858306885,0,False,False,1.8787853269613366,-0.3420288107450198,0.8778863071728709,-0.35678803015474253
55,0.3032161758906243,0.0915616137414158,0.0468928070185599,0.0315039736882987,0.7914910778383986,0.9702085317514924,-0.0621769154769144,0.2365872851694494,-0.3467216504646124,0.8026111051839799,0.39309280674402,True,False,0.8325919235260261,1.0,0.3332255914751165,0.9971421026289876,180.743130956406,0.6664511829502331,0.9971421026289876,0.2816417217254638,4,False,False,3.0471208798886,2.1225175702310137,-0.3756333565111926,-1.5996955330150886
56,0.0935670275071322,0.3229641572485818,0.2940301691082531,0.0239227479869023,0.842828786020032,0.7728481750620568,0.1394508521745612,0.3672420509254347,0.3241300280032612,0.791734407622143,0.3952940774426527,True,False,0.8857480313382566,1.0,0.5459622412651477,0.997029884087879,181.56354796515544,1.0919244825302954,0.997029884087879,0.5414583683013916,0,True,False,3.1975469999546897,0.2124164576570011,1.2775095987850889,2.4308960710771563
57,0.3115448821575882,0.2704839121987429,0.2675155725382285,0.0382117796380688,0.7133744495857196,0.7029424325747613,-0.1042953963381199,0.4438780732663142,-0.1143938643065842,0.7089856028218344,0.2502667684305965,True,False,0.6654403047439235,0.6205647353494173,0.4236219308053819,0.9970098174714774,111.7016523628951,0.8472438616107638,0.9970098174714774,1.0449531078338623,0,False,False,2.863584335416788,-0.7640428251394409,2.4198819773602813,-1.676729156837892
58,0.127158796293785,0.0177396514565847,0.2217581321692742,0.1580681378602287,1.05496015367438,0.7937313343476338,0.0065788103434024,0.2623623588899363,0.2130980572515485,0.9275507761248152,0.3449766499124072,True,False,0.4822859022999077,0.3396805919252187,0.2527783230786475,0.9970041022705456,61.14250654653938,0.5055566461572951,0.9970041022705456,1.2158598899841309,1,False,False,2.1472722757128406,-2.339633641617505,-1.7620695853940669,0.6993716726495746
59,0.2276692642579451,0.2950696153824109,0.2122135730326148,0.2651544227960703,0.7396994972032036,0.8607057392369978,0.0569644694849958,0.5000534377345206,-0.0303415969865654,0.738630560179822,0.2683276423957978,True,False,0.5564653045196393,0.4461699084175285,0.336489260244516,0.997032140998984,80.31058351515513,0.672978520489032,0.997032140998984,1.019146203994751,3,False,False,2.8205871166810126,-1.8301264434276605,2.0434537949406555,-1.450403678613402
60,0.0037583610912609,0.0794307879495693,0.0205573534629254,0.2716129235001827,0.7078696659329741,0.9487899593582396,-0.0964643393148202,0.1876797130019691,-0.2995484193109317,0.9584054254795848,0.3189658431101501,True,False,0.5663767958957051,0.4764861755932468,0.3155220656627797,0.997012766733547,85.76751160678442,0.6310441313255595,0.997012766733547,0.9956057071685792,1,True,False,3.7954147920653503,-0.5319507504837452,-2.986584613380486,-2.662144381224046
61,0.258837256513895,0.0732270626118647,0.284358381343657,0.2180593023871844,0.7799663571089844,1.1157387353909138,-0.0207025683407499,0.4172410014283006,-0.4492800435736945,0.8339678404371201,0.5603906998405116,True,False,0.8541452077985513,1.0,0.4194551589021564,0.9971256722920488,180.1415948632469,0.8389103178043129,0.9971256722920488,0.5160799026489258,4,False,False,2.2711064126784497,2.5394415559207775,1.2960442261821246,-1.0535355818252388
62,0.2735859739062107,0.1106823643656364,0.1731914187051897,0.0599776239224252,0.7187352115126668,0.8664785865837052,0.0966258841818136,0.3087186904497311,-0.1325692956595119,0.8078658308640764,0.2493325030996926,True,False,0.8850189842836975,1.0,0.5429787371208548,0.9970972000139354,180.3286632566212,1.0859574742417095,0.9970972000139354,0.2970571517944336,0,False,False,2.632083387304486,1.5345442750644573,0.18805271342509206,-0.7770784871159782
63,0.0678562813385444,0.2373069045730703,0.1386202920476684,0.0303695304738134,0.8282592537145801,0.8619954914446749,0.0907375651485768,0.2370765042165483,0.1417266390357449,0.8474184070441926,0.2524302713978801,True,False,0.8483494671884764,1.0,0.3963720200744163,0.997025848679489,181.8881562294377,0.7927440401488326,0.997025848679489,0.5222055912017822,2,False,False,2.6182799174115923,0.4559075673124043,-1.0394897327858492,0.8339358586414825
64,0.0134042862253142,0.1497687194603131,0.1365945836265721,0.2698097516200786,0.83768788360011,1.0200022665548991,-0.0767971248750444,0.2847886704661391,-0.190929291212334,0.9184134971571862,0.3428955804526084,True,False,0.7639909189357494,0.7385090417204837,0.5819048679942291,0.9970407243078014,132.93162750968708,1.1638097359884585,0.9970407243078014,1.065622329711914,2,False,False,2.738982240517946,0.7250252184805238,-1.5199457323441967,-0.8274262244144622
65,0.3132688640233472,0.2922170398699739,0.0783225496360188,0.1191715386773964,0.7676080300477621,0.8317762308932638,0.0249014269231362,0.4014899961033682,-0.049792685999052,0.6972570480533394,0.240317675276035,True,False,0.9534359671671928,0.9083596586936274,1.0,0.9970245512815156,163.50473856485294,2.109931893999743,0.9970245512815156,1.3704397678375244,0,False,False,3.052575818006478,1.5953444711981384,1.962552458302988,-0.48510454365893985
66,0.1631124289115119,0.3626053701118499,0.0590106506335502,0.2312934441533263,0.8365963869545334,0.909914717525172,-0.0529513310669007,0.4080109469051192,-0.0265231910373704,0.737141100488319,0.2657460695043963,True,False,0.7871280666818913,0.7649395502744509,0.6216291765936113,0.997003989585052,137.68911904940117,1.2432583531872226,0.997003989585052,1.0914967060089111,0,False,False,2.777816937219279,-0.01807802474219085,1.1537015063113107,-0.7370099399253291
67,0.2010646186304335,0.2795323597433733,0.207602443364437,0.2419670955128377,0.9526816296445828,0.8573525027203455,0.0868778463745841,0.4650832586255408,0.2214408438552912,0.7597015108130966,0.4214063428546232,True,False,0.5804887722375475,0.4822777259647592,0.360356611865317,0.9970430251553544,86.80999067365667,0.720713223730634,0.9970430251553544,1.3532958030700684,3,False,False,1.149839502561715,-1.9119906024168856,1.7599601113869736,0.8425901518426389
68,0.0883154379266063,0.1046605222457911,0.1290338262061081,0.257067302440981,1.057638709931757,1.0872773073666246,0.1043392229610616,0.2895385444097433,0.0828731676857863,0.9035120199138011,0.3517683226999645,True,False,0.8956899639819437,1.0,0.5856661663488474,0.9970936895789272,181.0768772258149,1.1713323326976948,0.9970936895789272,0.3118898868560791,2,False,False,2.2531098870648005,1.3141238328923666,-1.4420809510735366,1.5603292770564667
69,0.0577218866431285,0.0127979118983545,0.0433606753988466,0.1106084907739751,0.7467230312785973,0.9888331301801636,-0.011283879837742,0.1122444823571524,-0.2758559661116954,0.9647401007292584,0.2943004129745684,True,False,0.8696406357059395,1.0,0.4814466032993429,0.9971159395244152,182.69391128194684,0.962893206598686,0.9971159395244152,0.2816216945648193,2,True,False,3.114376329365513,2.13282355738133,-3.3331667368132685,-1.2441819774972838
70,0.0145185086596737,0.2200406676523644,0.1135106105994355,0.0543783700825285,1.1318754714167163,0.8493410091731317,-0.0047210804621808,0.201224078497001,0.3805744612777492,0.882720411843981,0.454138428312912,True,False,0.8626200191405661,1.0,0.4534430463263952,0.9970370302358692,182.52793851346345,0.9068860926527904,0.9970370302358692,0.5563657283782959,2,True,False,3.065359310451723,0.22907096114235617,-1.524014520072836,3.1424591840647387
71,0.2032351964473927,0.1341232892027354,0.1440737686098251,0.0690115735438119,0.8012698374815074,0.743927875975636,0.0036961333946228,0.2752219139018826,0.0264821412781655,0.8313207571749359,0.1622774786919382,True,False,0.5907301901310903,0.5063964285762957,0.3530833977251788,0.9970445056465908,91.15135714373324,0.7061667954503577,0.9970445056465908,1.106276512145996,1,False,False,2.2718567253094033,-1.385306597896836,-0.8050379446110366,-1.1981522946327678
72,0.2228622064640721,0.2216955334735239,0.0063353263094516,0.0419272665834708,0.8306734784224725,0.898431149298538,-0.0199067733017266,0.2464101664152593,-0.0882477806730662,0.7777211300312019,0.233788891900196,True,False,0.8387085318339891,1.0,0.3578188935964803,0.997015233739476,182.8564872004885,0.7156377871929607,0.997015233739476,0.5217795372009277,0,True,False,3.0618483460044557,0.9517525659427163,-0.5219276299886203,-0.8688941030484322
73,0.2021038779175764,0.2178996043543501,0.1070515951416365,0.081865141097949,1.0125480714186106,0.7794097360772763,-0.109837394474958,0.304460109255756,0.1311988040847631,0.7899982588640367,0.298492778027132,True,False,0.7401578238176068,0.7159985577393269,0.5316176104636057,0.9970165693281674,128.87974039307883,1.0632352209272111,0.9970165693281674,1.0395057201385498,0,False,False,2.578623379617032,-0.4669807579683503,0.012074796989512039,0.4284333987396056
74,0.1867547410269768,0.394289754798664,0.1778614990129483,0.2918440686451083,0.7637432625860463,0.8017777933064262,-0.1036863048028992,0.5253750317418489,-0.0379533286374354,0.7094777520871796,0.274302273852319,True,False,0.5068101569806654,0.371823786156032,0.2866130587781192,0.9969799968324784,66.92828150808576,0.5732261175562385,0.9969799968324784,1.1845533847808838,3,True,False,3.2263704802835007,-2.602087684766665,2.4172945924216838,-1.9540402990706407
75,0.0320831515923708,0.0986784670085176,0.286043903091064,0.238151239401008,0.962799492349099,1.1314016281472357,-0.0151404292084615,0.3274783805464802,-0.1504449072985247,0.9346191906995558,0.3948085767217906,True,False,0.8577065448673549,1.0,0.4337066075060924,0.9971195719633272,182.67875243075005,0.8674132150121849,0.9971195719633272,0.2873125076293945,2,False,False,2.8771413065167843,1.5797812798381283,-1.090632626969879,0.5970604244439649
76,0.1815417379584635,0.0998709699428179,0.1828857549673818,0.0115257878902273,0.9189329566844836,0.7462129159935755,-0.123989367370956,0.2379121253794453,0.0078952893121291,0.8592936460493592,0.1661884919085703,True,False,0.6922685470243098,0.6548073852043147,0.4624337632874571,0.9970256544011528,117.86532933677664,0.9248675265749142,0.9970256544011528,1.2528836727142334,1,True,False,3.1654111374597456,-0.50813716777328,-1.269639916684527,-0.6148601493536531
77,0.1582738198716161,0.010538900569845,0.170505036524153,0.090300228482463,0.878343118030646,1.1399311812685475,-0.0685070352320662,0.2148089927240386,-0.4039625581208532,0.9155936397792694,0.4828697067869257,True,False,0.9744413228214452,0.9503817162503,1.0,0.9970018587851808,171.06870892505398,3.875294563244069,0.9970018587851808,0.957512378692627,4,True,False,3.294794152703912,4.027948517111606,-1.256603603070372,-0.06437801314815828
78,0.0918227644987507,0.2183219059391201,0.168865494329019,0.212219809695045,1.1348691632255243,1.0038709513491018,-0.1378122139641921,0.3456149872309675,0.0564355686324151,0.8449276647810646,0.3567923647154926,True,False,0.8606428083365765,1.0,0.4455604539025515,0.9970107794437542,181.7002432719434,0.891120907805103,0.9970107794437542,0.3080606460571289,2,False,False,2.9881082800312115,0.6109046329424934,-0.3564182802746692,1.1765103349554038
79,0.2575968597958809,0.358438181069937,0.2619601630987338,0.0018682993861864,0.7822295278822268,0.7209032863885811,0.1345146961513924,0.4399317516753691,0.2462615982820661,0.691982479567091,0.3495128632070894,True,False,0.9087179264046132,0.8481781479091512,0.9414790223587204,0.99703638744143,152.67206662364725,1.8829580447174408,0.99703638744143,1.413947582244873,0,True,False,3.4108161992368307,0.6698030371161648,3.010480821897452,1.6944620309117981
80,0.108332150841152,0.1308706371965417,0.1392936356057987,0.1701460091278249,1.088931039137576,0.7419909213842321,-0.0854327451826389,0.2743212163856587,0.2727766157483998,0.8803986059811532,0.3811249461337553,True,False,0.4691219603199474,0.3182635329913596,0.2429744716572734,0.9969863036397972,57.28743593844473,0.4859489433145469,0.9969863036397972,0.912442684173584,1,False,False,2.417588317629194,-2.83598362634871,-1.2842984228009988,0.7200001652899909
81,0.195679508838322,0.3520238716093083,0.1047002428986272,0.2544859292094292,1.0307238689698597,0.9391749308730984,-0.0569063307099918,0.4534447762778434,0.1128147887722626,0.7261483097761848,0.3915414837352344,True,False,0.7820809398127532,0.7600205792008411,0.6112773760955328,0.997005224753798,136.8037042561514,1.2225547521910656,0.997005224753798,1.195103883743286,3,False,False,2.462123387044746,-0.21191343734623405,1.8040843203565433,0.7733188321456315
82,0.2463897725555668,0.259556057113604,0.0352980468754232,0.1028595117178895,0.7491375073669492,0.7050123830477034,-0.0168673681920693,0.3220516941312418,0.033840898406195,0.7470270851654146,0.1626626892998769,True,False,0.5565867101227312,0.4524558143148374,0.3244157145232158,0.9970194973380342,81.44204657667073,0.6488314290464317,0.9970194973380342,0.937835454940796,1,True,False,3.512664699478335,-1.9551100106496277,0.2462437029658475,-1.860539103876202
83,0.2083677974998851,0.0436658887330412,0.2083168462494255,0.0578154961235583,0.8047106411880641,0.7744262617535177,-0.0787336533230734,0.2590830143029551,-0.1308002282719489,0.8739831568835368,0.2268975684197469,True,False,0.6147094692039785,0.547071146675958,0.3676717034389156,0.9970238800250822,98.47280640167244,0.7353434068778313,0.9970238800250822,1.1543989181518557,1,False,False,2.5356795650157484,-0.6266504215841358,-1.0861451463126957,-1.538248533963307
84,0.2102550084742203,0.189235332771438,0.183928057431028,0.2988895442767932,0.7951114912811714,1.0923547454393323,-0.1219836143957694,0.4411539714767398,-0.4297367064053214,0.8002548293771709,0.5561701716140148,True,False,0.8867865189830932,1.0,0.5501260189193253,0.9970200570130476,180.3667172062676,1.1002520378386509,0.9970200570130476,0.3006386756896972,4,False,False,2.713919017112722,2.3158409472283106,1.587179877931219,-1.308130210538578
85,0.0237106798638976,0.0887421915902976,0.0138105289694279,0.2449425132088312,0.991128786315106,0.754206936981153,-0.1116454274394707,0.1856029568162272,0.1577921777576821,0.9437735642729024,0.2552504202051649,True,False,0.4383272055416815,0.2601879615758128,0.2359919582217706,0.9969409407933296,46.83383308364631,0.4719839164435413,0.9969409407933296,1.1243648529052734,1,False,False,2.8564962415362767,-3.0237900875579053,-3.200205705393201,-0.7818468846575736
86,0.3928842958326906,0.1636099374098434,0.264751042863741,0.1071055568825768,0.8112017909696001,1.0077743496258846,-0.0132147513944774,0.4641754164944259,-0.3244244892621855,0.721752883378733,0.4850688953039528,True,False,0.8364132161841037,1.0,0.3485649826010579,0.9970878821353568,182.1985762703739,0.6971299652021159,0.9970878821353568,0.2742295265197754,4,False,False,2.6062033991545297,1.8774642829109447,2.76685616990991,-0.9013338202489124
87,0.3093138370843848,0.0063473132651307,0.1860059684958539,0.2340004335680818,0.8816689831720348,0.7932679010271689,0.0444541175257734,0.3678337762067257,-0.0186280622389877,0.8421694248252423,0.2270445688758839,True,False,0.465124398212875,0.3043268178452081,0.254870375660662,0.9969735815004218,54.77882721213747,0.5097407513213241,0.9969735815004218,0.8872745037078857,1,False,False,2.4072100753771895,-2.265091864672859,-0.27267636726180294,-1.6034324656209977
88,0.3380233359217834,0.0876816736123709,0.2306540933356218,0.1759314173063884,0.9766921534511236,0.9951187025148736,-0.1472650032713013,0.4161452600880823,-0.2908623834897577,0.7871474952329227,0.4839282481205867,True,False,0.8715920507267587,1.0,0.4893154076373527,0.9970527952696822,180.89238664394463,0.9786308152747054,0.9970527952696822,0.5456547737121582,4,False,False,2.343412732307727,1.9364905096246703,1.4938039453560583,-0.5191367281144726
89,0.1132125361253685,0.382167879924718,0.0818840769100516,0.2959375005014701,0.794138261107479,0.8206575766228745,-0.018601042075382,0.4366009967308041,0.0893573143088971,0.7523097919749567,0.2819537467102483,True,False,0.5157758781270528,0.3863139351606414,0.2934776003090569,0.9969980418778718,69.53650832891545,0.5869552006181138,0.9969980418778718,0.9918582439422609,3,False,False,2.8218926666451423,-2.645754156241459,1.0660355349065316,-1.2059772003581861
90,0.0695087425536086,0.1551069689804637,0.091392068477941,0.1155906984152557,0.7167668928629066,0.7178272837876886,0.0775996199900445,0.2157992392136345,0.1193383422786901,0.8876921442329638,0.1665712452153167,True,False,0.5152894121047398,0.3939835081186469,0.276167172218912,0.997023459962753,70.91703146135644,0.5523343444378241,0.997023459962753,1.1711859703063965,1,False,False,2.6529173363542045,-2.2669943505032943,-2.009594241599132,-1.1653983253788684
91,0.0129324815198125,0.2499471928985999,0.0839996109418757,0.2966727625052293,0.7250035481335462,1.083585806855935,-0.0102391932048493,0.3217760239327587,-0.2503140962378445,0.8685601627907937,0.3810462060631805,True,False,0.8807833372983795,1.0,0.5261134344645555,0.9970199147289625,181.71180237427345,1.052226868929111,0.9970199147289625,0.3069009780883789,2,True,False,3.6244370731873445,1.6263070553888663,-0.6631721755976704,-1.0075859007666292
92,0.1041768726825838,0.1708319991514221,0.0231398521988839,0.0991043992697845,0.907198984813806,1.0571436905129523,0.0361356000905295,0.1986265616513372,-0.0804815423741978,0.862495564082997,0.2688252189167432,True,False,0.9578854601583288,0.9176785933976752,1.0,0.9961846538379652,165.18214681158153,3.5809685114045777,0.9961846538379652,1.0807807445526123,2,True,False,3.7728634800192125,2.203787015384376,-1.6160698578017643,0.5231101595669336
93,0.2348237086349778,0.089824653488546,0.1846326692828948,0.1752011200323943,0.7978858129854693,0.7020956373349855,-0.0042401548692702,0.3422410757194065,0.0190504932079977,0.8376758189382381,0.1733220887926749,True,False,0.480837563602488,0.3034174119955453,0.3195463791617925,0.9969690512570688,54.61513415919816,0.639092758323585,0.9969690512570688,0.8932802677154541,1,False,False,2.006115034807499,-2.475954309434621,-0.37967490662596326,-1.753296340729363
94,0.0375512704927987,0.0206070818233029,0.1200936868507094,0.1612683032656287,1.082643033671379,1.0609086617360854,-0.0676655984409066,0.1697601712162199,-0.0544033208403609,0.9709208238419492,0.2864339848425706,True,False,0.8584560064331399,1.0,0.4366944401605401,0.9971295855720196,182.2857237482417,0.8733888803210803,0.9971295855720196,0.5529816150665283,2,False,False,2.2275973860833043,1.4278113282836582,-3.227941996880096,0.6595753751773037
95,0.3159734222350027,0.307950540862854,0.298798831160658,0.1391353559432832,0.926957292262739,0.8536540119017708,-0.0875684327390496,0.530929075100899,-0.0182765930641557,0.6880380184510716,0.3184904119199806,True,False,0.8928960472877292,1.0,0.57459342987719,0.9969907592737266,181.1717997788678,1.14918685975438,0.9969907592737266,0.3681797981262207,0,False,False,2.7440780619186214,0.6696756341715534,3.3167865067663898,0.21188412273046864
96,0.2491733885153421,0.1824387769321099,0.2592109728893572,0.0005469774288786,0.8400378417203845,0.761520906679115,0.0100769286472146,0.3456850578828439,0.055226557896868,0.784193917276274,0.2217996449911333,True,False,0.9506623040822196,0.9027981370821144,1.0,0.99705294216465,162.5036646747806,2.04935441018192,0.99705294216465,1.0786080360412598,0,False,False,2.9901270748528805,1.5066780369255957,0.9956728309006585,0.6859895863618048
97,0.0603233476174903,0.0519339207890806,0.0397491994012329,0.1078407921458694,0.8621186745650663,1.0255229228913678,0.1423710297360472,0.1299236299768366,-0.0252279320044591,0.9438713657967144,0.1890166105575186,True,False,0.8598858242078025,1.0,0.442378672533227,0.9971646242979826,182.60522945457808,0.8847573450664541,0.9971646242979826,0.5485367774963379,2,False,False,2.8453381371272415,1.4446579011289993,-3.366294054124869,0.08895001726950186
98,0.1591097360381763,0.2015300440597126,0.175892931182491,0.085548343542118,1.1364330774712936,0.9202579244410426,0.0198106715061339,0.311040527411249,0.2571959785471531,0.8196801099510554,0.4429065485708756,True,False,0.8465788518904109,1.0,0.3892615404435062,0.9970538671181376,180.71794922817816,0.7785230808870125,0.9970538671181376,0.3195099830627441,2,False,False,2.8424530102041876,0.42261358380897485,0.02356554074548259,2.5220646479933064
99,0.0518045134904179,0.310320472990791,0.0538394307829974,0.2219256322720509,1.110392141695404,0.8345244242114439,-0.0158821037243798,0.3189450247681287,0.3892435935097666,0.8189375067593955,0.4973533074898234,True,False,0.6080037358360038,0.5312403067602305,0.3725093942868724,0.9970249355366818,95.62325521684149,0.7450187885737449,0.9970249355366818,1.3153443336486816,3,False,False,3.0307340161962726,-2.001748098358551,-0.23283766050803212,2.0454887942533753
100,0.2553895149326582,0.0407946097023275,0.2250837259102028,0.1995527500343103,0.8607626900606761,1.0013791716741751,0.1334135051714167,0.3604103002897495,-0.1145004290572477,0.8519079376825072,0.3283998429839613,True,False,0.82207824181651,0.7744698392453666,0.742283405959153,0.9970898828161536,139.404571064166,1.484566811918306,0.9970898828161536,1.178473711013794,4,False,False,2.764205712632527,1.3812945596648474,0.11973384604187864,-0.005286446001814796
101,0.0443804307436896,0.3538780310357904,0.0998607132615523,0.2499342963637965,0.8667027150344822,0.8299081819072531,0.0780024920913605,0.3740267357024145,0.26954582536464,0.8008707691102599,0.3854909137351836,True,False,0.5592593631487982,0.4493202637185113,0.3413646374186605,0.9970322877395094,80.87764746933205,0.682729274837321,0.9970322877395094,1.4072978496551514,3,False,False,2.363683883959371,-2.3388179709633174,0.3452744222613239,0.5926427176069504
102,0.2099558248970558,0.1955987350358139,0.0582570474982967,0.2235385158759655,0.7106010314216902,1.0399680351638745,0.0118722441047561,0.343675061653566,-0.3246733045680491,0.7972227200335651,0.419916274048647,True,False,0.8649750885818231,1.0,0.4628439234021151,0.9970564309251774,181.34320338619656,0.9256878468042302,0.9970564309251774,0.3412110805511474,4,False,False,2.470761057640301,1.9139697425108213,0.44686643098025447,-1.545517196907544
103,0.0290213658560995,0.0925013604531236,0.269629745942797,0.2242718364535906,0.8998216760936306,1.0550527843473756,-0.1391885645271037,0.3077121543528054,-0.2626796754823366,0.9392386368453884,0.4194112821407757,True,False,0.8710851297986069,1.0,0.4872866160544689,0.9970539031399586,180.4020575694068,0.9745732321089378,0.9970539031399586,0.5822653770446777,2,True,False,3.306144084417679,1.7813034646331098,-1.1340687969165328,-0.24517541093508216
104,0.0928719473894522,0.0416789143735881,0.2751050937581661,0.1064225373906696,0.7136505873178776,1.1380870024381065,0.1197309954063541,0.2580392464559381,-0.3303019362218068,0.9327245691184798,0.4143312577544553,True,False,0.9493493652455964,0.9003051991181029,1.0,0.9967870627461805,162.05493584125853,3.867718178463164,0.9967870627461805,1.0359208583831787,4,True,False,3.8995571299380054,3.4618016035295924,-0.9771305776180835,0.10198799174274333
105,0.3545913306226333,0.1595684809963126,0.1397751381133914,0.0390549229563832,0.8159506229278859,0.978559571523028,-0.0579969468446983,0.3464949363443603,-0.3181173202530007,0.742920094190527,0.4280959153022731,False,False,1.0,1.0,1.0,1.0,,,,0.1413202285766601,5,False,False,1.9239309914405869,4.753185409302384,1.5638953429586355,-0.4914810636151204
106,0.0970544801089781,0.3756075152657351,0.2633070746995909,0.1630657668564373,0.7033698038513012,0.7910816402507611,0.0587396858957475,0.4495174184653707,0.1103043670746661,0.7636690023126433,0.2696024486564636,True,False,0.653509864742731,0.5905896139768577,0.4358234365674391,0.9970367944497692,106.30613051583438,0.8716468731348783,0.9970367944497692,1.473801851272583,0,False,False,2.9386567309449387,-1.4751294350535624,1.6819404466191121,-0.2720695262226069
107,0.3084373319861681,0.1699734675627939,0.2829424050290832,0.0998608909971981,0.8479415303322557,0.943601022879598,-0.1320041048316259,0.4306070477876217,-0.2968955295906553,0.760794600225519,0.4482657751724054,True,False,0.8431212358004367,1.0,0.3754220996255988,0.9970628435761484,182.72786817959448,0.7508441992511976,0.9970628435761484,0.3273892402648926,4,False,False,2.523169377775813,1.5896561213921205,2.0385004358589174,-0.8735996840365025
108,0.0432250920966186,0.2125034095211537,0.1518476340571858,0.1672759380348887,1.14554097259875,0.7429124026130848,-0.1381407069695737,0.2874260368549234,0.3491270217283589,0.8721357491911138,0.4465599715819435,True,False,0.5275951028513151,0.4143767705017596,0.2846391685761205,0.9969877018256208,74.58781869031674,0.569278337152241,0.9969877018256208,1.279253005981445,1,True,False,3.5844762395834637,-2.649073470593224,-0.9551953117419781,1.5889432843808422
109,0.1984057273056984,0.1881218525753444,0.1512191520476632,0.0269241703755483,0.7294626667349801,0.8738330160047175,-0.0469232945102693,0.2823354511521272,-0.1964355811451838,0.8067362100594786,0.2816194498328856,True,False,0.8442799268763639,1.0,0.3800633804662858,0.9970563270391696,182.0055014700229,0.7601267609325717,0.9970563270391696,0.3409321308135986,0,False,False,2.495775012043358,1.271767852019935,-0.05045561550776816,-1.1696046047450996
110,0.1831622831418129,0.0367156028654265,0.0672721525361925,0.2400942493077489,0.846223033350031,0.7815394853757618,-0.0513477567860111,0.2636221439255904,-0.059887548949935,0.8900610569963803,0.1983220166216454,True,False,0.4409892394835195,0.2755777137916677,0.2158470932724689,0.9969544370782736,49.60398848250019,0.4316941865449379,0.9969544370782736,1.254185438156128,1,False,False,1.9573577539494875,-2.455352304876219,-1.9045110683851807,-2.2615172063417694
111,0.3733098732304216,0.0378366082998505,0.2949987519444036,0.0289674494940938,0.9355539458745592,1.120704893113893,-0.0490962953978883,0.3675563414843847,-0.4019838751025077,0.7944267592348639,0.5522775714023717,False,False,1.0,1.0,1.0,1.0,,,,0.1288411617279052,5,False,False,2.9240195192109866,5.575431769115151,1.6234635926511478,0.40457404282664616
112,0.2855950059385042,0.3441910303974932,0.2955191871576684,0.1169394485399979,0.9400168718485732,0.827269664777416,0.1030243241745249,0.5211223360168319,0.2450695434751765,0.6851069818320012,0.447312294648336,True,False,0.9172401633835182,1.0,0.6719345932108602,0.9970260603232124,181.51626878693813,1.3438691864217205,0.9970260603232124,0.5845341682434082,0,True,False,3.2841626898826206,0.5663468989934968,3.6210981126929003,2.1862754169947944
113,0.2615709738786426,0.139568923642362,0.0967230758354944,0.220099049436533,0.8687572641286148,0.7967964540332815,-0.1125302994216316,0.358981011396516,-0.1015705144444386,0.7994300512394976,0.2709231427657436,True,False,0.4848736080054028,0.3451487138076161,0.2522103359761303,0.996986668430249,62.126768485370896,0.5044206719522606,0.996986668430249,0.9644498825073242,1,False,False,2.436633016219929,-2.0411452534159746,0.0469599724341693,-2.139846937382619
114,0.1809401756626827,0.3691652923356731,0.222633181746769,0.2793488263852681,1.0522197870348864,0.869236620872257,0.0267020750238953,0.5260437380651966,0.30379779952302,0.724947266000822,0.5230602769166764,True,False,0.577632584933486,0.4806996473960358,0.3521047168428062,0.997026328099066,86.52593653128645,0.7042094336856124,0.997026328099066,0.999049186706543,3,False,False,1.8871681037880716,-2.2270812039021135,2.7147424092362478,1.6523614980753303
115,0.056554983945146,0.1369368828292961,0.0757734357589788,0.0132670093611891,0.994536966071868,1.0056781967854294,-0.1259732798961686,0.141266155947305,-0.0969235611676549,0.903254066612779,0.2647143897938394,True,False,0.9765552120904204,0.954783544260782,1.0,0.9966537598401176,171.86103796694076,3.5298952275424758,0.9966537598401176,1.2084319591522217,2,True,False,3.7511567697316655,2.589337990335833,-2.37254224399795,0.7525513488204787
116,0.1519057139465119,0.1241326969594988,0.1914691170791989,0.2033774856156307,0.8789021152670861,0.8858025760125434,0.0465424632365416,0.3354425068004202,0.0257554939975776,0.8619807945469946,0.2408064719386221,True,False,0.6051275428633917,0.5238816729128084,0.3756905150346554,0.9970563105932944,94.29870112430552,0.7513810300693109,0.9970563105932944,1.026548147201538,1,False,False,1.5695326037765929,-1.1748394750046591,-0.6650411220034386,-0.5347248765892578
117,0.1465170616105282,0.3035435961420982,0.2974602439070826,0.1429788007278205,0.747934554803105,0.9068990276103424,-0.0345580770639453,0.4452498511937647,-0.1150092826053977,0.7749696711236869,0.3108139056441064,True,False,0.8620482127857924,1.0,0.4512032101708527,0.9969896409723168,182.66259497190055,0.9024064203417056,0.9969896409723168,0.5273911952972412,0,False,False,2.3623166908064626,0.7730731800582917,1.7340799181228186,-0.42820088582035915
118,0.0942201301561277,0.2685539271070798,0.2408019866335915,0.1480408342435545,0.9609604270200424,0.965322786241018,-0.0946543648447597,0.3758084390701768,-0.011849825590259,0.8186129713683963,0.2890040742974913,True,False,0.8377961534196465,1.0,0.354214471660832,0.9969701420177544,181.377588593804,0.708428943321664,0.9969701420177544,0.310227632522583,0,False,False,2.8449940175110586,0.4351417191844373,0.3144251238792277,0.39414634803891574
119,0.3968463981674623,0.0969366715212974,0.1941036568191807,0.1585735727139721,0.8002234951041673,0.8523956287558438,-0.0027194921675242,0.4232301496109564,-0.2048464891422832,0.7531084651556201,0.3553547342947553,True,False,0.6172131978467235,0.5450622456578345,0.38168231336779,0.997045986703435,98.1112042184102,0.76336462673558,0.997045986703435,1.2784638404846191,0,True,False,3.1090997163736764,-0.3520189204075725,1.6471766061453987,-1.7723307865766904
120,0.3377740710420832,0.0585621584343241,0.2137907297611316,0.0754662676332199,0.7148828801346264,1.0807669637213078,0.0388628934221767,0.3427966134353795,-0.4666271464683841,0.8018318852617963,0.5160073942191659,True,False,0.9596838048328666,0.9210205636053596,1.0,0.9966940921207472,165.7837014489647,3.847205864209556,0.9966940921207472,0.9580388069152832,4,False,False,2.8416961041782174,3.856329687452463,1.318793967759093,-0.807546522988641
121,0.0766792658810465,0.2033468081149771,0.2057453599539863,0.0589239301898932,0.7053677736970051,0.9579378548730482,-0.1336266547812095,0.2723476820699516,-0.3228629648402872,0.8599869630019881,0.3684832588746663,True,False,0.820296515828415,1.0,0.2841753479604456,0.9970107153532146,180.81740606740763,0.5683506959208913,0.9970107153532146,0.5239014625549316,4,True,False,3.450893258640766,1.4724638713819191,-0.5172530981263821,-1.39495303760002
122,0.1533623910197709,0.1139491665380515,0.0967639596740602,0.1608982461907404,0.8519911502069604,0.9739649936801128,-0.1050452481139306,0.2624868817113115,-0.2467257038279429,0.8663442212210888,0.3595192109530587,True,False,0.873191159860046,1.0,0.495701348301715,0.9970632911384693,182.89588880750736,0.99140269660343,0.9970632911384693,0.3025145530700683,2,False,False,2.3875993352063096,1.7536228286204194,-0.9930347087655547,-0.9518338216960655
123,0.2381777864539062,0.2253518162703328,0.2124136822143195,0.2869288726023683,0.7037823211627224,0.8632867423707288,-0.0342232990821539,0.4814360787704634,-0.2001407053819469,0.7682351986378805,0.3544261206207163,True,False,0.510794059158859,0.3797500076326012,0.2866700989787389,0.9970061223914948,68.35500137386822,0.5733401979574779,0.9970061223914948,0.9916136264801024,3,True,False,3.2676698599569787,-1.6510901055506624,1.7736531716771031,-2.3486936361658857
124,0.1666523263651641,0.1483374704056338,0.2799961093585394,0.02777955977812,0.9099577236382655,0.7715217830115465,-0.0066090922208903,0.3113827329537286,0.1226694204260635,0.842505101614601,0.2685246220995826,True,False,0.770221885674717,0.7394668428822532,0.6048960199895639,0.9970578369447982,133.10403171880557,1.2097920399791278,0.9970578369447982,1.2983534336090088,0,False,False,2.453477695703247,-0.04566237495274562,-0.057320810062894405,0.795596983702413
125,0.0273731750172157,0.0152527301998079,0.1215789840848491,0.040295560126938,1.0430004352090745,0.883424447508037,0.0973841826839833,0.1022502247144054,0.2508999479763167,0.9786870473914882,0.3230462793508301,True,False,0.8930474191567594,1.0,0.5750892376459227,0.997100438981115,181.59743151143303,1.1501784752918454,0.997100438981115,0.3060810565948486,2,False,False,2.811056574768878,1.105870233254156,-3.4382700085569655,2.3479902553421033
126,0.177642317368474,0.0555215950739133,0.0598894305348858,0.0665449277234049,0.922403125145553,1.0992318142768798,-0.0626626797689312,0.1797991353503391,-0.3005517300475383,0.8834180437788063,0.4076594270242668,True,False,0.9722131822480584,0.9459882576936292,1.0,0.996876213604975,170.27788638485325,3.7631473025921593,0.996876213604975,1.207874059677124,4,True,False,3.616149146379892,3.5819227043452195,-1.5603272739447653,0.016247348099469844
127,0.1641794429173601,0.3007592469287857,0.0439793920789368,0.2398677333176866,0.7973490798931429,0.9988089324747826,0.1018193046626892,0.3743929076213847,-0.0313506459132377,0.767530655076927,0.2676070536884779,True,False,0.8823012841070906,1.0,0.5321768180170494,0.9970283184113132,181.5226845431412,1.0643536360340988,0.9970283184113132,0.3172230720520019,0,True,False,3.2437854482258084,0.9178694734466052,0.547406524106644,-0.3534478187702718
128,0.2372482192907692,0.0456861532278883,0.2532953967523906,0.2166518322518621,1.0111313255854726,1.132784164792558,0.0912230453689942,0.3764408007614551,-0.1262108268695316,0.8585328137406711,0.4122816890208086,True,False,0.8625727296011245,1.0,0.4531417035511822,0.9971492148533158,180.87889621730048,0.9062834071023644,0.9971492148533158,0.5139672756195068,4,False,False,2.836679185786692,1.808756996607045,0.125875864469665,0.7446966294862453
129,0.2773864835152702,0.0841102205334601,0.2378185438150832,0.0166564113841442,0.9109814521850428,1.0216587017495231,0.1372381458334199,0.3079858296239789,-0.0700772352219655,0.8192516479756349,0.2984007114664123,True,False,0.9463863952680392,0.8944455234790594,1.0,0.9966545341140384,161.0001942262307,3.77250668673193,0.9966545341140384,0.92108416557312,4,True,False,3.815309047131998,2.520848661294605,0.2978647268692183,1.0843537822747924
130,0.0995227993667171,0.0655056854664653,0.0319444782091027,0.2605738744865314,0.9693788169587824,1.099558810328838,-0.1065814928274467,0.2287734187644083,-0.2537700431476281,0.9174857575834088,0.4110058002162453,True,False,0.8893296353418438,1.0,0.5602690685571545,0.9970494728102208,181.4986634867117,1.120538137114309,0.9970494728102208,0.5309505462646484,2,True,False,3.078501183074494,2.128179566208595,-2.035999720072732,-0.49577806729425794
131,0.1728302000262273,0.1458048144701813,0.0622065409915964,0.024788029857743,0.8840467604404288,0.9533116139964976,0.0797390028954827,0.202814792672874,-0.0030385434386089,0.8406824927517957,0.1922886367415466,True,False,0.8336443812475354,1.0,0.3374536989879217,0.9971238260022196,180.3465063840297,0.6749073979758435,0.9971238260022196,0.2897307872772217,2,False,False,2.658967067327057,0.998057013852772,-1.587671781812034,-0.024355682091670633
132,0.1418080788385889,0.2068245377534209,0.2641410088488671,0.2953014662170353,1.060097554168335,0.7245924376697243,-0.0297582814608408,0.4540375458289561,0.3382550644951859,0.8256836917039951,0.4807405549882089,True,False,0.5589168757332763,0.2960167979545824,0.6466851058148535,0.996948801209087,53.28302363182483,1.293370211629707,0.996948801209087,0.8598284721374512,3,False,False,2.5967772782260687,-2.521794483158814,1.225427053620609,1.5893986677300005
133,0.3237469652500703,0.2332242089135629,0.0841711129925781,0.2412162614893321,0.7586854834850342,0.9483852906988012,-0.0990032293317507,0.4411792743227717,-0.3339644147137713,0.7215144129181834,0.4536180521033304,True,False,0.7720407602799336,0.7522892937613591,0.5865693885067138,0.9970150650903028,135.41207287704464,1.1731387770134276,0.9970150650903028,1.3000755310058594,4,False,False,2.9780503727044616,1.0597651105333215,2.144885330641964,-1.9862980710456717
134,0.3404288326379442,0.3290059222275476,0.1034710167676298,0.1145940014447186,0.743291221027202,0.7249638166714995,-0.1230667815038062,0.4437498865389202,-0.110450832353302,0.665282622567254,0.2608342134522247,True,False,0.6172388708016558,0.551954142859642,0.3680477369785357,0.9969994605088038,99.35174571473554,0.7360954739570715,0.9969994605088038,1.0363681316375732,0,True,False,3.3137746522737226,-1.2574645832855404,2.448068117937561,-2.2172287486316775
135,0.2156047653462411,0.1192529241993701,0.0177213425936952,0.2863583726846432,0.9011550671941788,1.0820386951147205,-0.1248595628061044,0.3194687024119748,-0.3539191113000816,0.8325711552271944,0.4859373883220638,True,False,0.8948588127343807,0.8676512320389175,0.8470956679965518,0.9970371188631364,156.17722176700514,1.6941913359931036,0.9970371188631364,1.3221654891967771,4,False,False,3.2667687690221263,2.5304749395263477,-0.12377509293280502,-1.054376560457753
136,0.0541381855821839,0.131357747581432,0.0129821985341133,0.243012759621348,0.7524116761296613,0.8896712262963447,-0.0276925102257943,0.2207454456595387,-0.1263422793928537,0.907252033418192,0.2246242715060292,True,False,0.5564554645637435,0.4559679559870278,0.3168560631088262,0.9970298831720924,82.074232077665,0.6337121262176524,0.9970298831720924,0.996474027633667,1,False,False,2.6880945184743217,-1.2314067409366298,-2.4025432292235336,-2.1201651963988306
137,0.3505361718895371,0.0327105702924919,0.2454029546642806,0.1373192963314571,0.9420969393190504,0.7008257152683006,0.1467943992047335,0.3829844965888834,0.2291528224569608,0.8083766289089855,0.3514161557565676,True,False,0.5190433926240945,0.3457730922837567,0.3876305772900466,0.996996808638818,62.23915661107621,0.7752611545800931,0.996996808638818,1.2122869491577148,1,True,False,3.587501300434033,-2.1696134037203634,0.7722560711267658,0.438861727792781
138,0.3397452716498825,0.3308649619039437,0.2385421512239222,0.0229484641513821,0.8583722243411358,0.7339224950681782,-0.0002993964769933,0.4660504244645653,0.1197101779229948,0.6646948832230868,0.3063199563919516,True,False,0.8500371097273982,0.8205671982154984,0.7619980494020062,0.9970159930765898,147.7020956787897,1.5239960988040124,0.9970159930765898,1.0718352794647217,0,False,False,2.3688859290512116,0.31367793065338945,3.206319926499516,0.6120358294749615
139,0.2659648831888903,0.2428380584297503,0.0332705622447328,0.0849128210443712,0.7852626988129502,0.9014679299620756,-0.0973882478400391,0.3134931624538724,-0.2251568913687345,0.7455985291906797,0.3321740569965461,True,False,0.8427749152363835,1.0,0.3741085202471019,0.996991140698432,183.1762330519834,0.7482170404942039,0.996991140698432,0.5220310688018799,0,False,False,2.9104890857181647,1.2421380907859512,0.6265660104024078,-1.498443784779867
140,0.0172298068864621,0.0346631434561667,0.2275452278698383,0.198256139423705,0.9533167051647784,1.1195974928040076,0.0740848815816357,0.2388471588180861,-0.083479237772741,0.9740535248286856,0.3138549556830756,True,False,0.8648000479395355,1.0,0.4620485459646772,0.9971516457934644,183.54477490695348,0.9240970919293544,0.9971516457934644,0.28456711769104,2,False,False,2.3040655970931634,1.6453708964640936,-2.419364713826146,0.7679272565675092
141,0.2722880821894114,0.2074364767630304,0.2403782961913491,0.065958592532469,0.7603581896311058,0.8722767622391004,-0.037523169627777,0.39303072383813,-0.1818675449489621,0.760137720523779,0.3244915544721808,True,False,0.8558542282615647,1.0,0.4263756698697705,0.9970412431764882,182.00580970194304,0.852751339739541,0.9970412431764882,0.2966654300689697,0,False,False,1.8170100903866577,1.203770783792672,1.5366559827160047,-0.8592555423680187
142,0.0181142948291416,0.0627840752095687,0.025101530433886,0.1591655475423189,0.8234735877891306,0.7706154104065743,-0.0495203866001231,0.1325827240074576,0.0256726809726466,0.9595508149806448,0.1169589477354973,True,False,0.4742207022702112,0.3257183637161472,0.2484508745320077,0.9969952071165424,58.62930546890651,0.4969017490640155,0.9969952071165424,1.2816460132598877,1,True,False,3.084514221031001,-2.316518317441526,-3.8389639524405386,-1.7740413053108284
143,0.0353595607878963,0.0077984650246076,0.2753339559787388,0.2326411857215855,1.0044817409371165,0.7522240645410858,0.1228942295250375,0.2755665837564142,0.3613713580394236,0.978420987093748,0.4162258996957704,True,False,0.5309862592330366,0.3135217282621063,0.4999227918001701,0.9969787886077632,56.43391108717914,0.99984558360034,0.9969787886077632,0.9335291385650636,1,True,False,3.5998157656803818,-2.337589386894582,-1.8651418597274576,1.825221457588561
144,0.2190276537520664,0.1530971073123697,0.1628085768701256,0.0620008777142224,0.9473097234541942,0.7065117563161003,-0.0330675010432838,0.2984671078243921,0.1747651928749617,0.8139376194677819,0.2877013287973075,True,False,0.5505646906467587,0.4467453616056276,0.311743028019297,0.9970250113564828,80.41416508901297,0.623486056038594,0.9970250113564828,1.2149319648742676,1,False,False,2.160782602023271,-1.969786991685635,-0.2384808225522685,-0.0034097820839915738
145,0.0708798893698986,0.0829286954658151,0.1717576326980963,0.0951944567374731,0.9237258901589296,0.7091943385799604,-0.0034351801625572,0.2103803371356416,0.2171207744643702,0.9230957075821432,0.2726546567176013,True,False,0.4839196093477944,0.344067971184467,0.2505397667176332,0.9970027283046105,61.93223481320406,0.5010795334352665,0.9970027283046105,0.9769649505615234,1,False,False,1.813275046453972,-2.5317350317252836,-2.187253591817854,0.112033007756786
146,0.1506539361770952,0.0565323475475497,0.149872714421176,0.0271525712026479,0.827956708245997,1.1014522770103707,-0.0234347641813374,0.1921057846742345,-0.3439911272604838,0.8964068581376775,0.415589236540076,False,False,1.0,1.0,1.0,1.0,,,,0.3824055194854736,5,False,False,1.481754968677495,5.300315609700594,-1.363321269797032,0.01943893982898573
147,0.0667833776358159,0.023311098547547,0.1943176525329501,0.2105287355934657,0.9344850619689428,0.9944239366219192,0.0918342858107052,0.2474704321548894,0.0101592716135942,0.9549527619083183,0.2373109854778277,True,False,0.7178696088662417,0.6675351285910582,0.5393339661341408,0.9970742121487096,120.15632314639048,1.0786679322682815,0.9970742121487096,1.0470259189605713,2,False,False,2.405852096528971,0.11537265537480708,-2.3455287500377584,0.25478122364574907
148,0.1195184084107939,0.1120783150157624,0.0716298700646727,0.2711487595989792,0.7236675250128984,0.766993101478449,-0.0383856633227415,0.2871876765451042,-0.0854312864858079,0.8842016382867218,0.1887989991323633,True,False,0.4876939010397449,0.2886765879148275,0.3764647217826748,0.9969577065466498,51.96178582466896,0.7529294435653497,0.9969577065466498,1.2022480964660645,1,False,False,2.3135544187139776,-2.2001048994649346,-1.5511267929180101,-2.519985184336756
149,0.1787830838771942,0.168904812461663,0.1994995739030557,0.2081760407542496,0.7868846020960395,0.9027998502518502,-0.1395241118158521,0.3776817554980813,-0.2603784956794284,0.8261560518305714,0.379720912693862,True,False,0.6951058037810677,0.6611585791307951,0.4610886079470297,0.9970174489156506,119.00854424354311,0.9221772158940597,0.9970174489156506,1.0398263931274414,4,False,False,2.759341711724742,0.1759723556874053,0.5147644070662651,-1.6585668947067893
150,0.3285877414035359,0.2272403569476936,0.1303269906560041,0.0135706561103143,0.8040622641445224,0.8082743952088229,0.018862702356449,0.3498628725587739,-0.0360231209357725,0.7220859508243852,0.2146431864233094,True,False,0.8654454333638152,1.0,0.4647450700640085,0.997036663391252,182.44431857598235,0.9294901401280172,0.997036663391252,0.3052153587341308,0,False,False,1.938768385655792,0.8469316985989706,1.2220621060320425,-0.6049799029473811
151,0.3480011713890452,0.185776054334406,0.1535348306898274,0.1828121751849511,0.8392042697513202,0.991844749665768,-0.0944951418923593,0.4350621157991149,-0.3282481803341268,0.7331113871382744,0.4787360093743941,True,False,0.8575478435934727,1.0,0.4331479220390832,0.9970434523348072,180.15355849650416,0.8662958440781665,0.9970434523348072,0.5467624664306641,4,False,False,2.1901641995002565,1.8038231691340552,2.1303209488469395,-1.2441392523499357
152,0.3221671629453385,0.0356967979233654,0.1039201432181396,0.1207607841738659,0.8676418224661889,0.7642306298378891,0.0489011637413789,0.2912724441303547,0.0090771738586922,0.8210680195656481,0.1799233950433768,True,False,0.4975697854087163,0.3640017316089693,0.2652591181943577,0.9970165602225688,65.52031168961449,0.5305182363887155,0.9970165602225688,0.9919767379760742,1,False,False,2.5215979712298466,-1.9068510367289724,-0.7456504819857807,-1.5577578605235463
153,0.2957308694992772,0.2566791499259328,0.2200895378690963,0.1278294169690784,0.9244313093282231,0.915283745935094,0.1376937577330252,0.4501644871316924,0.1273154613394822,0.723794990287395,0.3663838354721957,True,False,0.8629467383192406,1.0,0.4547495282833829,0.9970374249935796,181.36104934769008,0.9094990565667658,0.9970374249935796,0.5107946395874023,0,False,False,2.3791718389797394,0.5826059093907665,2.211359252021217,1.1911667185397543
154,0.1827721322134471,0.1762406588999776,0.2343345141556373,0.2099841329914325,1.1181440933604962,1.1048008734124883,0.1307580953542628,0.4016657191302473,0.1408355786455359,0.8204936044432876,0.4509038765326666,True,False,0.8519539776859502,1.0,0.410722322673795,0.9970935880700056,183.57763716149591,0.8214446453475901,0.9970935880700056,0.295687198638916,2,True,False,3.609371877901322,0.9291820945243594,0.6570713291783685,2.3125293359597605
155,0.3917249689593697,0.10693505322079,0.2827087987581017,0.1548137045265309,0.9744755611123328,1.038795108872722,-0.0601165478394429,0.4680912627323962,-0.2668310534691218,0.7506699889099201,0.5006528046706953,True,False,0.8474976087336515,1.0,0.3928728842978124,0.997117550636794,181.77027875853523,0.7857457685956248,0.997117550636794,0.5135917663574219,4,False,False,2.712810082231965,1.856900447212957,2.386301282212804,-0.20008436315810507
156,0.1603934336648046,0.0095553119719892,0.041667861359076,0.1994461521432299,0.7530969037185112,1.1444953159546525,0.0689917374994618,0.2055313795695499,-0.3978257355830871,0.9150256271816032,0.4453060480959632,True,False,0.8623083024581267,1.0,0.4520723344165347,0.997160875415972,182.81714115979312,0.9041446688330694,0.997160875415972,0.3638904094696045,4,True,False,3.4797208612364954,2.769586573170736,-1.8939956016594153,-1.3081525290143086
157,0.1288213958243028,0.0970960958112045,0.1555878797903999,0.2976374703163139,0.8910218607408147,0.7082575154752332,0.0992063873833148,0.3395714208711106,0.2661080826423472,0.8870412541822463,0.3453132619878645,True,False,0.6523881108183843,0.3506064281785138,0.9113592502214658,0.996980336695044,63.10915707213248,1.822718500442932,0.996980336695044,1.0859363079071045,1,True,False,3.653711708690638,-1.4900762103766667,-0.5387672864977858,0.7429330617917226
158,0.35940057319142,0.1710468516200874,0.2771294522972536,0.1490247960658931,0.7669631129762772,0.981970375419625,-0.008418311919506,0.4783008365873271,-0.31760243514852,0.7347762875942463,0.4691151678230184,True,False,0.8530348704770643,1.0,0.4150585216943376,0.9970809602139192,181.81902489803295,0.8301170433886753,0.9970809602139192,0.2941517829895019,4,False,False,2.403099921581464,1.799943826944009,2.749828672621017,-1.0237146026420259
159,0.0859540367506598,0.1336477875064348,0.0444664429892176,0.2129861716478436,0.9672559241726432,0.9254004894233688,-0.1159578030818807,0.238527219447078,-0.0502554929547187,0.8901990878714526,0.2487282869506655,True,False,0.6975313885468485,0.6617843391542355,0.4695271190888128,0.9970297567901102,119.1211810477624,0.9390542381776256,0.9970297567901102,1.0098397731781006,2,False,False,2.7203901673257564,-0.2809110772622627,-2.0178370486070953,-0.7379332608605716
160,0.2439574481823532,0.272776409679124,0.2359088291987005,0.266689552260709,0.9956762496460068,0.804822532514481,-0.1454442650015525,0.5096661196604434,0.0598189328783587,0.7416330710692614,0.3398825031313146,True,False,0.5106576334919755,0.3841891183493017,0.2772757430193202,0.9969765542499782,69.1540413028743,0.5545514860386405,0.9969765542499782,1.2358777523040771,3,False,False,2.519264848137068,-2.54549842415594,2.0786727163172403,-0.6750988035245576
161,0.0877986516809473,0.3250704270844328,0.0809866042806186,0.0833062781454697,1.0128040801111589,0.778736441654107,-0.1445722644725825,0.2885809805957342,0.208131261686212,0.7935654606173099,0.3381962796913374,True,False,0.863204022492724,0.8464806570237515,0.7628718468998699,0.9969829290235228,152.36651826427527,1.5257436937997395,0.9969829290235228,1.087109088897705,0,True,False,3.5057195943965302,0.21086989038838908,-0.021441663563912767,1.3241714134471962
162,0.0503852632558117,0.1145827463901413,0.1023211185176091,0.1873848151656854,0.831917758720113,0.8225406055292295,0.0152026644247171,0.2273369716646238,0.0566785591827654,0.9175159951770236,0.1885565152378444,True,False,0.5286581424180267,0.4089820080029249,0.2996377728367747,0.997030780829482,73.61676144052649,0.5992755456735495,0.997030780829482,1.219496726989746,1,False,False,1.5790211946696817,-1.9218731791198966,-2.3723133797643134,-1.035704272704626
163,0.2061510215773751,0.0715275313224355,0.1878676272254572,0.2090158392953084,1.0769093590933083,0.7678002349661205,0.1129732585850247,0.3372810097102882,0.3547706375847429,0.8611607235500947,0.4589521849498183,True,False,0.50615786567621,0.3519117368201318,0.3238086472107717,0.9969993418538045,63.34411262762373,0.6476172944215435,0.9969993418538045,0.9527008533477784,1,True,False,3.2195582098539703,-2.492727463510638,-0.28647877843267827,1.6009001072631235
164,0.275825192613767,0.3857804204077979,0.2209020582854174,0.2812930736997642,1.047924085361019,0.9506328507832984,0.0623553291499358,0.5819003725033733,0.2146241776246718,0.6691971934892176,0.5111738896122318,True,False,0.7189149719259866,0.676889651995002,0.5248480072170416,0.997032576496901,121.84013735910035,1.0496960144340832,0.997032576496901,1.2910268306732178,3,False,False,2.8692209377344318,-0.8281115697561414,3.8078532157893163,1.6694147317647507
165,0.1576217994769903,0.0331482778172474,0.2473187253015141,0.0257860045410477,0.9430824957009084,0.8718348692397087,0.0827303050570606,0.2319374035683998,0.091741170688389,0.9046149613528812,0.2515490050755477,True,False,0.8844547518810847,1.0,0.5407153262098063,0.9971036813145324,181.27175759736625,1.081430652419613,0.9971036813145324,0.3240351676940918,2,False,False,2.517622007716647,1.1731737394618218,-1.4645072539299044,1.1917586132223343
166,0.0890470248384399,0.0193492054102822,0.2241630758510105,0.2835861802588299,0.8198245766603153,0.8269656561610303,0.0748854823996189,0.3080727431792813,0.032895493184825,0.9458018848756388,0.2046639513879439,True,False,0.4954954502436628,0.310533552033579,0.3639388297409169,0.9969758671665762,55.89603936604422,0.7278776594818339,0.9969758671665762,1.2112877368927002,1,False,False,2.322718956163823,-2.2014677076936087,-1.841586127018621,-1.0902748883547986
167,0.0469781686083541,0.2484848666231538,0.2524913765554508,0.0041840399042375,1.1408871766766928,0.7137443268636452,0.0607931968118936,0.2760692258455982,0.588689395632341,0.852268482384246,0.5772992036027285,True,False,0.7265056960899532,0.6868911321206485,0.535191719481297,0.9970488006372188,123.64040378171671,1.070383438962594,0.9970488006372188,1.0945320129394531,3,True,False,4.8230525949106715,-1.1390213486076162,0.008709575764030279,4.361671628026756
168,0.0458690786878535,0.1009482785083336,0.22429093757067,0.2563006429400437,0.7320579281051148,0.8033979605131487,0.051432258659587,0.3137044688534504,0.0076318261617932,0.9265913214019064,0.163924855393022,True,False,0.4904069392647612,0.3370738838040731,0.2904907386129416,0.9969892508379568,60.673299084733166,0.5809814772258832,0.9969892508379568,0.9808433055877686,1,False,False,2.480792748339119,-2.3882941187846543,-1.6278083174153817,-1.5601836812530554
169,0.2740698944807499,0.064497587006369,0.1672716486361482,0.1318058732720719,0.834432386605333,0.9859080278592144,-0.0460861892659153,0.3188225016976696,-0.302347984256987,0.8307162592564405,0.4140228948493969,True,False,0.8647220507316757,1.0,0.4617903717619285,0.9970978311647744,180.7474848054286,0.923580743523857,0.9970978311647744,0.5255451202392578,4,False,False,1.2187751201671837,2.058706609536358,0.14130646357121585,-0.9804472890389512
170,0.0727205126264298,0.1461445246365821,0.2292075828983455,0.0161019575317048,0.9059014070502828,0.8111652062933996,-0.0662260504775401,0.2320872888465311,0.0652221562844192,0.8905674813684941,0.2112348626451846,True,False,0.8780204281359627,1.0,0.5150233592237257,0.9970583533201248,181.7686372399708,1.030046718447451,0.9970583533201248,0.314469575881958,2,False,False,2.675706387910593,0.7502802767526604,-1.4217412242213385,0.6079136517430617
171,0.0539689303999301,0.1216081622900899,0.0163498624270613,0.015239973798444,1.0980460133588883,0.9399908356535434,-0.0474476065711419,0.1035834644577627,0.1444271870792828,0.91221145365499,0.2875989102837828,True,False,0.8344601114049329,1.0,0.3407118502395114,0.9971285953802204,182.2478410118148,0.6814237004790229,0.9971285953802204,0.4964892864227295,2,False,False,2.8863099451825582,0.7976637364899124,-3.163738100181984,1.3650437484849882
172,0.3166447821658788,0.0866511393479536,0.2994624361873773,0.1234001180526462,0.7232185387387907,0.9712907994410804,-0.0776789629692309,0.4130792378769279,-0.4407480450804834,0.7983520392430838,0.503307856744029,True,False,0.8597673246581232,1.0,0.4419751886351335,0.9970941099973594,180.37037330664356,0.883950377270267,0.9970941099973594,0.2911789417266845,4,False,False,2.2107706031596135,2.3226545011103297,1.7760389793780462,-1.496653907901431
173,0.171786169178722,0.2770999087218563,0.1962430122779747,0.203220765466847,1.0819435747480286,0.8911105696887539,-0.1104288498327868,0.4241749278227,0.133061024998055,0.7755569610497108,0.3927701222371086,True,False,0.7770201197708098,0.7591755263973798,0.5927253234311323,0.997004102857347,136.65159475152836,1.1854506468622643,0.997004102857347,1.3275270462036133,3,False,False,2.4575931420168535,-0.2645314119481255,1.2572803742943588,1.154361025765311
174,0.2702528891273126,0.1118692481866236,0.2363947918317344,0.0682973195339017,0.891692651387041,1.0614508459089742,0.1217148100425694,0.3434071243397862,-0.1272352049497081,0.8089389313430319,0.3519898470297432,True,False,0.9479077985694816,0.8975439061328601,1.0,0.9965433820122058,161.5579031039148,3.724224546010106,0.9965433820122058,0.920130729675293,4,True,False,3.2821260380164627,2.6043780879817446,0.7444120251013011,0.8821407985535983
175,0.1540071920427295,0.0056584617377983,0.0343778575865679,0.1151106245738142,0.8434000939639392,0.8707998484506667,0.0677901679357544,0.154577067970455,-0.0337839517034386,0.920167173109736,0.1606511838138967,True,False,0.6573126049466155,0.5932911129448009,0.4456067080059718,0.9970614858908884,106.79240033006415,0.8912134160119436,0.9970614858908884,1.2306370735168457,1,False,False,3.0605612969263953,-0.27887132332684805,-2.96565963532912,-1.073988373246655
176,0.0049102687222587,0.2029747950528738,0.0875984142748826,0.2364325129294375,0.7506353390137549,1.0679554080530604,0.0183718354833467,0.2659579954897264,-0.1999159703906513,0.8960574681124337,0.3309804671969852,True,False,0.8617388036994877,1.0,0.4499005151386477,0.9970546996593036,182.95901036360752,0.8998010302772954,0.9970546996593036,0.312737226486206,2,False,False,2.7526541988793594,1.477981539483329,-1.4781107969012772,-0.7758796559152227
177,0.3535748973680077,0.1171205882665123,0.2915472442721042,0.2880796926534628,0.9976457826645856,0.8593812163142192,0.1286231159629986,0.5251612112800436,0.1486605277626171,0.76465225718274,0.4135175509142889,True,False,0.5147928138905788,0.3780538605187488,0.3060510043058855,0.997012530218932,68.04969489337479,0.612102008611771,0.997012530218932,1.0075466632843018,3,True,False,3.313542866059624,-2.17240834393228,2.2432137855124292,0.3667346134129936
178,0.0611760876389492,0.0707432782384648,0.2962726713158767,0.2109114584843615,0.8260364578457527,0.7350570963758158,0.1251434220556112,0.3195517478388261,0.2209063788253059,0.934040317061293,0.3006379149861062,True,False,0.5380260618863186,0.3393032351661386,0.4765063433895697,0.9969914338234276,61.07458232990495,0.9530126867791396,0.9969914338234276,1.2354578971862793,1,False,False,2.8697158083789462,-2.23267304033719,-1.1145676131954136,0.42612512975584177
179,0.0594735399093649,0.1648300214788042,0.1478863294855295,0.1683118783881125,1.1485786195213483,1.012829201156492,0.0884136104600143,0.2702508846309057,0.2768412696095903,0.8878482193059154,0.4645570707875764,True,False,0.8601292152246822,1.0,0.443414464571255,0.997102396327474,183.37690138829356,0.88682892914251,0.997102396327474,0.2998051643371582,2,False,False,2.6149445679684997,0.6690855218606011,-1.154361606473583,2.9369719487765757
180,0.1627414428218512,0.107337075548463,0.2046609919746909,0.1792972114269971,0.9588684303455708,0.8932907787776397,0.0230075505867261,0.3270183608860012,0.0608830185179631,0.8649607408148428,0.280376957745981,True,False,0.6611169627864011,0.6035234185510286,0.4403625581168811,0.9970584559266662,108.63421533918516,0.8807251162337622,0.9970584559266662,1.2539613246917725,1,False,False,1.8592340718458344,-0.7090531773948862,-0.6396723574853471,0.14768848250247968
181,0.2764123650253469,0.2042819376633657,0.1211680079886298,0.1603827815085292,0.8753828295694717,0.8676252639959713,-0.0835915140910826,0.3811225460929359,-0.1118991621985728,0.7596528486556436,0.3053405391476788,True,False,0.7679640833239431,0.7454567539648851,0.5839168140876829,0.9970260112783192,134.1822157136793,1.1678336281753658,0.9970260112783192,1.0690772533416748,0,False,False,1.8891143041928498,0.34603763434615564,1.0106579034012768,-0.9453036937256111
182,0.0206852825525346,0.3426448351130061,0.2419106623238739,0.2704378787399495,1.0361611991320454,0.990364327693068,0.0673100192994707,0.437839329364682,0.2740866670186838,0.8183349411672296,0.4962191136633615,True,False,0.9298487191712992,0.8738670815246138,0.9746359034231772,0.9970248102127912,157.29607467443049,1.9492718068463544,0.9970248102127912,1.345914363861084,3,True,False,4.3340557485693925,0.8887111476735785,1.2990105664790943,3.07907368969558
183,0.3977031315144926,0.1189393692578106,0.1804733412144469,0.1198090880140295,0.7546908385471038,1.0001534205145524,0.0050535777190764,0.4084624650003898,-0.379790885376713,0.7416787496138484,0.4799705819915978,True,False,0.8465104820603024,1.0,0.3889174748510946,0.9971244533901152,180.18925952821064,0.7778349497021892,0.9971244533901152,0.2912468910217285,4,False,False,2.166089278203881,2.1865665207378386,2.0207711374213058,-1.4509219316503623
184,0.3343730476595677,0.0046118461654219,0.2892409624551229,0.0828495707754582,0.7643816568915506,1.1236987735491084,-0.0911906396194168,0.3555377135277853,-0.6153883570240476,0.8305075530875052,0.6334682072357074,True,False,0.9774950551650126,0.956491544075413,1.0,0.9969971325092244,172.16847793357434,3.891082190675157,0.9969971325092244,1.1485109329223633,4,True,False,3.6522110424762184,4.6561677980573,1.4673199658713878,-0.9136857729824608
185,0.3200337973746319,0.0534780198858819,0.2108176518176118,0.2641547455318077,0.9148089414831436,0.851392263769597,-0.0252737388059014,0.4242421073049667,-0.0951349498367298,0.8132440913697431,0.3183281141372097,True,False,0.461320084971629,0.312182856331499,0.22393396093236,0.996980666291158,56.192914139669824,0.4478679218647201,0.996980666291158,0.943645715713501,1,False,False,2.898577167858762,-2.0609326066770524,0.6258990572823357,-1.6432168211833262
186,0.2360132880875518,0.2535416237088385,0.1656804109094049,0.0355784931189653,1.0148576157338605,0.8814045404946856,0.0693692422519036,0.3454069079123802,0.2115864853017218,0.7552225441018048,0.3891801934031218,True,False,0.8405552204358798,1.0,0.3652284393492628,0.9969924423942564,182.38873030050627,0.7304568786985257,0.9969924423942564,0.3045079708099365,0,False,False,2.4449195157477592,0.37109056471477814,1.0030850227795278,1.7941445242826524
187,0.1336609763740802,0.2982962223054597,0.0200967303410912,0.2444298127909962,0.965625967646994,0.9320152633567222,0.1123501538020063,0.3482418709058137,0.2282784810579678,0.78402140066023,0.4006741447480353,True,False,0.730225061308486,0.6860568621855123,0.5517339776791275,0.9970525431837916,123.49023519339222,1.103467955358255,0.9970525431837916,1.3824877738952637,3,False,False,3.0207794977283537,-0.5684066843244204,0.2595205007417687,1.1675673332702003
188,0.26070768845657,0.1750279298228691,0.2657188616349306,0.1135421084968396,1.0956539179538978,0.9617884842128126,0.0479703572859823,0.4074982942056047,0.138995911710217,0.7821321908602804,0.4107574652500497,True,False,0.8529262227161891,1.0,0.4146195313970118,0.9970853594677448,183.20942431564436,0.8292390627940236,0.9970853594677448,0.3021581172943115,0,True,False,3.1294637618730854,0.7281248115193475,1.2845876448364633,1.917347382908438
189,0.3312715181330981,0.2919568247749431,0.218996356996667,0.0729528786841042,0.8643075170232072,0.7295239340713068,0.1143962698570316,0.4575887892944063,0.2295225061298546,0.6883858285459794,0.3692068821693038,True,False,0.6420464979857318,0.5705756511596776,0.4299809210583198,0.9970537685652522,102.70361720874196,0.8599618421166397,0.9970537685652522,1.2613525390625,0,False,False,2.7698727768162703,-1.414887939148434,2.7498051593186634,0.6803125773048014
190,0.0195139547504391,0.1225638635773509,0.0365065172496672,0.2801087143393606,0.8502649551732162,0.968202061134954,-0.1349235900603758,0.2293465249584089,-0.2013357416086578,0.928961090836105,0.3171568090256009,True,False,0.6149540159097435,0.5515464551546461,0.3597085904679566,0.9970145628617256,99.27836192783629,0.7194171809359133,0.9970145628617256,1.0236046314239502,1,True,False,3.3218573925835475,-0.5002148056709328,-2.432709158812808,-1.7657272633883523
191,0.0250049905826761,0.085921256710117,0.0289614873955039,0.2271144703531749,0.9831038644668336,1.084426592854133,0.0501190971512799,0.183501102520736,-0.0207454981722989,0.9445368763536034,0.2527303542419154,True,False,0.8777331589706482,1.0,0.5138317109239239,0.9971009249586688,182.6232640823376,1.0276634218478478,0.9971009249586688,0.5321805477142334,2,False,False,2.258298702504743,1.383734479797047,-3.064838424720813,0.42500186179394667
192,0.0422359239465787,0.3545037112571708,0.255810565813337,0.1522255556675647,0.7010496497352264,0.7895463172192033,-0.031560207990303,0.4023878783423256,0.0360770181810161,0.8016301823981252,0.2052503539841474,True,False,0.675280074884156,0.6280400895745591,0.4480206925755432,0.9970194278119624,113.04721612342064,0.8960413851510864,0.9970194278119624,1.0386900901794434,0,True,False,3.075286401624564,-1.2493871049072152,0.7670403267193222,-0.7759286526343254
193,0.1884322544009062,0.0149308600549927,0.1108722606839161,0.2324481463781504,0.7768061339965016,0.7998009325351876,0.1022071910323561,0.2733417607589827,-0.0075383046792866,0.8983184427720505,0.1580114537440874,True,False,0.4873773876463873,0.3301530566529961,0.2922149529586058,0.9969884843209512,59.4275501975393,0.5844299059172116,0.9969884843209512,1.1750566959381104,1,False,False,2.3727671126308816,-2.112648417901139,-1.824632406725906,-1.8382440050343896
194,0.3617652965109481,0.2874517266821418,0.2494303168476149,0.0309033558553285,0.7579499894108455,0.7106867565542561,-0.1229918189546249,0.4647753479480168,-0.1128853710124386,0.675391488403455,0.2708005482779453,True,False,0.7106505627558765,0.6814669855701706,0.4826652253718286,0.997003054511336,122.6640574026307,0.9653304507436572,0.997003054511336,1.0785202980041504,0,False,False,2.890802924980179,-0.39768985387612277,2.9681933362896142,-1.4699772618274451
195,0.1497366827177435,0.1785814252086385,0.0034750642023757,0.1961089175923815,0.8558549935785883,0.7761322393541383,0.0732708895407216,0.2639510448605696,0.1674160150106191,0.835840946036809,0.2640268351837809,True,False,0.5144686546686992,0.3929173563885743,0.2750212839279484,0.9970186219696991,70.72512414994338,0.5500425678558969,0.9970186219696991,1.0424299240112305,1,False,False,2.307558708828654,-2.3125439398635605,-1.23373498442577,-0.6824524553838404
196,0.0527491471083448,0.2136349527531152,0.0628875438915494,0.0143459217734973,1.0176976156841873,0.7740994902712068,0.1494796054993432,0.1718087827632534,0.4735206337347089,0.8668079500692699,0.4507851698349752,True,False,0.914247147194054,1.0,0.659919472946175,0.9970691158300408,181.2373266571284,1.31983894589235,0.9970691158300408,0.6077022552490234,2,True,False,3.928902403484163,0.5739914133229098,-1.4082995614895968,3.477317551923105
197,0.1269551196775237,0.1032519290409201,0.2016961033756192,0.1045559003813222,0.8926494153072682,1.1079708950530738,-0.107258201040833,0.2682295262376927,-0.3344312761049404,0.8848964756407781,0.4581056537481268,True,False,0.976667443960561,0.9550030413297051,1.0,0.9966636931828337,171.90054743934695,3.654026641649736,0.9966636931828337,0.9460134506225586,4,False,False,3.0517357800991043,3.408799815052878,-0.544251954861434,0.16519649603486666
198,0.0244048106478745,0.2520087553718599,0.2315567869328711,0.1738578815421096,1.1374855833706523,0.7882503374276124,-0.0094473338245202,0.3409141172473576,0.4535898844805123,0.8617932169901328,0.5399535577868166,True,False,0.5883305640952141,0.5023046745475535,0.3516855697652907,0.9970273375204586,90.41484141855962,0.7033711395305815,0.9970273375204586,1.278659105300903,3,True,False,3.269309911329835,-2.2338484142878285,-0.0521353920150362,2.899671834512286
199,0.2402077291628296,0.3742469267263795,0.1425805938789036,0.2333956704762432,0.8898468245315356,0.7218746379195147,-0.1202230589693201,0.495215460122178,0.1147687264244757,0.6927726720553955,0.3198777855163192,True,False,0.4817037301303345,0.3308219270461004,0.2682039908584634,0.996967075570674,59.54794686829808,0.5364079817169269,0.996967075570674,1.0530810356140137,3,False,False,2.7835990010548257,-3.063346945765586,2.397242905936645,-1.0712193865813944
