re_level,fault_name,f_angle,f_freq,f_voltage,severity
0,angle_bus7,0.8185622412229899,0.7210741907348677,0.9970250998131478,0.8388059432484989
0,angle_bus8,0.5222215481350131,0.1926826459709758,0.9965247285987228,0.5584126177099311
0,voltage_bus9,0.5095530548106579,0.1809405367899295,0.9956635113148576,0.5489275394315257
0,voltage_bus10,0.4804367973475593,0.1358340388968706,0.9962611592460016,0.5232421982094978
0,freq_bus2,0.9117635310612876,1.0,0.9958177313666884,0.954836198372316
0,freq_bus4,0.4804367973475593,0.1331234164831727,0.9959821823938052,0.5224947983930242
0,severe_bus7,1.0,0.5562985781391845,0.9974724215178484,0.8884427499142582
0,angle_bus7,0.5848689908663088,0.4454768607387009,0.9970726317293416,0.6530718685501651
0,angle_bus8,0.3960741993168692,0.1779568682359595,0.9965912264279658,0.4916741233244159
0,voltage_bus9,0.3876498102589576,0.1713229258628175,0.9957662460130652,0.4855971980984495
0,voltage_bus10,0.3582680879762481,0.1097056047888784,0.9963341860718772,0.4556439917033129
0,freq_bus2,0.6184948851371059,0.5069999125036482,0.9960413040952372,0.6850077467182744
0,freq_bus4,0.3568223906992775,0.1386390715011494,0.9960587282156552,0.46208564527884
0,severe_bus7,1.0,0.6620489974260906,0.9974662714673412,0.914878817223358
0,angle_bus7,0.3817489711317483,0.2859751665680292,0.9970269726577194,0.5116250203723114
0,angle_bus8,0.2688846195190243,0.1650237613241891,0.9966487526446022,0.42486043825171
0,voltage_bus9,0.2648045743065765,0.1646563025605267,0.9958605570880096,0.4225315020654224
0,voltage_bus10,0.2525183268233283,0.1200152579865658,0.996383359188558,0.4053588177054451
0,freq_bus2,0.4059022076821121,0.3129191261297066,0.9961417167288248,0.530216314555689
0,freq_bus4,0.2525183268233283,0.1530118946451182,0.9961074466416412,0.413538998733354
0,severe_bus7,0.5969985908435217,0.5983074080433219,0.9973382349371456,0.6974107061668777
0,angle_bus7,1.0,0.441113436257492,0.9969688646680692,0.8595205752313904
0,angle_bus8,0.6171600312997643,0.2876029021932318,0.9963680594661728,0.6295727560647333
0,voltage_bus9,0.6171600312997643,0.2363649090152435,0.9954434197671882,0.61653209784549
0,voltage_bus10,0.6668120261334088,0.3598815141028346,0.996136390326598,0.6724104891740625
0,freq_bus2,1.0,0.4357383196551794,0.995619146816023,0.8578393666178006
0,freq_bus4,0.6830338099351475,0.3752018273590245,0.995871504733284,0.6842852379906509
0,severe_bus7,1.0,0.4991176339134213,0.9974841698753794,0.8741504509472002
0,angle_bus7,0.5344979276765979,0.3932506700066618,0.997048659295118,0.6148237961637438
0,angle_bus8,0.3874896491368984,0.2034293381685756,0.9965855725172824,0.4937485522399136
0,voltage_bus9,0.381197416319592,0.1992670941295244,0.995750534064792,0.4893531152083751
0,voltage_bus10,0.3620787441445176,0.1759409782170529,0.9962987689937526,0.4740993088749602
0,freq_bus2,0.5596929330425262,0.4368707523457935,0.9960641530461414,0.6380801928692468
0,freq_bus4,0.3620787441445176,0.172680764761445,0.9960121354442834,0.4732125971236909
0,severe_bus7,1.0,0.6472421671713846,0.9974368985717932,0.9111697664357944
0,angle_bus7,1.0,0.492214806872834,0.9970931021414884,0.8723269772535807
0,angle_bus8,0.6078999577893184,0.2867266492276386,0.9964744815020142,0.6247502615770724
0,voltage_bus9,0.58072332819745,0.2351638202661341,0.9955691986006964,0.5980449188154326
0,voltage_bus10,0.5394458940822386,0.1414880410327192,0.9962222988241156,0.554150532005328
0,freq_bus2,1.0,0.5088725087604864,0.9957411717348568,0.8761534201238358
0,freq_bus4,0.5550776145799917,0.1627353767252159,0.9959419642875792,0.5672081425431946
0,severe_bus7,1.0,0.5532987097585327,0.997590172248485,0.8877222205017544
0,angle_bus7,0.9148807695637452,1.0,0.9958283194539144,0.9563974646453512
0,angle_bus8,1.0,1.0,0.9954793829483258,0.9988698457370816
0,voltage_bus9,1.0,1.0,0.9945032004583318,0.9986258001145828
0,voltage_bus10,1.0,1.0,0.9956961425317092,0.9989240356329272
0,freq_bus2,0.9148807695637452,1.0,0.9943192762211622,0.9560202038371632
0,freq_bus4,1.0,0.72429903140128,1.0,0.93107475785032
0,severe_bus7,0.9148807695637452,1.0,0.995907281981642,0.956417205277283
0,angle_bus7,1.0,0.5608818804982931,0.9970647385207944,0.889486654754772
0,angle_bus8,0.5512899636414667,0.2145282106186741,0.9964977994828612,0.5784014843461172
0,voltage_bus9,0.5350260260999767,0.1999311018646281,0.9956139936838962,0.5663992869371195
0,voltage_bus10,0.5060351404382449,0.1274462286390907,0.9962377605595126,0.5339385675187733
0,freq_bus2,1.0,0.5367260578598163,0.9958019392864248,0.8831319992865603
0,freq_bus4,0.5060351404382449,0.1167020334499184,0.9959612895878744,0.5311834009785706
0,severe_bus7,1.0,0.5674336008886591,0.9975435962937348,0.8912442992955985
0,angle_bus7,1.0,0.3414412063632284,0.99695383004199,0.8345987591013047
0,angle_bus8,1.0,0.6193038083550597,0.9963101123618378,0.9039034801792244
0,voltage_bus9,1.0,0.4006579515768038,0.9953583796822256,0.8490040828147574
0,voltage_bus10,1.0,0.3605588776182848,0.996088985862466,0.8391619658701877
0,freq_bus2,1.0,0.7163332308297186,1.0,0.9290833077074296
0,freq_bus4,1.0,0.3029120738066524,0.9958190076607628,0.8246827703668538
0,severe_bus7,1.0,0.4590049837759089,0.9974877834729132,0.8641231918122055
0,angle_bus7,0.627437406769569,0.4758760426780206,0.9970706265639236,0.6819553706952706
0,angle_bus8,0.4288926041513481,0.1872106337746757,0.9965791640846152,0.5103937515404968
0,voltage_bus9,0.4192250653758852,0.1805860524258236,0.9957419030283474,0.5036945215514854
0,voltage_bus10,0.3877856567060916,0.122000983603705,0.996311112510306,0.4734708523815486
0,freq_bus2,0.6617043892146475,0.5406069349129154,0.9960053989521248,0.7150052780735838
0,freq_bus4,0.3877856567060916,0.1355509780889328,0.9960384293304092,0.4767901802078813
0,severe_bus7,1.0,0.6100724798991806,0.9974768486755672,0.901887332143687
0,angle_bus7,1.0,0.3336507598470852,0.9969457047727416,0.8326491161549567
0,angle_bus8,1.0,0.3294251456848549,0.9962773410638504,0.8314256216871763
0,voltage_bus9,1.0,0.716273901345204,0.995315716322962,0.9278974044170416
0,voltage_bus10,1.0,0.3196935288357245,0.9960666580170044,0.8289400467131822
0,freq_bus2,0.6887651300441989,0.1187486209969677,0.9954576422778336,0.6229341308407997
0,freq_bus4,1.0,0.327149256507699,0.9958016906370404,0.8307377367861848
0,severe_bus7,1.0,0.4497979308109876,0.9974718930389096,0.8618174559624743
0,angle_bus7,1.0,0.3645584619008488,0.9971008251881546,0.8404148217722509
0,angle_bus8,1.0,0.4538696923814349,0.996401749658538,0.8625678605099932
0,voltage_bus9,1.0,0.7712399923743547,1.0,0.9428099980935888
0,voltage_bus10,1.0,0.7190547451230174,0.9961454140576314,0.928800039795162
0,freq_bus2,1.0,0.6615650503967387,1.0,0.9153912625991848
0,freq_bus4,1.0,0.4666135826045519,0.9958599377097992,0.8656183800785877
0,severe_bus7,1.0,0.5138158619785855,0.9976383892698908,0.8778635628121191
0,angle_bus7,0.5584961041642859,0.4091457439425952,0.9970629378937068,0.6308002225412184
0,angle_bus8,0.39242946535259,0.1876083193846298,0.9965938456840496,0.4922652739434649
0,voltage_bus9,0.3840121490254487,0.183668515534535,0.9957658577445524,0.4868646678324962
0,voltage_bus10,0.3589334228029913,0.1313185411906303,0.9963210876405452,0.4613766186092895
0,freq_bus2,0.585718397619589,0.4579026148355893,0.9960509049412164,0.656347578753996
0,freq_bus4,0.3589334228029913,0.1432918352395447,0.996044007751904,0.4643006721493578
0,severe_bus7,1.0,0.6352916765226979,0.9974496529427952,0.9081853323663732
0,angle_bus7,0.681557950577848,0.4986438742614183,0.9970192645434296,0.714694759990136
0,angle_bus8,0.4473132030020477,0.165486191519399,0.9965724050022208,0.5141712506314289
0,voltage_bus9,0.4369720674655097,0.1572198844463344,0.99574896398659,0.506728245840986
0,voltage_bus10,0.408517784560845,0.1000310183204753,0.9963344389385344,0.4783502565951749
0,freq_bus2,0.7174426070947713,0.5747229804278895,0.9958657830073292,0.7513684944061902
0,freq_bus4,0.408517784560845,0.1269570988826807,0.9960621195717446,0.4850136968940288
0,severe_bus7,1.0,0.5600454600786406,0.9974140538520104,0.8893648784826628
0,angle_bus7,0.9195427935175692,1.0,0.9968115470378014,0.958974283518235
0,angle_bus8,0.9195427935175692,1.0,0.9958285732180724,0.9587285400633028
0,voltage_bus9,1.0,0.5264082664919947,0.9999999999999292,0.8816020666229809
0,voltage_bus10,0.9195427935175692,1.0,0.995536915658236,0.9586556256733436
0,freq_bus2,1.0,0.4436430321336182,1.0,0.8609107580334046
0,freq_bus4,1.0,1.0,0.9952863189740362,0.998821579743509
0,severe_bus7,0.9195427935175692,1.0,0.9970037937716072,0.9590223452016864
0,angle_bus7,1.0,0.4416326896753482,0.997023595637104,0.859664071328113
0,angle_bus8,0.6367120731731954,0.3148952690991606,0.9964158234356096,0.6461838097202903
0,voltage_bus9,0.5984579163158212,0.2434094734282901,0.9954956799295728,0.6089552464973763
0,voltage_bus10,0.6150775117183355,0.285588427107303,0.9961637572119844,0.6279768019389895
0,freq_bus2,1.0,0.4563245033071013,0.99565380160899,0.8629945762290228
0,freq_bus4,0.6338179688818332,0.3166234443416691,0.9958838869784732,0.6450358172709522
0,severe_bus7,1.0,0.5170702737444657,0.9975357150102764,0.8786514971886855
0,angle_bus7,0.3104504219836096,0.222184006947856,0.9969810634024558,0.4600164785793827
0,angle_bus8,0.2184703395215459,0.1510135180791714,0.9966935682757124,0.3961619413494939
0,voltage_bus9,0.2156041947194663,0.155373956563352,0.9959389339958288,0.3956303199995283
0,voltage_bus10,0.2032229414941532,0.121656798069047,0.9964357607028104,0.3811346104400409
0,freq_bus2,0.3365946104320595,0.2434237593245498,0.9961826930663136,0.4781989183137456
0,freq_bus4,0.2032229414941532,0.1581943064254005,0.9961639511620044,0.3902010351439278
0,severe_bus7,0.4612115215332897,0.4219375818198152,0.9972324339998322,0.5853982647215568
0,angle_bus7,1.0,0.398485774680072,0.9971339134160744,0.8489049220240366
0,angle_bus8,1.0,0.4789416869541014,0.996411395787204,0.8688382706853264
0,voltage_bus9,1.0,0.8320597422463862,1.0,0.9580149355615966
0,voltage_bus10,1.0,0.5815656490142835,0.9961628991877098,0.8944321370504984
0,freq_bus2,1.0,0.6772024447220524,1.0,0.9193006111805132
0,freq_bus4,1.0,0.4895914814557685,0.9958776580193732,0.8713672848687855
0,severe_bus7,1.0,0.5310356596073156,0.9976626144191286,0.882174568506611
0,angle_bus7,0.3606186651565768,0.4665949394219879,0.9969964274821154,0.5462071743043142
0,angle_bus8,0.2747411920097606,0.4669864145571516,0.9966763462107248,0.5032862861968495
0,voltage_bus9,0.272184765069667,0.4665306309765675,0.9958976842880004,0.5016994613509755
0,voltage_bus10,0.2550616464828654,0.4700730575902447,0.996384433332056,0.4941451959720079
0,freq_bus2,0.393224923550678,0.4651956398184289,0.9962885418606312,0.561983507195104
0,freq_bus4,0.2550616464828654,0.4678994060619885,0.9960996662157452,0.4935305913108661
0,severe_bus7,0.5229314843440097,0.4799865605879567,0.997270993080264,0.63078013058906
0,angle_bus7,0.3177470485292723,0.7311650726677819,0.9969849565378536,0.5909110315660451
0,angle_bus8,0.3078806275469555,0.7307352885120508,0.996716360304592,0.5858032259776385
0,voltage_bus9,0.3078806275469555,0.7301207539453962,0.9959626911497954,0.5854611750472756
0,voltage_bus10,0.3078806275469555,0.7329455945269778,0.996424112345928,0.5862827404917041
0,freq_bus2,0.3622371597885158,0.7292185956244097,0.9963997766228356,0.6125231729560693
0,freq_bus4,0.3078806275469555,0.7309246691851783,0.9961400290973448,0.5857064883441084
0,severe_bus7,0.447000484408287,0.7250493397822453,0.9972413118837632,0.6540729051206456
0,angle_bus7,0.6069469076907156,0.4105630636240285,0.9970008538359784,0.6553644332103595
0,angle_bus8,0.45306741514454,0.2092162048328987,0.996564014819997,0.5279787624854939
0,voltage_bus9,0.4458141168692463,0.2054890617072899,0.9957225047006398,0.5232099500366056
0,voltage_bus10,0.4153750525174468,0.1941183115235567,0.996286384099334,0.5052887001644462
0,freq_bus2,0.6269548728318957,0.449688625022123,0.9959152204401452,0.6748783977815149
0,freq_bus4,0.4153750525174468,0.1901681501390122,0.996004083858154,0.504230584758015
0,severe_bus7,1.0,0.5672623085388402,0.9973876909139032,0.8911624998631859
0,angle_bus7,0.3916654530051253,0.3034357732523105,0.9970076861304964,0.5209435913482644
0,angle_bus8,0.2945820519082908,0.3000103875273119,0.996651678790336,0.4714565425335574
0,voltage_bus9,0.2914721905344974,0.2992736662215911,0.9958611396096346,0.4695197967250551
0,voltage_bus10,0.2753838377474026,0.3022866788332514,0.9963645774093124,0.4623547329343422
0,freq_bus2,0.4225380930993653,0.3022955126245783,0.9962335309867228,0.5359013074525079
0,freq_bus4,0.2753838377474026,0.3000114394053419,0.9960789309676223,0.4617145114669424
0,severe_bus7,0.5845916716586215,0.519840706070049,0.9973107792581803,0.6715837071613681
0,angle_bus7,0.8790219939675364,0.8735242826349747,0.9969918427699834,0.9071400283350078
0,angle_bus8,0.5515112902539844,0.2005985657394369,0.9964908726491378,0.5750280047241358
0,voltage_bus9,0.5398972634364542,0.1873676572294655,0.9956164711034085,0.5656946638014456
0,voltage_bus10,0.5151632731066074,0.1580134059136497,0.9962297600748204,0.5461424280504212
0,freq_bus2,1.0,0.5983868002453079,0.9957654311371488,0.8985380578456141
0,freq_bus4,0.5151632731066074,0.154408485331178,0.9959512656990904,0.5451715743108708
0,severe_bus7,1.0,0.5435716968362385,0.9974562391180428,0.8852569839885703
0,angle_bus7,0.5966691270058525,0.400457143944454,0.9969965201993276,0.6476979795388716
0,angle_bus8,0.4511628207912402,0.2124168138980806,0.996564279322959,0.52782668370088
0,voltage_bus9,0.4441418961491135,0.2093464660172941,0.9957226648476906,0.5233382307908029
0,voltage_bus10,0.4164970178942963,0.2053402299603632,0.9962870398834582,0.5086553264081035
0,freq_bus2,0.613050999160077,0.4365537016871244,0.9959175817567976,0.6646433204410189
0,freq_bus4,0.4164970178942963,0.2016738042001407,0.9960061162614732,0.5076684890625516
0,severe_bus7,1.0,0.5807768600024978,0.9973794952623772,0.8945390888162188
0,angle_bus7,0.710593669525251,0.5679453634818259,0.9970542702106596,0.7465467431857469
0,angle_bus8,0.4619717922535048,0.1750823541873316,0.9965618491615336,0.5238969469639687
0,voltage_bus9,0.4509963597816379,0.1643781140263982,0.9957236394027744,0.5155236182481121
0,voltage_bus10,0.4174222792951246,0.1007125273122824,0.9963146820047718,0.4829679419768258
0,freq_bus2,0.7559284964840511,0.6706391723625842,0.9959079617167024,0.7946010317618472
0,freq_bus4,0.4166167400261234,0.1233402130195884,0.9960393874880789,0.4881532701399785
0,severe_bus7,1.0,0.5825522616769909,0.9974697411427244,0.8950055007049289
0,angle_bus7,0.6125012794624628,0.4296583240737419,0.9970410140157971,0.6629254742536161
0,angle_bus8,0.4291574699685739,0.1840499266088322,0.9965851529924884,0.5097375048846171
0,voltage_bus9,0.4197974229323072,0.1792001973144081,0.995755509506208,0.5036376381713077
0,voltage_bus10,0.3915798660954689,0.1252939459302098,0.9963184893996376,0.4761930418801963
0,freq_bus2,0.6380589667970068,0.4794133611214128,0.9959602475088304,0.6878728855560643
0,freq_bus4,0.3915798660954689,0.1359854953994101,0.9960456508198384,0.4787977196025466
0,severe_bus7,1.0,0.5857779315254277,0.997427023959446,0.8958012388712184
0,angle_bus7,1.0,0.38064144636758,0.9969729350042738,0.8444035953429634
0,angle_bus8,1.0,0.6699925811915257,0.9963067593459906,0.9165748351343792
0,voltage_bus9,1.0,0.7304125915765383,0.9953547214403192,0.9314418282542144
0,voltage_bus10,1.0,0.4410331326984824,0.9960874957236632,0.8592801571055364
0,freq_bus2,1.0,0.39742798005188,0.9955500000640424,0.8482444950289806
0,freq_bus4,1.0,0.4070712588471572,0.9958233415839396,0.8507236501077742
0,severe_bus7,1.0,0.4699368269524413,0.9974950645196494,0.8668579728680227
0,angle_bus7,1.0,0.4830661793809945,0.9970777107963112,0.8700359725443264
0,angle_bus8,0.6126757740301618,0.2857359234804519,0.996474821668194,0.6268905733022424
0,voltage_bus9,0.5869770521141118,0.2385527480165166,0.9955719104862664,0.6020196906827516
0,voltage_bus10,0.545167515886739,0.1438334881328558,0.9962211697971344,0.5575974224258671
0,freq_bus2,1.0,0.4798533999387153,0.9957250095016298,0.8688946023600863
0,freq_bus4,0.5562684764530528,0.1584851702584444,0.9959402898035687,0.5667406032420297
0,severe_bus7,1.0,0.552393478895187,0.9975779957688252,0.8874928686660031
0,angle_bus7,0.9440973213233508,1.0,0.9961536830078408,0.9710870814136356
0,angle_bus8,0.9440973213233508,1.0,0.9954784025481952,0.9709182612987242
0,voltage_bus9,1.0,1.0,0.994435057947778,0.9986087644869444
0,voltage_bus10,1.0,1.0,0.995592841420475,0.9988982103551188
0,freq_bus2,0.9440973213233508,1.0,0.9945670781349524,0.9706904301954136
0,freq_bus4,1.0,1.0,0.9955559617598516,0.9988889904399628
0,severe_bus7,0.9440973213233508,1.0,0.9962626400517788,0.97111432067462
0,angle_bus7,0.7506610988913393,0.6233311556986614,0.9970463793990394,0.7804249332200948
0,angle_bus8,0.4960425657372247,0.1992729051241824,0.9965346672877264,0.5469731759715896
0,voltage_bus9,0.4857553977173031,0.1878661423929557,0.9956737922171798,0.5387626825111854
0,voltage_bus10,0.45538997877852,0.1428532215721993,0.9962628723407092,0.5124740128674872
0,freq_bus2,0.8076493323198951,0.7646634109976453,0.9958969840177884,0.843964764913806
0,freq_bus4,0.45538997877852,0.1380129110693033,0.995979206912228,0.5111930188846429
0,severe_bus7,1.0,0.5772420105271294,0.9974864435701936,0.8936821135243307
0,angle_bus7,1.0,0.4416316796623505,0.997040971882942,0.8596681628863231
0,angle_bus8,0.6415519948033774,0.3502847295236009,0.996391642818962,0.6574450904873295
0,voltage_bus9,0.5949522811487407,0.2674585013597763,0.9954571121373328,0.6132050439486476
0,voltage_bus10,0.6974135817971747,0.4837865921291104,0.9961402380288096,0.7186884984380674
0,freq_bus2,1.0,0.4515410815923495,0.99566569909078,0.8618016951707823
0,freq_bus4,0.7369128062093766,0.5737993421165086,0.9958619775715194,0.7608717330266953
0,severe_bus7,1.0,0.528624846302467,0.9975552810448884,0.8815450318368389
1,angle_bus7,1.0,0.5728411950033028,0.9975106531653608,0.892587962042166
1,angle_bus8,0.6782595165062202,0.4641123060792047,0.996791981544796,0.7043558301591103
1,voltage_bus9,0.6366453792495704,0.3019836383106451,0.9958761929551552,0.6427876474412353
1,voltage_bus10,0.6294472347976034,0.3725845941985817,0.9963470405054636,0.6569565260748131
1,freq_bus2,1.0,0.745009858991633,1.0,0.9362524647479082
1,freq_bus4,0.6252456794696597,0.3887260938984447,0.9960011095580394,0.6588046405989509
1,severe_bus7,1.0,0.6448299792553343,0.9979628051813731,0.9106981961091768
1,angle_bus7,0.6543133944490167,0.515772993586836,0.9972168855184008,0.7054041670008175
1,angle_bus8,0.4612123283568955,0.260644079057954,0.9966457410192086,0.5449286191977384
1,voltage_bus9,0.4523156775355021,0.2543266517341003,0.995803213038144,0.5386903049608122
1,voltage_bus10,0.4159730143014643,0.181997202376035,0.996343271772105,0.5025716256877673
1,freq_bus2,0.6817649480759111,0.5741957471170309,0.9961495803996472,0.733468805917125
1,freq_bus4,0.4159730143014643,0.2037306444447821,0.9960459516212044,0.5079306561672288
1,severe_bus7,1.0,0.6302220870612523,0.997606761334806,0.9069572120990146
1,angle_bus7,0.4266170748283944,0.2918156115493531,0.997048343406682,0.535524526153206
1,angle_bus8,0.3159793236397191,0.1722790181065399,0.9966530763425842,0.4502226854321406
1,voltage_bus9,0.3111527534115282,0.171857741926054,0.9958640502820212,0.447506824757783
1,voltage_bus10,0.3002011539462735,0.123130763354716,0.9963854156301304,0.4299796217193484
1,freq_bus2,0.4379305475991352,0.3151409825618358,0.9961357068827668,0.5467844461607183
1,freq_bus4,0.3002011539462735,0.15472563750426,0.9961082073485308,0.4378090381863345
1,severe_bus7,0.6240379815531174,0.5937358953477876,0.9973583528838068,0.7097925528344573
1,angle_bus7,1.0,0.4369531336825432,0.4412774670979873,0.7195576501951326
1,angle_bus8,1.0,0.4369531336825432,0.4412774670979873,0.7195576501951326
1,voltage_bus9,1.0,0.4369531336825432,0.4412774670979873,0.7195576501951326
1,voltage_bus10,1.0,0.4369531336825432,0.4412774670979873,0.7195576501951326
1,freq_bus2,1.0,0.4369531336825432,0.4412774670979873,0.7195576501951326
1,freq_bus4,1.0,0.4369531336825432,0.4412774670979873,0.7195576501951326
1,severe_bus7,1.0,0.4369531336825432,0.4412774670979873,0.7195576501951326
1,angle_bus7,0.5874894987515582,0.4211231704148659,0.9971311395610312,0.6483083268697534
1,angle_bus8,0.4401211971337835,0.2422865455232958,0.9966142807822564,0.5297858051432798
1,voltage_bus9,0.4325642441139478,0.2372877642551571,0.9957715530069208,0.5245469513724934
1,voltage_bus10,0.4176332645562752,0.1700444314627027,0.996305382067631,0.500404085660721
1,freq_bus2,0.6058384084299266,0.4564879014838325,0.9961193078536068,0.6660710065493232
1,freq_bus4,0.4176332645562752,0.1876341714650671,0.9960147699177676,0.5047288676238464
1,severe_bus7,1.0,0.609464596015826,0.9975146064052756,0.9017448006052754
1,angle_bus7,1.0,0.4526258210873024,0.4721517212294542,0.7311943855791891
1,angle_bus8,1.0,0.4526258210873024,0.4721517212294542,0.7311943855791891
1,voltage_bus9,1.0,0.4526258210873024,0.4721517212294542,0.7311943855791891
1,voltage_bus10,1.0,0.4526258210873024,0.4721517212294542,0.7311943855791891
1,freq_bus2,1.0,0.4526258210873024,0.4721517212294542,0.7311943855791891
1,freq_bus4,1.0,0.4526258210873024,0.4721517212294542,0.7311943855791891
1,severe_bus7,1.0,0.4526258210873024,0.4721517212294542,0.7311943855791891
1,angle_bus7,1.0,0.5833171496127463,0.9978884069969928,0.8953013891524347
1,angle_bus8,1.0,0.7161008633660195,0.9970779051835098,0.9282946921373824
1,voltage_bus9,1.0,0.7421681107493932,0.9999999999998812,0.9355420276873184
1,voltage_bus10,0.8229846389471622,0.6722360018280931,0.9964628052471696,0.8286670212423968
1,freq_bus2,1.0,0.7095433860668301,0.9999999999999916,0.9273858465167054
1,freq_bus4,0.8039527005497594,0.6560590729897662,0.996091768462885,0.8150140606380425
1,severe_bus7,1.0,0.6738026122537306,0.9982791146701282,0.9180204317309648
1,angle_bus7,1.0,0.3187459188204613,0.4671009837624232,0.6964617256457212
1,angle_bus8,1.0,0.3187459188204613,0.4671009837624232,0.6964617256457212
1,voltage_bus9,1.0,0.3187459188204613,0.4671009837624232,0.6964617256457212
1,voltage_bus10,1.0,0.3187459188204613,0.4671009837624232,0.6964617256457212
1,freq_bus2,1.0,0.3187459188204613,0.4671009837624232,0.6964617256457212
1,freq_bus4,1.0,0.3187459188204613,0.4671009837624232,0.6964617256457212
1,severe_bus7,1.0,0.3187459188204613,0.4671009837624232,0.6964617256457212
1,angle_bus7,0.7083301705047104,0.5819917906493899,0.9972408280407078,0.7489732399248796
1,angle_bus8,0.4927832323270656,0.2768599117351087,0.9966491499122622,0.5647688815753755
1,voltage_bus9,0.4840765657772736,0.2707464402259738,0.9957917165424062,0.5586728220807318
1,voltage_bus10,0.4498109560106218,0.1997580876271101,0.9963249948132368,0.5239262486153977
1,freq_bus2,0.7388282006778484,0.6494805867316842,0.9961373638614728,0.7808185879872134
1,freq_bus4,0.4498109560106218,0.2172888380752482,0.9960252043064276,0.5282339886007299
1,severe_bus7,1.0,0.620422907556673,0.99764428363123,0.9045167977969758
1,angle_bus7,1.0,0.2877284768650057,0.4448638601540193,0.6831480842547563
1,angle_bus8,1.0,0.2877284768650057,0.4448638601540193,0.6831480842547563
1,voltage_bus9,1.0,0.2877284768650057,0.4448638601540193,0.6831480842547563
1,voltage_bus10,1.0,0.2877284768650057,0.4448638601540193,0.6831480842547563
1,freq_bus2,1.0,0.2877284768650057,0.4448638601540193,0.6831480842547563
1,freq_bus4,1.0,0.2877284768650057,0.4448638601540193,0.6831480842547563
1,severe_bus7,1.0,0.2877284768650057,0.4448638601540193,0.6831480842547563
1,angle_bus7,1.0,0.3318508273366412,0.4754813192941557,0.7018330366576992
1,angle_bus8,1.0,0.3318508273366412,0.4754813192941557,0.7018330366576992
1,voltage_bus9,1.0,0.3318508273366412,0.4754813192941557,0.7018330366576992
1,voltage_bus10,1.0,0.3318508273366412,0.4754813192941557,0.7018330366576992
1,freq_bus2,1.0,0.3318508273366412,0.4754813192941557,0.7018330366576992
1,freq_bus4,1.0,0.3318508273366412,0.4754813192941557,0.7018330366576992
1,severe_bus7,1.0,0.3318508273366412,0.4754813192941557,0.7018330366576992
1,angle_bus7,0.6234079821168697,0.4681238537662118,0.9971711667771764,0.6780277461942819
1,angle_bus8,0.4458571959029627,0.2393333929148156,0.9966331008391248,0.5319202213899664
1,voltage_bus9,0.4379032232152629,0.2335351810553341,0.9957922082057692,0.5262834589229073
1,voltage_bus10,0.4154232728596541,0.1649674839742445,0.996328043298962,0.4980355182481286
1,freq_bus2,0.6441540194052358,0.5117184221205981,0.996129884827412,0.6990390864396204
1,freq_bus4,0.4154232728596541,0.1854912573950429,0.9960333590416351,0.5030927905389966
1,severe_bus7,1.0,0.613556219466318,0.9975543817912448,0.9027776503143908
1,angle_bus7,0.8179276554873629,0.7299590368962043,0.997331611618552,0.8407864898723706
1,angle_bus8,0.5599331405946241,0.3511817285771066,0.9967078900694488,0.6169389749589509
1,voltage_bus9,0.5535477588060288,0.3480877836978209,0.9958451452029368,0.6127571116282038
1,voltage_bus10,0.5326240091281165,0.2865986711790711,0.9963644571986148,0.5870527866584797
1,freq_bus2,1.0,0.7957376226969011,1.0,0.9489344056742252
1,freq_bus4,0.5326240091281165,0.3006713849273659,0.9960448953838796,0.5904910746418696
1,severe_bus7,1.0,0.6318160950992571,0.9977343066145424,0.90738760042845
1,angle_bus7,1.0,0.0006557431046374,0.3390834263201392,0.5849347923561942
1,angle_bus8,1.0,0.0006557431046374,0.3390834263201392,0.5849347923561942
1,voltage_bus9,1.0,0.0006557431046374,0.3390834263201392,0.5849347923561942
1,voltage_bus10,1.0,0.0006557431046374,0.3390834263201392,0.5849347923561942
1,freq_bus2,1.0,0.0006557431046374,0.3390834263201392,0.5849347923561942
1,freq_bus4,1.0,0.0006557431046374,0.3390834263201392,0.5849347923561942
1,severe_bus7,1.0,0.0006557431046374,0.3390834263201392,0.5849347923561942
1,angle_bus7,1.0,0.395930074925559,0.4605165201575776,0.7141116487707841
1,angle_bus8,1.0,0.395930074925559,0.4605165201575776,0.7141116487707841
1,voltage_bus9,1.0,0.395930074925559,0.4605165201575776,0.7141116487707841
1,voltage_bus10,1.0,0.395930074925559,0.4605165201575776,0.7141116487707841
1,freq_bus2,1.0,0.395930074925559,0.4605165201575776,0.7141116487707841
1,freq_bus4,1.0,0.395930074925559,0.4605165201575776,0.7141116487707841
1,severe_bus7,1.0,0.395930074925559,0.4605165201575776,0.7141116487707841
1,angle_bus7,0.2818749093059295,0.2179322411770705,0.996974901367875,0.4446642402892011
1,angle_bus8,0.1973638005722759,0.147126123904183,0.9966931182187246,0.3846367108168649
1,voltage_bus9,0.1973638005722759,0.1513207722332978,0.995939063184774,0.3854968591406559
1,voltage_bus10,0.1973638005722759,0.1197072885586223,0.9964371210367116,0.3777180026849714
1,freq_bus2,0.3020271997786149,0.2347968086874061,0.9961385911543172,0.4587474498497382
1,freq_bus4,0.1973638005722759,0.1550683320928527,0.996165506109043,0.3864903598366119
1,severe_bus7,0.418478008753879,0.4025780716520692,0.9972152035551292,0.5591873231787392
1,angle_bus7,1.0,0.35050394664108,0.4897272177918463,0.7100577911082315
1,angle_bus8,1.0,0.35050394664108,0.4897272177918463,0.7100577911082315
1,voltage_bus9,1.0,0.35050394664108,0.4897272177918463,0.7100577911082315
1,voltage_bus10,1.0,0.35050394664108,0.4897272177918463,0.7100577911082315
1,freq_bus2,1.0,0.35050394664108,0.4897272177918463,0.7100577911082315
1,freq_bus4,1.0,0.35050394664108,0.4897272177918463,0.7100577911082315
1,severe_bus7,1.0,0.35050394664108,0.4897272177918463,0.7100577911082315
1,angle_bus7,0.3261431092285745,0.3667263308573574,0.9969647900043463,0.5039943348297131
1,angle_bus8,0.2487127728570719,0.3656308567254847,0.9966760489709504,0.4649331128526447
1,voltage_bus9,0.2465397485794135,0.3650395756937428,0.995901937790842,0.4635052526608529
1,voltage_bus10,0.2381222193937475,0.3686393659117861,0.9963899083853208,0.4603184282711505
1,freq_bus2,0.3524472890368633,0.3655701895682206,0.9962130467566758,0.5166694535996558
1,freq_bus4,0.2381222193937475,0.3667418326956451,0.9961071284975916,0.4597733499951829
1,severe_bus7,0.4691782780224177,0.4240848074307521,0.9972096421287168,0.5899127514010761
1,angle_bus7,0.280491416125488,0.6200603885889286,0.996929878052522,0.5444932747231067
1,angle_bus8,0.2466341309643919,0.6195280252632855,0.9967152605758732,0.5273778869419857
1,voltage_bus9,0.2466341309643919,0.618797374660403,0.995965573646278,0.5270078025588663
1,voltage_bus10,0.2466341309643919,0.6220519442211412,0.9964288592658328,0.5279372663539394
1,freq_bus2,0.3121351389774451,0.6181543923387665,0.9962894373023302,0.5596785268989968
1,freq_bus4,0.2466341309643919,0.6195175750566833,0.996148625685036,0.5272336156676258
1,severe_bus7,0.390574791760482,0.613828738166859,0.9971369273548696,0.5980288122606732
1,angle_bus7,0.6720397471731263,0.4819106227075203,0.9971381737064412,0.7057820726900534
1,angle_bus8,0.5023102767733398,0.2667795623211333,0.9966176009787544,0.5670044292116418
1,voltage_bus9,0.4929415712934047,0.261165195978787,0.9957619518817954,0.560702572611848
1,voltage_bus10,0.4689211537533931,0.1914403538848539,0.9962973512551666,0.5313950031617016
1,freq_bus2,0.6920269898097079,0.5248077463523728,0.9960338054536696,0.7262238828563645
1,freq_bus4,0.4689211537533931,0.2102877357607937,0.9959966515640454,0.5360316737079063
1,severe_bus7,1.0,0.5512800909195761,0.9975224914863324,0.8872006456014772
1,angle_bus7,0.3611960075159395,0.2584620693485036,0.9970029055987334,0.494464247494779
1,angle_bus8,0.2719265745660472,0.2009093235853534,0.9966522965645463,0.4353536923204986
1,voltage_bus9,0.2689606753405966,0.200079368947172,0.9958624061369834,0.4334657814413372
1,voltage_bus10,0.2592337256307067,0.2027082371933914,0.9963665469049078,0.4293855588399282
1,freq_bus2,0.3845456549702489,0.2783250920548781,0.9961871285867904,0.5109008826455417
1,freq_bus4,0.2592337256307067,0.2002255296008463,0.9960833116719712,0.4286940731335577
1,severe_bus7,0.5345833010367532,0.4783477217734635,0.997289152296363,0.6362008690358332
1,angle_bus7,0.8497524213235612,0.7580052095624588,0.9973136883929016,0.8637059351506207
1,angle_bus8,0.5887365832231631,0.3601586639144152,0.9966799220327957,0.6335779380983843
1,voltage_bus9,0.5419755070024403,0.2413804796996004,0.9957902900427836,0.5802804459368163
1,voltage_bus10,0.5417259023425535,0.2681730923313665,0.9963005974152528,0.5869813736079316
1,freq_bus2,0.5754765875408624,0.2908313100803887,0.9961107393143966,0.6094738061191276
1,freq_bus4,0.5417259023425535,0.282042711135702,0.9959758125452624,0.5903675820915179
1,severe_bus7,1.0,0.6097821227754316,0.9977442333784736,0.9018815890384764
1,angle_bus7,1.0,0.5480254808617993,0.997553112865519,0.8863946484318296
1,angle_bus8,0.7162589068479766,0.5051886447214358,0.9968168613505246,0.7336308299419784
1,voltage_bus9,1.0,0.8015561141903831,1.0,0.9503890285475958
1,voltage_bus10,0.6597244375159369,0.3961569220485508,0.9963390564794916,0.677986213389979
1,freq_bus2,1.0,0.7255746341407097,1.0,0.9313936585351774
1,freq_bus4,0.6597160904684075,0.4101035127874688,0.9959879267313964,0.68138090511392
1,severe_bus7,1.0,0.6487249024564292,0.9980194572771228,0.911686089933388
1,angle_bus7,0.6594601797937185,0.462331472424438,0.9971188722428512,0.6945926760636816
1,angle_bus8,0.4984542185122831,0.2622773775569023,0.9966105861060572,0.5639491001718815
1,voltage_bus9,0.4897863337807392,0.257483046019523,0.9957566512876412,0.5582030912171606
1,voltage_bus10,0.4685593727874076,0.1994228035409619,0.9962960203653212,0.5332093923702746
1,freq_bus2,0.6754511785952795,0.501714725734768,0.9960235545533762,0.7121601593696758
1,freq_bus4,0.4685593727874076,0.206851614968361,0.9959990311072876,0.534992347912616
1,severe_bus7,1.0,0.5629271059655707,0.997499277476926,0.8901065958606242
1,angle_bus7,0.8681980807645664,0.8642198191161086,0.997380035990298,0.8994990041588848
1,angle_bus8,0.5747350063958073,0.3721233736820579,0.9967149586525412,0.6295770862815534
1,voltage_bus9,1.0,0.891584195077268,1.0,0.972896048769317
1,voltage_bus10,0.5387251206688661,0.294363430295899,0.996352143430352,0.5920414537659958
1,freq_bus2,1.0,0.8659106767141971,0.999999999999999,0.966477669178549
1,freq_bus4,0.5387251206688661,0.3084550089149651,0.996030429582394,0.5954839199587728
1,severe_bus7,1.0,0.6508854353463782,0.9978000810321024,0.9121713790946202
1,angle_bus7,0.6843614682956757,0.5127505165059922,0.997204266883096,0.7196694299951099
1,angle_bus8,0.4935610449842798,0.2747044127470879,0.996649456112594,0.5646189897070604
1,voltage_bus9,0.4847762816858092,0.2670799517656981,0.9957996768950124,0.5581080480080822
1,voltage_bus10,0.4490219218612735,0.196622896598658,0.9963310046487324,0.5227494362424843
1,freq_bus2,0.7068099970611226,0.560899979351241,0.9960957722694928,0.7426539364357447
1,freq_bus4,0.4490219218612735,0.214474969636413,0.9960260845491188,0.5271362244770197
1,severe_bus7,1.0,0.5834769099494928,0.9975906112493144,0.8952668802997018
1,angle_bus7,1.0,0.3439883523346694,0.4466735890692915,0.6976654853509903
1,angle_bus8,1.0,0.3439883523346694,0.4466735890692915,0.6976654853509903
1,voltage_bus9,1.0,0.3439883523346694,0.4466735890692915,0.6976654853509903
1,voltage_bus10,1.0,0.3439883523346694,0.4466735890692915,0.6976654853509903
1,freq_bus2,1.0,0.3439883523346694,0.4466735890692915,0.6976654853509903
1,freq_bus4,1.0,0.3439883523346694,0.4466735890692915,0.6976654853509903
1,severe_bus7,1.0,0.3439883523346694,0.4466735890692915,0.6976654853509903
1,angle_bus7,1.0,0.4243915387784405,0.4763388984648737,0.7251826093108286
1,angle_bus8,1.0,0.4243915387784405,0.4763388984648737,0.7251826093108286
1,voltage_bus9,1.0,0.4243915387784405,0.4763388984648737,0.7251826093108286
1,voltage_bus10,1.0,0.4243915387784405,0.4763388984648737,0.7251826093108286
1,freq_bus2,1.0,0.4243915387784405,0.4763388984648737,0.7251826093108286
1,freq_bus4,1.0,0.4243915387784405,0.4763388984648737,0.7251826093108286
1,severe_bus7,1.0,0.4243915387784405,0.4763388984648737,0.7251826093108286
1,angle_bus7,1.0,0.0010052812876466,0.3310635911172211,0.583017218101217
1,angle_bus8,1.0,0.0010052812876466,0.3310635911172211,0.583017218101217
1,voltage_bus9,1.0,0.0010052812876466,0.3310635911172211,0.583017218101217
1,voltage_bus10,1.0,0.0010052812876466,0.3310635911172211,0.583017218101217
1,freq_bus2,1.0,0.0010052812876466,0.3310635911172211,0.583017218101217
1,freq_bus4,1.0,0.0010052812876466,0.3310635911172211,0.583017218101217
1,severe_bus7,1.0,0.0010052812876466,0.3310635911172211,0.583017218101217
1,angle_bus7,1.0,0.2456731404867298,0.4279282128863498,0.66840033834327
1,angle_bus8,1.0,0.2456731404867298,0.4279282128863498,0.66840033834327
1,voltage_bus9,1.0,0.2456731404867298,0.4279282128863498,0.66840033834327
1,voltage_bus10,1.0,0.2456731404867298,0.4279282128863498,0.66840033834327
1,freq_bus2,1.0,0.2456731404867298,0.4279282128863498,0.66840033834327
1,freq_bus4,1.0,0.2456731404867298,0.4279282128863498,0.66840033834327
1,severe_bus7,1.0,0.2456731404867298,0.4279282128863498,0.66840033834327
1,angle_bus7,0.9042662082918064,0.9428854415220584,0.9973686540890344,0.9371966280486764
1,angle_bus8,0.595082475244848,0.3754319265221397,0.9966967958189414,0.6405734182076943
1,voltage_bus9,1.0,0.8538841338910501,1.0,0.9634710334727624
1,voltage_bus10,0.5451903756624759,0.2809068004347317,0.996307623618748,0.5918987938446079
1,freq_bus2,0.5806142419304534,0.2903916142674276,0.996157013236354,0.6119442778411721
1,freq_bus4,0.5451903756624759,0.2942175087494476,0.9959792275309836,0.5951443719013457
1,severe_bus7,1.0,0.6316487409810598,0.997808212458911,0.9073642383599928
1,angle_bus7,1.0,0.4379059093386814,0.4516754960772501,0.7223953513539829
1,angle_bus8,1.0,0.4379059093386814,0.4516754960772501,0.7223953513539829
1,voltage_bus9,1.0,0.4379059093386814,0.4516754960772501,0.7223953513539829
1,voltage_bus10,1.0,0.4379059093386814,0.4516754960772501,0.7223953513539829
1,freq_bus2,1.0,0.4379059093386814,0.4516754960772501,0.7223953513539829
1,freq_bus4,1.0,0.4379059093386814,0.4516754960772501,0.7223953513539829
1,severe_bus7,1.0,0.4379059093386814,0.4516754960772501,0.7223953513539829
2,angle_bus7,1.0,0.7030008829520931,0.9981122746457222,0.9252782893994538
2,angle_bus8,0.8658464797811368,0.56430402593314,0.9973789458706662,0.82334398284152
2,voltage_bus9,1.0,0.7922882408114589,1.0,0.9480720602028648
2,voltage_bus10,0.9713589091986892,1.0,0.9966549502702308,0.9848431921669024
2,freq_bus2,1.0,0.7936448686104178,1.0,0.9484112171526043
2,freq_bus4,0.9383462529676856,1.0,0.9962741616982008,0.968241666908393
2,severe_bus7,1.0,0.7687776185013853,0.9984119015231964,0.9417973800061454
2,angle_bus7,0.567186796568881,0.5192211876572657,0.997238430011673,0.6627083027016751
2,angle_bus8,0.4265240311904017,0.3589908912159671,0.9966981841625816,0.5521842844398381
2,voltage_bus9,0.4220907334173231,0.361727034152409,0.9958692260044568,0.550444431747878
2,voltage_bus10,0.3947152117763319,0.2991130237232227,0.9963731572049648,0.5212291511202128
2,freq_bus2,0.57279859521852,0.5378185467246688,0.9964116403160636,0.669956844369443
2,freq_bus4,0.3947152117763319,0.316263686262058,0.9960684893377124,0.5254406497881086
2,severe_bus7,1.0,0.8002076054780325,0.997602231739847,0.94945245930447
2,angle_bus7,0.8914654970161018,1.0,0.9975898403127252,0.9451302085862322
2,angle_bus8,0.6307237809874873,0.6172073833387799,0.9969037021144828,0.7188896618570593
2,voltage_bus9,1.0,0.9572794055649928,1.0,0.9893198513912482
2,voltage_bus10,0.5910011782552961,0.532003872973025,0.9964388477934064,0.6776112693192559
2,freq_bus2,0.617500574948122,0.4227611627546928,0.9965889201509016,0.6635878082004596
2,freq_bus4,0.5853462998673004,0.5509671323379486,0.9960916470411912,0.6794378447784352
2,severe_bus7,1.0,0.774246368156458,0.9979996253884996,0.9430614983862394
2,angle_bus7,0.5230941672216305,0.4440187065788556,0.9971544377732374,0.6218403696988385
2,angle_bus8,0.39844469693166,0.3091021649948224,0.9966686873634792,0.5256650615554055
2,voltage_bus9,0.3938807622765796,0.3073954501073253,0.9958500856720834,0.522751765083142
2,voltage_bus10,0.3710534378202754,0.2476985951221451,0.996361924413577,0.4965418487940682
2,freq_bus2,0.5274596690108009,0.4591133690717583,0.9963362437954,0.62759223772219
2,freq_bus4,0.3710534378202754,0.2687415123749446,0.9960680311709272,0.5017291047966057
2,severe_bus7,0.7998647764748685,0.8607032669918198,0.9974967527494608,0.8644823931727544
2,angle_bus7,1.0,0.5543193802047419,0.5044331937098117,0.7646881434786383
2,angle_bus8,1.0,0.5543193802047419,0.5044331937098117,0.7646881434786383
2,voltage_bus9,1.0,0.5543193802047419,0.5044331937098117,0.7646881434786383
2,voltage_bus10,1.0,0.5543193802047419,0.5044331937098117,0.7646881434786383
2,freq_bus2,1.0,0.5543193802047419,0.5044331937098117,0.7646881434786383
2,freq_bus4,1.0,0.5543193802047419,0.5044331937098117,0.7646881434786383
2,severe_bus7,1.0,0.5543193802047419,0.5044331937098117,0.7646881434786383
2,angle_bus7,0.6107558715981798,0.5711906706564065,0.9972631745650928,0.6974913971044647
2,angle_bus8,0.4635125165384627,0.3979562377754604,0.996688442992382,0.580417428461192
2,voltage_bus9,1.0,0.9946407520122378,1.0,0.9986601880030594
2,voltage_bus10,0.4193360777349885,0.3361134319284247,0.9963438708848268,0.5427823645708072
2,freq_bus2,0.6165308856138874,0.5934062523618309,0.9964071096890552,0.7057187833196652
2,freq_bus4,0.4193360777349885,0.34035236805056,0.9960366528388528,0.5437652940898475
2,severe_bus7,1.0,0.7039717737044278,0.997647993363168,0.925404941766899
2,angle_bus7,1.0,0.5718785965396442,0.5267572365237398,0.7746589582658461
2,angle_bus8,1.0,0.5718785965396442,0.5267572365237398,0.7746589582658461
2,voltage_bus9,1.0,0.5718785965396442,0.5267572365237398,0.7746589582658461
2,voltage_bus10,1.0,0.5718785965396442,0.5267572365237398,0.7746589582658461
2,freq_bus2,1.0,0.5718785965396442,0.5267572365237398,0.7746589582658461
2,freq_bus4,1.0,0.5718785965396442,0.5267572365237398,0.7746589582658461
2,severe_bus7,1.0,0.5718785965396442,0.5267572365237398,0.7746589582658461
2,angle_bus7,1.0,0.5139434216655516,0.5216413502054438,0.7588961929677489
2,angle_bus8,1.0,0.5139434216655516,0.5216413502054438,0.7588961929677489
2,voltage_bus9,1.0,0.5139434216655516,0.5216413502054438,0.7588961929677489
2,voltage_bus10,1.0,0.5139434216655516,0.5216413502054438,0.7588961929677489
2,freq_bus2,1.0,0.5139434216655516,0.5216413502054438,0.7588961929677489
2,freq_bus4,1.0,0.5139434216655516,0.5216413502054438,0.7588961929677489
2,severe_bus7,1.0,0.5139434216655516,0.5216413502054438,0.7588961929677489
2,angle_bus7,1.0,0.5691747617512348,0.4893204621959652,0.7646238059868
2,angle_bus8,1.0,0.5691747617512348,0.4893204621959652,0.7646238059868
2,voltage_bus9,1.0,0.5691747617512348,0.4893204621959652,0.7646238059868
2,voltage_bus10,1.0,0.5691747617512348,0.4893204621959652,0.7646238059868
2,freq_bus2,1.0,0.5691747617512348,0.4893204621959652,0.7646238059868
2,freq_bus4,1.0,0.5691747617512348,0.4893204621959652,0.7646238059868
2,severe_bus7,1.0,0.5691747617512348,0.4893204621959652,0.7646238059868
2,angle_bus7,1.0,0.5570421135322938,0.5420225896090249,0.7747661757853297
2,angle_bus8,1.0,0.5570421135322938,0.5420225896090249,0.7747661757853297
2,voltage_bus9,1.0,0.5570421135322938,0.5420225896090249,0.7747661757853297
2,voltage_bus10,1.0,0.5570421135322938,0.5420225896090249,0.7747661757853297
2,freq_bus2,1.0,0.5570421135322938,0.5420225896090249,0.7747661757853297
2,freq_bus4,1.0,0.5570421135322938,0.5420225896090249,0.7747661757853297
2,severe_bus7,1.0,0.5570421135322938,0.5420225896090249,0.7747661757853297
2,angle_bus7,0.9323550880997246,1.0,0.9975998525616186,0.965577507190267
2,angle_bus8,0.6504837865959079,0.6301177285729196,0.9969120722244434,0.7319993434972947
2,voltage_bus9,1.0,0.9520041738949524,1.0,0.988001043473738
2,voltage_bus10,0.607068434996475,0.5411446386603025,0.996432745838087,0.6879285636228349
2,freq_bus2,0.6332298304147252,0.4307901956548967,0.9965814501024612,0.6734578266467021
2,freq_bus4,0.599862729400494,0.5585769663012208,0.9960807319262766,0.6885957892571213
2,severe_bus7,1.0,0.7680902035457606,0.998015942663715,0.9415265365523688
2,angle_bus7,1.0,0.5444971596238375,0.5310514596901306,0.768887154828492
2,angle_bus8,1.0,0.5444971596238375,0.5310514596901306,0.768887154828492
2,voltage_bus9,1.0,0.5444971596238375,0.5310514596901306,0.768887154828492
2,voltage_bus10,1.0,0.5444971596238375,0.5310514596901306,0.768887154828492
2,freq_bus2,1.0,0.5444971596238375,0.5310514596901306,0.768887154828492
2,freq_bus4,1.0,0.5444971596238375,0.5310514596901306,0.768887154828492
2,severe_bus7,1.0,0.5444971596238375,0.5310514596901306,0.768887154828492
2,angle_bus7,1.0,0.6861261014041702,0.9977246911782884,0.9209626981456146
2,angle_bus8,1.0,0.9507539927315064,1.0,0.9876884981828766
2,voltage_bus9,1.0,0.8821269871170507,1.0,0.9705317467792628
2,voltage_bus10,0.6930075793235295,0.6339901290203613,0.9964707557577164,0.7541190108562842
2,freq_bus2,1.0,0.8703130123580642,0.9999999999999152,0.9675782530894949
2,freq_bus4,0.6833745371646074,0.6509308687173032,0.9961123425407428,0.7534480713968151
2,severe_bus7,1.0,0.7738596377343043,0.9981582558416704,0.9430044733939936
2,angle_bus7,1.0,0.4310201382502789,0.4912371024761509,0.7305643101816075
2,angle_bus8,1.0,0.4310201382502789,0.4912371024761509,0.7305643101816075
2,voltage_bus9,1.0,0.4310201382502789,0.4912371024761509,0.7305643101816075
2,voltage_bus10,1.0,0.4310201382502789,0.4912371024761509,0.7305643101816075
2,freq_bus2,1.0,0.4310201382502789,0.4912371024761509,0.7305643101816075
2,freq_bus4,1.0,0.4310201382502789,0.4912371024761509,0.7305643101816075
2,severe_bus7,1.0,0.4310201382502789,0.4912371024761509,0.7305643101816075
2,angle_bus7,1.0,0.0031498127865177,0.1916869608334067,0.5487091934049811
2,angle_bus8,1.0,0.0031498127865177,0.1916869608334067,0.5487091934049811
2,voltage_bus9,1.0,0.0031498127865177,0.1916869608334067,0.5487091934049811
2,voltage_bus10,1.0,0.0031498127865177,0.1916869608334067,0.5487091934049811
2,freq_bus2,1.0,0.0031498127865177,0.1916869608334067,0.5487091934049811
2,freq_bus4,1.0,0.0031498127865177,0.1916869608334067,0.5487091934049811
2,severe_bus7,1.0,0.0031498127865177,0.1916869608334067,0.5487091934049811
2,angle_bus7,1.0,0.564978052187957,0.5489771006099866,0.778488788199486
2,angle_bus8,1.0,0.564978052187957,0.5489771006099866,0.778488788199486
2,voltage_bus9,1.0,0.564978052187957,0.5489771006099866,0.778488788199486
2,voltage_bus10,1.0,0.564978052187957,0.5489771006099866,0.778488788199486
2,freq_bus2,1.0,0.564978052187957,0.5489771006099866,0.778488788199486
2,freq_bus4,1.0,0.564978052187957,0.5489771006099866,0.778488788199486
2,severe_bus7,1.0,0.564978052187957,0.5489771006099866,0.778488788199486
2,angle_bus7,0.7285831347816234,0.7406787118231151,0.9974065312368338,0.7988128781557989
2,angle_bus8,0.5443523160020578,0.4887345035489012,0.9967786870302896,0.6435544556458266
2,voltage_bus9,0.5130151136761889,0.3256424385722916,0.9959098889297412,0.5868956387136026
2,voltage_bus10,0.5055653901768952,0.4154846840376471,0.9963777972316344,0.605748315405768
2,freq_bus2,0.738727256135184,0.7720525601807289,0.9964732172684432,0.8114950724298851
2,freq_bus4,0.5055653901768952,0.4371363167729676,0.9960498942298752,0.6110792478391582
2,severe_bus7,1.0,0.730051176227235,0.997806705408098,0.9319644704088332
2,angle_bus7,1.0,0.6997534642075429,0.9980233813969884,0.9244442114011328
2,angle_bus8,1.0,0.8563617970100701,0.9999999999997105,0.9640904492524452
2,voltage_bus9,1.0,0.8462662171404993,0.999999999989838,0.9615665542825844
2,voltage_bus10,0.8745878282695503,0.9419383299661028,0.9966295679475028,0.9219358886131764
2,freq_bus2,1.0,0.8055542896292671,0.9999999999999996,0.9513885724073168
2,freq_bus4,0.8618102597391454,0.9229459010186644,0.9962524170350926,0.910704709383012
2,severe_bus7,1.0,0.7955672868419548,0.9984312153819516,0.9484996255559766
2,angle_bus7,1.0,0.4795938026739996,0.5082306127745884,0.7469561038621471
2,angle_bus8,1.0,0.4795938026739996,0.5082306127745884,0.7469561038621471
2,voltage_bus9,1.0,0.4795938026739996,0.5082306127745884,0.7469561038621471
2,voltage_bus10,1.0,0.4795938026739996,0.5082306127745884,0.7469561038621471
2,freq_bus2,1.0,0.4795938026739996,0.5082306127745884,0.7469561038621471
2,freq_bus4,1.0,0.4795938026739996,0.5082306127745884,0.7469561038621471
2,severe_bus7,1.0,0.4795938026739996,0.5082306127745884,0.7469561038621471
2,angle_bus7,1.0,0.5502911606355028,0.512601025228566,0.7657230464660172
2,angle_bus8,1.0,0.5502911606355028,0.512601025228566,0.7657230464660172
2,voltage_bus9,1.0,0.5502911606355028,0.512601025228566,0.7657230464660172
2,voltage_bus10,1.0,0.5502911606355028,0.512601025228566,0.7657230464660172
2,freq_bus2,1.0,0.5502911606355028,0.512601025228566,0.7657230464660172
2,freq_bus4,1.0,0.5502911606355028,0.512601025228566,0.7657230464660172
2,severe_bus7,1.0,0.5502911606355028,0.512601025228566,0.7657230464660172
2,angle_bus7,0.3853849026155517,0.3037055420238523,0.9970216850318347,0.5178742580716977
2,angle_bus8,0.2978179906553259,0.2241986895841528,0.99665947326642,0.4541235360403062
2,voltage_bus9,0.2945118787890747,0.2260386247809478,0.9958770196344138,0.4527348504983778
2,voltage_bus10,0.2862797519223977,0.1782334712758846,0.996390319401992,0.436795823630668
2,freq_bus2,0.3885768070930726,0.315000433205256,0.9962595612697842,0.5221034021652964
2,freq_bus4,0.2862797519223977,0.2062389139518075,0.9961165395644818,0.4437287393402712
2,severe_bus7,0.54744200925188,0.5267208086341029,0.9973058764634736,0.6547276759003341
2,angle_bus7,1.0,0.5517523469052996,0.5355689200923855,0.7718303167494213
2,angle_bus8,1.0,0.5517523469052996,0.5355689200923855,0.7718303167494213
2,voltage_bus9,1.0,0.5517523469052996,0.5355689200923855,0.7718303167494213
2,voltage_bus10,1.0,0.5517523469052996,0.5355689200923855,0.7718303167494213
2,freq_bus2,1.0,0.5517523469052996,0.5355689200923855,0.7718303167494213
2,freq_bus4,1.0,0.5517523469052996,0.5355689200923855,0.7718303167494213
2,severe_bus7,1.0,0.5517523469052996,0.5355689200923855,0.7718303167494213
2,angle_bus7,0.348743898595463,0.3504147453483313,0.9969475881412876,0.5112125326701362
2,angle_bus8,0.2750763829878923,0.3488857075861951,0.9966275875963932,0.4739165152895932
2,voltage_bus9,0.2732335531186028,0.3482218699559496,0.9958367739109,0.4726314375260138
2,voltage_bus10,0.2682186527027989,0.3511674925388597,0.9963558877008292,0.4709901714113217
2,freq_bus2,0.3685958170070771,0.34934470488,0.9962849287469728,0.5207053169102818
2,freq_bus4,0.2682186527027989,0.3499704562382391,0.9960772239444236,0.4706212463970651
2,severe_bus7,0.4956619462611598,0.4422165517427956,0.9972084921946656,0.6076872341149452
2,angle_bus7,0.3062225796975992,0.6147958490336869,0.9968859593616736,0.5560317419476397
2,angle_bus8,0.2418423934975768,0.6140338187819268,0.9966414679276676,0.523590018426187
2,voltage_bus9,0.2406400371004201,0.6131962520965644,0.9958661894349844,0.5225856289330972
2,voltage_bus10,0.2373831590766882,0.6168898928987403,0.9963676255549824,0.5220059591517747
2,freq_bus2,0.3321981213058205,0.6126661739284884,0.9962758254816222,0.568334560505438
2,freq_bus4,0.2373831590766882,0.6147738245953605,0.9960817650686964,0.5214054769543583
2,severe_bus7,0.4232851860065776,0.6079572936769004,0.9970887657044072,0.6129041078486157
2,angle_bus7,0.7020904580120673,0.6469610812927584,0.997287390668284,0.7621073469962942
2,angle_bus8,0.5339343626870077,0.4421662745005577,0.9967164058941688,0.6266878514421854
2,voltage_bus9,0.4889099901027153,0.2879164973828523,0.9958482608093951,0.5653961845994195
2,voltage_bus10,0.4873213055733582,0.3658872350337034,0.9963521081591888,0.5842204885849022
2,freq_bus2,0.7087252660388342,0.6682750591492912,0.99632053574106,0.7705115317420049
2,freq_bus4,0.4873213055733582,0.385872826325766,0.9960405403295668,0.5891389944505123
2,severe_bus7,1.0,0.6492942757488116,0.997668812116871,0.9117407719664208
2,angle_bus7,0.3798146511604065,0.3265567880171574,0.9970241374913288,0.5208025569573248
2,angle_bus8,0.2990206818216018,0.2518074703885524,0.9966298492017246,0.4616196708083702
2,voltage_bus9,0.2965545285367462,0.2531577806810539,0.9958230108417656,0.460522462149078
2,voltage_bus10,0.2844117906478911,0.2335951736874086,0.9963479321318356,0.4496916717787566
2,freq_bus2,0.3958706224188894,0.3313018710244328,0.9963119059449757,0.5298387554517968
2,freq_bus4,0.2844117906478911,0.2329488189149984,0.9960658817336532,0.4494595704861085
2,severe_bus7,0.5595261895327349,0.543995094948194,0.9973231135272714,0.6650926468852338
2,angle_bus7,1.0,0.7705106588256143,0.9976080789252308,0.9420296844377112
2,angle_bus8,0.6873747225590154,0.6488974825474152,0.9969281926592078,0.7551437800811635
2,voltage_bus9,1.0,0.9114362942838454,0.9999999999999972,0.9778590735709608
2,voltage_bus10,0.6382181821684704,0.5545932021892881,0.9964341559823204,0.7068659306271373
2,freq_bus2,1.0,0.8922148991122683,1.0,0.9730537247780672
2,freq_bus4,0.6295815341430898,0.5710317154650326,0.9960807479465624,0.7065688829244436
2,severe_bus7,1.0,0.7551925935916834,0.9980373863283022,0.9383074949799964
2,angle_bus7,1.0,0.5402730411103533,0.5064598045351016,0.7616832114113637
2,angle_bus8,1.0,0.5402730411103533,0.5064598045351016,0.7616832114113637
2,voltage_bus9,1.0,0.5402730411103533,0.5064598045351016,0.7616832114113637
2,voltage_bus10,1.0,0.5402730411103533,0.5064598045351016,0.7616832114113637
2,freq_bus2,1.0,0.5402730411103533,0.5064598045351016,0.7616832114113637
2,freq_bus4,1.0,0.5402730411103533,0.5064598045351016,0.7616832114113637
2,severe_bus7,1.0,0.5402730411103533,0.5064598045351016,0.7616832114113637
2,angle_bus7,1.0,0.6997434780706122,0.9980353256071774,0.9244447009194474
2,angle_bus8,1.0,0.8461716798790988,1.0,0.9615429199697748
2,voltage_bus9,1.0,0.8281562300012659,1.0,0.9570390575003164
2,voltage_bus10,0.8870002883062412,0.9952743500832212,0.99660589080309,0.9414702043746984
2,freq_bus2,1.0,0.7972084615433737,1.0,0.9493021153858434
2,freq_bus4,0.8697217743009419,0.962162427040937,0.99623008626708,0.9244590154774752
2,severe_bus7,1.0,0.7752243800189582,0.9984224724995542,0.943411713129628
2,angle_bus7,0.6759565230899296,0.5869445261307646,0.9972454313119709,0.7340257509056487
2,angle_bus8,0.5209158840075991,0.4175138032804497,0.9966896373546922,0.614008802162585
2,voltage_bus9,0.4753282590251439,0.2727846953476245,0.9958241434877992,0.5548163392214279
2,voltage_bus10,0.4740906222807333,0.3489193721121637,0.9963401204161412,0.573360184272443
2,freq_bus2,0.6804596958961423,0.6055727963158191,0.9962956086352835,0.7406969491858468
2,freq_bus4,0.4740906222807333,0.3652527590135044,0.9960349378460592,0.5773672353552576
2,severe_bus7,1.0,0.6291351840588035,0.997629439446111,0.9066911558762286
2,angle_bus7,1.0,0.7273547007178784,0.9980932060394112,0.9313619766893224
2,angle_bus8,0.8502639195867139,0.5697162573316703,0.9973707888739664,0.8169037213447661
2,voltage_bus9,1.0,0.8288073918088976,1.0,0.9572018479522244
2,voltage_bus10,0.9298687734140464,1.0,0.9966650540617242,0.9641006502224542
2,freq_bus2,1.0,0.829522685953922,1.0,0.9573806714884804
2,freq_bus4,0.9080424230942652,1.0,0.9962841448956004,0.9530922477710326
2,severe_bus7,1.0,0.8115785592111706,0.9984256863633484,0.9525010613936298
2,angle_bus7,0.8771225642241893,0.9802864508798876,0.9975200300839216,0.933012902353047
2,angle_bus8,0.6380941165406969,0.5877933553254948,0.9968695231909231,0.7152127778994529
2,voltage_bus9,1.0,0.913647230914723,1.0,0.9784118077286807
2,voltage_bus10,0.5934898640668643,0.5008836733866282,0.9964165813794718,0.6710699957249572
2,freq_bus2,0.6210126126935747,0.417444867478089,0.9964943820470266,0.6639911187280663
2,freq_bus4,0.5864028316183708,0.5194854492898351,0.9960707897206776,0.6720904755618136
2,severe_bus7,1.0,0.7488359382309007,0.9979353860351408,0.9366928310665104
2,angle_bus7,1.0,0.5528770647632086,0.5182577051621495,0.7677836924813395
2,angle_bus8,1.0,0.5528770647632086,0.5182577051621495,0.7677836924813395
2,voltage_bus9,1.0,0.5528770647632086,0.5182577051621495,0.7677836924813395
2,voltage_bus10,1.0,0.5528770647632086,0.5182577051621495,0.7677836924813395
2,freq_bus2,1.0,0.5528770647632086,0.5182577051621495,0.7677836924813395
2,freq_bus4,1.0,0.5528770647632086,0.5182577051621495,0.7677836924813395
2,severe_bus7,1.0,0.5528770647632086,0.5182577051621495,0.7677836924813395
2,angle_bus7,1.0,0.5642248706418904,0.5277001442916033,0.7729812537333735
2,angle_bus8,1.0,0.5642248706418904,0.5277001442916033,0.7729812537333735
2,voltage_bus9,1.0,0.5642248706418904,0.5277001442916033,0.7729812537333735
2,voltage_bus10,1.0,0.5642248706418904,0.5277001442916033,0.7729812537333735
2,freq_bus2,1.0,0.5642248706418904,0.5277001442916033,0.7729812537333735
2,freq_bus4,1.0,0.5642248706418904,0.5277001442916033,0.7729812537333735
2,severe_bus7,1.0,0.5642248706418904,0.5277001442916033,0.7729812537333735
2,angle_bus7,1.0,0.4817117901918664,0.5138159574920464,0.7488819369209783
2,angle_bus8,1.0,0.4817117901918664,0.5138159574920464,0.7488819369209783
2,voltage_bus9,1.0,0.4817117901918664,0.5138159574920464,0.7488819369209783
2,voltage_bus10,1.0,0.4817117901918664,0.5138159574920464,0.7488819369209783
2,freq_bus2,1.0,0.4817117901918664,0.5138159574920464,0.7488819369209783
2,freq_bus4,1.0,0.4817117901918664,0.5138159574920464,0.7488819369209783
2,severe_bus7,1.0,0.4817117901918664,0.5138159574920464,0.7488819369209783
2,angle_bus7,1.0,0.5172041254863764,0.5241909205112834,0.7603487614994149
2,angle_bus8,1.0,0.5172041254863764,0.5241909205112834,0.7603487614994149
2,voltage_bus9,1.0,0.5172041254863764,0.5241909205112834,0.7603487614994149
2,voltage_bus10,1.0,0.5172041254863764,0.5241909205112834,0.7603487614994149
2,freq_bus2,1.0,0.5172041254863764,0.5241909205112834,0.7603487614994149
2,freq_bus4,1.0,0.5172041254863764,0.5241909205112834,0.7603487614994149
2,severe_bus7,1.0,0.5172041254863764,0.5241909205112834,0.7603487614994149
2,angle_bus7,1.0,0.7152527545672314,0.9978062896006342,0.9282647610419664
2,angle_bus8,0.7097476415088229,0.4744904347172038,0.997084598049668,0.7227675789461294
2,voltage_bus9,1.0,0.8917427253187427,1.0,0.9729356813296856
2,voltage_bus10,0.7195716237165398,0.705848684660829,0.9965043826636796,0.7853740786893971
2,freq_bus2,1.0,0.8457109367733118,1.0,0.961427734193328
2,freq_bus4,0.7097915352939121,0.7179550464527438,0.9961397379968498,0.7834194637593545
2,severe_bus7,1.0,0.8042831496029024,0.9982261075473352,0.9506273142875594
2,angle_bus7,1.0,0.4686215675259362,0.5086592376817923,0.7443202013019321
2,angle_bus8,1.0,0.4686215675259362,0.5086592376817923,0.7443202013019321
2,voltage_bus9,1.0,0.4686215675259362,0.5086592376817923,0.7443202013019321
2,voltage_bus10,1.0,0.4686215675259362,0.5086592376817923,0.7443202013019321
2,freq_bus2,1.0,0.4686215675259362,0.5086592376817923,0.7443202013019321
2,freq_bus4,1.0,0.4686215675259362,0.5086592376817923,0.7443202013019321
2,severe_bus7,1.0,0.4686215675259362,0.5086592376817923,0.7443202013019321
2,angle_bus7,1.0,0.5804093577890619,0.5160417384513887,0.7741127740601126
2,angle_bus8,1.0,0.5804093577890619,0.5160417384513887,0.7741127740601126
2,voltage_bus9,1.0,0.5804093577890619,0.5160417384513887,0.7741127740601126
2,voltage_bus10,1.0,0.5804093577890619,0.5160417384513887,0.7741127740601126
2,freq_bus2,1.0,0.5804093577890619,0.5160417384513887,0.7741127740601126
2,freq_bus4,1.0,0.5804093577890619,0.5160417384513887,0.7741127740601126
2,severe_bus7,1.0,0.5804093577890619,0.5160417384513887,0.7741127740601126
3,angle_bus7,1.0,0.6881253607922062,0.9983821589126072,0.9216268799262034
3,angle_bus8,0.9786145597635252,0.6322459343916229,0.9975331080322252,0.8967520404877246
3,voltage_bus9,1.0,0.6937653357943425,1.0,0.9234413339485856
3,voltage_bus10,1.0,0.6254515178699158,0.9966561001792268,0.9055269045122856
3,freq_bus2,1.0,0.7204987923561994,0.99723306706187,0.9294329648545172
3,freq_bus4,1.0,0.6437212384034225,0.9962520316774078,0.9099933175202076
3,severe_bus7,1.0,0.6934754792843165,0.9983936098209732,0.9229672722763224
3,angle_bus7,0.6552259178066115,0.5969567155406388,0.9972541509849918,0.7261656755347135
3,angle_bus8,0.4932437024939976,0.4115282305804051,0.9966736680523944,0.5986723259051987
3,voltage_bus9,0.4603371366865719,0.278787629787093,0.9958041277257228,0.5488165077214899
3,voltage_bus10,0.4558393496490626,0.3588222128949425,0.996277033727064,0.566694486480033
3,freq_bus2,0.6613097104519046,0.6167974874019286,0.9963185813898098,0.7339338724238869
3,freq_bus4,0.4558393496490626,0.3801782665413782,0.9959524553108168,0.57195235528758
3,severe_bus7,1.0,0.662143139878431,0.9976287879766308,0.9149429819637654
3,angle_bus7,1.0,0.6968156222893356,0.9977616361753084,0.923644314616161
3,angle_bus8,0.7079170292027469,0.4682611588156931,0.997013700835117,0.720277229514076
3,voltage_bus9,1.0,0.8845011469833537,1.0,0.9711252867458384
3,voltage_bus10,0.7168003851870419,0.6812113717082688,0.9964113375723168,0.7778058699136674
3,freq_bus2,1.0,0.8656579541843463,1.0,0.9664144885460866
3,freq_bus4,0.70655069909742,0.6950222019459709,0.996026760937544,0.7760375902695886
3,severe_bus7,1.0,0.8038340669708468,0.9981967682011088,0.950507708792989
3,angle_bus7,0.5799522968924153,0.477988462000777,0.997128300871412,0.658755339164255
3,angle_bus8,0.4455538271232626,0.3523027599335506,0.9966202483205748,0.5600076656251627
3,voltage_bus9,0.4422920112161509,0.3488163513380442,0.9957682799284224,0.5572921634246921
3,voltage_bus10,0.4048682352373602,0.2825637678312134,0.996266930053176,0.5221417920897775
3,freq_bus2,0.5845015626522945,0.4917526840275528,0.9962207910811154,0.6642441501033143
3,freq_bus4,0.4048682352373602,0.3017202650128858,0.9959606089656314,0.5268543361133095
3,severe_bus7,0.9016245681127556,0.9786511045228288,0.9974764772072232,0.9448441794888908
3,angle_bus7,1.0,0.5372355668935924,0.5064461363972648,0.7609204258227142
3,angle_bus8,1.0,0.5372355668935924,0.5064461363972648,0.7609204258227142
3,voltage_bus9,1.0,0.5372355668935924,0.5064461363972648,0.7609204258227142
3,voltage_bus10,1.0,0.5372355668935924,0.5064461363972648,0.7609204258227142
3,freq_bus2,1.0,0.5372355668935924,0.5064461363972648,0.7609204258227142
3,freq_bus4,1.0,0.5372355668935924,0.5064461363972648,0.7609204258227142
3,severe_bus7,1.0,0.5372355668935924,0.5064461363972648,0.7609204258227142
3,angle_bus7,0.6614646895618409,0.5799802692893437,0.997230013392138,0.7250349154512908
3,angle_bus8,0.5084801119063863,0.410167685513791,0.9966485171534848,0.6059441066200121
3,voltage_bus9,1.0,0.9448344812259748,1.0,0.9862086203064936
3,voltage_bus10,0.4643711917105305,0.3469027853751996,0.996261054437594,0.5679765558084636
3,freq_bus2,0.6654989993883195,0.5996946882599232,0.9962931932577648,0.7317464700735817
3,freq_bus4,0.4643711917105305,0.3655851392496743,0.9959455730030408,0.572568273918444
3,severe_bus7,1.0,0.647899287645398,0.9976097445687784,0.911377258053544
3,angle_bus7,1.0,0.5514287419497208,0.5309966948958,0.7706063592113802
3,angle_bus8,1.0,0.5514287419497208,0.5309966948958,0.7706063592113802
3,voltage_bus9,1.0,0.5514287419497208,0.5309966948958,0.7706063592113802
3,voltage_bus10,1.0,0.5514287419497208,0.5309966948958,0.7706063592113802
3,freq_bus2,1.0,0.5514287419497208,0.5309966948958,0.7706063592113802
3,freq_bus4,1.0,0.5514287419497208,0.5309966948958,0.7706063592113802
3,severe_bus7,1.0,0.5514287419497208,0.5309966948958,0.7706063592113802
3,angle_bus7,1.0,0.5150634091670874,0.5315239286102182,0.7616468344443263
3,angle_bus8,1.0,0.5150634091670874,0.5315239286102182,0.7616468344443263
3,voltage_bus9,1.0,0.5150634091670874,0.5315239286102182,0.7616468344443263
3,voltage_bus10,1.0,0.5150634091670874,0.5315239286102182,0.7616468344443263
3,freq_bus2,1.0,0.5150634091670874,0.5315239286102182,0.7616468344443263
3,freq_bus4,1.0,0.5150634091670874,0.5315239286102182,0.7616468344443263
3,severe_bus7,1.0,0.5150634091670874,0.5315239286102182,0.7616468344443263
3,angle_bus7,1.0,0.5517978150651857,0.5122880942361328,0.7660214773253295
3,angle_bus8,1.0,0.5517978150651857,0.5122880942361328,0.7660214773253295
3,voltage_bus9,1.0,0.5517978150651857,0.5122880942361328,0.7660214773253295
3,voltage_bus10,1.0,0.5517978150651857,0.5122880942361328,0.7660214773253295
3,freq_bus2,1.0,0.5517978150651857,0.5122880942361328,0.7660214773253295
3,freq_bus4,1.0,0.5517978150651857,0.5122880942361328,0.7660214773253295
3,severe_bus7,1.0,0.5517978150651857,0.5122880942361328,0.7660214773253295
3,angle_bus7,1.0,0.5454994430064986,0.540863743444543,0.7715907966127604
3,angle_bus8,1.0,0.5454994430064986,0.540863743444543,0.7715907966127604
3,voltage_bus9,1.0,0.5454994430064986,0.540863743444543,0.7715907966127604
3,voltage_bus10,1.0,0.5454994430064986,0.540863743444543,0.7715907966127604
3,freq_bus2,1.0,0.5454994430064986,0.540863743444543,0.7715907966127604
3,freq_bus4,1.0,0.5454994430064986,0.540863743444543,0.7715907966127604
3,severe_bus7,1.0,0.5454994430064986,0.540863743444543,0.7715907966127604
3,angle_bus7,1.0,0.7052991124899997,0.997667675416167,0.9257416969765416
3,angle_bus8,0.7230903483565883,0.7142080504080432,0.9969428308340796,0.7893328944888248
3,voltage_bus9,1.0,0.9008211499948936,1.0,0.9752052874987234
3,voltage_bus10,0.6742932631003128,0.6135381369860049,0.9963761994125252,0.7396252156497889
3,freq_bus2,1.0,0.8675552562047244,1.0,0.9668888140511812
3,freq_bus4,0.6641930086564934,0.6285263349513599,0.9959985334985652,0.738227721440728
3,severe_bus7,1.0,0.7794260660320553,0.9981033318391777,0.9443823494678082
3,angle_bus7,1.0,0.5264816658397358,0.5236483052393281,0.762532492769766
3,angle_bus8,1.0,0.5264816658397358,0.5236483052393281,0.762532492769766
3,voltage_bus9,1.0,0.5264816658397358,0.5236483052393281,0.762532492769766
3,voltage_bus10,1.0,0.5264816658397358,0.5236483052393281,0.762532492769766
3,freq_bus2,1.0,0.5264816658397358,0.5236483052393281,0.762532492769766
3,freq_bus4,1.0,0.5264816658397358,0.5236483052393281,0.762532492769766
3,severe_bus7,1.0,0.5264816658397358,0.5236483052393281,0.762532492769766
3,angle_bus7,1.0,0.659554355379754,0.9978036815150398,0.9143395092236984
3,angle_bus8,0.7579709799877049,0.4766753157888708,0.9970447430187944,0.7474155046957688
3,voltage_bus9,1.0,0.868846769805053,1.0,0.9672116924512631
3,voltage_bus10,0.7553253801781155,0.7268173490672964,0.9964172634135638,0.8084713432092728
3,freq_bus2,1.0,0.8306199103079877,1.0,0.9576549775769968
3,freq_bus4,0.749376212320885,0.7365994378336502,0.9960355785473144,0.8078468602556838
3,severe_bus7,1.0,0.7695753810655681,0.9982740949143448,0.9419623689949782
3,angle_bus7,1.0,0.4745376587451417,0.515383243759106,0.747480225626062
3,angle_bus8,1.0,0.4745376587451417,0.515383243759106,0.747480225626062
3,voltage_bus9,1.0,0.4745376587451417,0.515383243759106,0.747480225626062
3,voltage_bus10,1.0,0.4745376587451417,0.515383243759106,0.747480225626062
3,freq_bus2,1.0,0.4745376587451417,0.515383243759106,0.747480225626062
3,freq_bus4,1.0,0.4745376587451417,0.515383243759106,0.747480225626062
3,severe_bus7,1.0,0.4745376587451417,0.515383243759106,0.747480225626062
3,angle_bus7,1.0,0.0027782104435054,0.1437534200669299,0.5366329076276088
3,angle_bus8,1.0,0.0027782104435054,0.1437534200669299,0.5366329076276088
3,voltage_bus9,1.0,0.0027782104435054,0.1437534200669299,0.5366329076276088
3,voltage_bus10,1.0,0.0027782104435054,0.1437534200669299,0.5366329076276088
3,freq_bus2,1.0,0.0027782104435054,0.1437534200669299,0.5366329076276088
3,freq_bus4,1.0,0.0027782104435054,0.1437534200669299,0.5366329076276088
3,severe_bus7,1.0,0.0027782104435054,0.1437534200669299,0.5366329076276088
3,angle_bus7,1.0,0.5526757153534518,0.5475127617260367,0.7750471192698721
3,angle_bus8,1.0,0.5526757153534518,0.5475127617260367,0.7750471192698721
3,voltage_bus9,1.0,0.5526757153534518,0.5475127617260367,0.7750471192698721
3,voltage_bus10,1.0,0.5526757153534518,0.5475127617260367,0.7750471192698721
3,freq_bus2,1.0,0.5526757153534518,0.5475127617260367,0.7750471192698721
3,freq_bus4,1.0,0.5526757153534518,0.5475127617260367,0.7750471192698721
3,severe_bus7,1.0,0.5526757153534518,0.5475127617260367,0.7750471192698721
3,angle_bus7,0.7993799706444663,0.8235129607750054,0.997419408842412,0.8549230777265875
3,angle_bus8,0.5926119494949436,0.5344650586148383,0.9967673156353872,0.6791140683100282
3,voltage_bus9,1.0,0.9254820583753408,1.0,0.9813705145938352
3,voltage_bus10,0.5484200728027441,0.456238487624951,0.9963027169631152,0.6373453375483886
3,freq_bus2,0.815976575949045,0.8678022823864104,0.9964037256057804,0.8740397899725701
3,freq_bus4,0.5484200728027441,0.4717590926869484,0.9959537354119612,0.6411382434260994
3,severe_bus7,1.0,0.7235729418007182,0.9978310892941684,0.9303510077737216
3,angle_bus7,1.0,0.5580520217385825,0.5026135795617723,0.7651664003250886
3,angle_bus8,1.0,0.5580520217385825,0.5026135795617723,0.7651664003250886
3,voltage_bus9,1.0,0.5580520217385825,0.5026135795617723,0.7651664003250886
3,voltage_bus10,1.0,0.5580520217385825,0.5026135795617723,0.7651664003250886
3,freq_bus2,1.0,0.5580520217385825,0.5026135795617723,0.7651664003250886
3,freq_bus4,1.0,0.5580520217385825,0.5026135795617723,0.7651664003250886
3,severe_bus7,1.0,0.5580520217385825,0.5026135795617723,0.7651664003250886
3,angle_bus7,1.0,0.4467937000510531,0.507392134734201,0.7385464586963135
3,angle_bus8,1.0,0.4467937000510531,0.507392134734201,0.7385464586963135
3,voltage_bus9,1.0,0.4467937000510531,0.507392134734201,0.7385464586963135
3,voltage_bus10,1.0,0.4467937000510531,0.507392134734201,0.7385464586963135
3,freq_bus2,1.0,0.4467937000510531,0.507392134734201,0.7385464586963135
3,freq_bus4,1.0,0.4467937000510531,0.507392134734201,0.7385464586963135
3,severe_bus7,1.0,0.4467937000510531,0.507392134734201,0.7385464586963135
3,angle_bus7,1.0,0.5493952173029903,0.5307947262720658,0.770047485893764
3,angle_bus8,1.0,0.5493952173029903,0.5307947262720658,0.770047485893764
3,voltage_bus9,1.0,0.5493952173029903,0.5307947262720658,0.770047485893764
3,voltage_bus10,1.0,0.5493952173029903,0.5307947262720658,0.770047485893764
3,freq_bus2,1.0,0.5493952173029903,0.5307947262720658,0.770047485893764
3,freq_bus4,1.0,0.5493952173029903,0.5307947262720658,0.770047485893764
3,severe_bus7,1.0,0.5493952173029903,0.5307947262720658,0.770047485893764
3,angle_bus7,0.4747699974936755,0.3550235006669737,0.9970106586003424,0.5753935385636668
3,angle_bus8,0.3710916087624071,0.2663655765306991,0.9966019688104768,0.5012876907164976
3,voltage_bus9,0.3701826805686293,0.2684063809658212,0.9957802688361764,0.501138002734814
3,voltage_bus10,0.3509263108467658,0.2206983801459365,0.9962795344708288,0.4797076340775742
3,freq_bus2,0.4780094187864451,0.3652179715815293,0.996147518308391,0.5793460818657027
3,freq_bus4,0.3509263108467658,0.2395017045710403,0.9959843997890482,0.484334681513405
3,severe_bus7,0.6805645402627218,0.6171790568479523,0.9973131327370954,0.7439053175276229
3,angle_bus7,1.0,0.5722131472690712,0.5640415138772585,0.7840636652865824
3,angle_bus8,1.0,0.5722131472690712,0.5640415138772585,0.7840636652865824
3,voltage_bus9,1.0,0.5722131472690712,0.5640415138772585,0.7840636652865824
3,voltage_bus10,1.0,0.5722131472690712,0.5640415138772585,0.7840636652865824
3,freq_bus2,1.0,0.5722131472690712,0.5640415138772585,0.7840636652865824
3,freq_bus4,1.0,0.5722131472690712,0.5640415138772585,0.7840636652865824
3,severe_bus7,1.0,0.5722131472690712,0.5640415138772585,0.7840636652865824
3,angle_bus7,0.3221136274666765,0.2730888424255866,0.9969176696616568,0.4785584417551491
3,angle_bus8,0.260893628287817,0.2499445122623527,0.9965790164240133,0.4420776963155
3,voltage_bus9,0.2607919121355423,0.2492300348846079,0.9957599981657448,0.4416434643303593
3,voltage_bus10,0.2537116693151163,0.2527625189415587,0.9962755614808612,0.4391153547631631
3,freq_bus2,0.3208536231644579,0.2795702136361448,0.9961506237588224,0.4793570209309707
3,freq_bus4,0.2537116693151163,0.2503707277104112,0.995996325021234,0.4384475978404694
3,severe_bus7,0.4386023785136084,0.4368868585039607,0.9971661146909996,0.5778144325555443
3,angle_bus7,0.2401146956064306,0.5045515011512514,0.996843380762121,0.4954060682815584
3,angle_bus8,0.1968458065823765,0.5035459303204028,0.9965932743924096,0.4734577044693914
3,voltage_bus9,0.1968458065823765,0.5022494246871361,0.9957917208204062,0.4729331896680738
3,voltage_bus10,0.1968458065823765,0.5055172501964122,0.9962873892281752,0.473874063147335
3,freq_bus2,0.2571853883130997,0.502997193114453,0.9961261152177896,0.5033735212396105
3,freq_bus4,0.1968458065823765,0.5034766234474191,0.9960007216186182,0.4732922395576975
3,severe_bus7,0.338770063398693,0.5000820801130246,0.9970219377386452,0.5436610361622639
3,angle_bus7,0.735869263677632,0.6505674125839853,0.997246504391077,0.7798881110825815
3,angle_bus8,0.5615455433673046,0.4653275931226091,0.996667810964088,0.6462716227053265
3,voltage_bus9,0.5256423255356956,0.2934641887187368,0.9957771071002957,0.5851314867226058
3,voltage_bus10,0.5245676460341981,0.4659670912233125,0.9962652353899684,0.6278419046704192
3,freq_bus2,0.7471704775490879,0.6809352804512194,0.9962328866352648,0.792877280546165
3,freq_bus4,0.5245676460341981,0.4644463458681613,0.9959401073478094,0.6273804363210918
3,severe_bus7,1.0,0.6427244537061156,0.9976376069714628,0.9100905151693948
3,angle_bus7,0.4151084653929765,0.327234716140353,0.996985698882681,0.5386093364522467
3,angle_bus8,0.3347100119898846,0.2635170473985795,0.996578657318856,0.4823789321743011
3,voltage_bus9,0.3334860376542271,0.2627539989109912,0.995745243395729,0.4813678294037936
3,voltage_bus10,0.3179637416564038,0.2633481349993936,0.9962668336468612,0.4738856129897656
3,freq_bus2,0.4138970328730038,0.3363697986035419,0.9961814172820384,0.540086320407897
3,freq_bus4,0.3179637416564038,0.2601693558798459,0.9959842314348444,0.4730202676568745
3,severe_bus7,0.5762920119748866,0.5460793510623212,0.9972762552715424,0.6739849075709092
3,angle_bus7,1.0,0.6509550939827555,0.997665867439618,0.9121552403555934
3,angle_bus8,0.7503247173570121,0.7316199924362365,0.9969402326769704,0.8073024149568078
3,voltage_bus9,1.0,0.8833875567388851,1.0,0.9708468891847212
3,voltage_bus10,0.6898883128479719,0.6243149740419334,0.9963720532231012,0.7501159132402445
3,freq_bus2,1.0,0.8496364357109378,1.0,0.9624091089277343
3,freq_bus4,0.6881287031098572,0.6366116477007324,0.9959978517921272,0.7522167264281435
3,severe_bus7,1.0,0.7567582911663671,0.9981244571272098,0.9387206870733942
3,angle_bus7,1.0,0.5329542177815974,0.5157199600576476,0.7621685444598112
3,angle_bus8,1.0,0.5329542177815974,0.5157199600576476,0.7621685444598112
3,voltage_bus9,1.0,0.5329542177815974,0.5157199600576476,0.7621685444598112
3,voltage_bus10,1.0,0.5329542177815974,0.5157199600576476,0.7621685444598112
3,freq_bus2,1.0,0.5329542177815974,0.5157199600576476,0.7621685444598112
3,freq_bus4,1.0,0.5329542177815974,0.5157199600576476,0.7621685444598112
3,severe_bus7,1.0,0.5329542177815974,0.5157199600576476,0.7621685444598112
3,angle_bus7,1.0,0.6708707005531913,0.9981958048745696,0.9172666263569402
3,angle_bus8,1.0,0.736667788714513,0.999999999999974,0.9341669471786216
3,voltage_bus9,1.0,0.7757132247098397,1.0,0.94392830617746
3,voltage_bus10,1.0,0.7007142859333513,0.9965694341683216,0.9243209300254184
3,freq_bus2,1.0,0.7478450214805612,1.0,0.9369612553701404
3,freq_bus4,1.0,0.7354640752391752,0.9961732362277044,0.93290932786672
3,severe_bus7,1.0,0.7212488348065804,0.9983929152802662,0.9299104375217117
3,angle_bus7,0.6933814910580997,0.5823440778959785,0.9971820942232248,0.7415722885588507
3,angle_bus8,0.5348843498584247,0.4640311643121535,0.996634429881454,0.6326085734776142
3,voltage_bus9,1.0,0.9326096055597404,0.9999999999544832,0.983152401378556
3,voltage_bus10,0.4925855862819175,0.4642792124598998,0.9962556989792396,0.6114265210007436
3,freq_bus2,0.7015672726400712,0.6083249764110192,0.9961879079800884,0.7519118574178125
3,freq_bus4,0.4925855862819175,0.4617653093576876,0.9959435721519384,0.6107200135183652
3,severe_bus7,1.0,0.6071433598352307,0.997559658683606,0.9011757546297092
3,angle_bus7,1.0,0.5596513670663974,0.486870892600706,0.7616305649167758
3,angle_bus8,1.0,0.5596513670663974,0.486870892600706,0.7616305649167758
3,voltage_bus9,1.0,0.5596513670663974,0.486870892600706,0.7616305649167758
3,voltage_bus10,1.0,0.5596513670663974,0.486870892600706,0.7616305649167758
3,freq_bus2,1.0,0.5596513670663974,0.486870892600706,0.7616305649167758
3,freq_bus4,1.0,0.5596513670663974,0.486870892600706,0.7616305649167758
3,severe_bus7,1.0,0.5596513670663974,0.486870892600706,0.7616305649167758
3,angle_bus7,0.958036288570799,1.0,0.997546813647318,0.978404847697229
3,angle_bus8,0.6737168808378183,0.6248279576176579,0.996857304843713,0.7422797560342519
3,voltage_bus9,1.0,0.9095320565299724,1.0,0.9773830141324932
3,voltage_bus10,0.6317535666466836,0.5411407330716109,0.9963414047806536,0.7002473177864079
3,freq_bus2,0.6653549516698885,0.4619173115805104,0.9964684045954654,0.6972739048789381
3,freq_bus4,0.6234478220011989,0.5545351775899974,0.9959731533735264,0.6993509937414804
3,severe_bus7,1.0,0.7497955924075725,0.9979810742440376,0.9369441666629024
3,angle_bus7,1.0,0.5221154726918975,0.5107611014353015,0.7582191435317998
3,angle_bus8,1.0,0.5221154726918975,0.5107611014353015,0.7582191435317998
3,voltage_bus9,1.0,0.5221154726918975,0.5107611014353015,0.7582191435317998
3,voltage_bus10,1.0,0.5221154726918975,0.5107611014353015,0.7582191435317998
3,freq_bus2,1.0,0.5221154726918975,0.5107611014353015,0.7582191435317998
3,freq_bus4,1.0,0.5221154726918975,0.5107611014353015,0.7582191435317998
3,severe_bus7,1.0,0.5221154726918975,0.5107611014353015,0.7582191435317998
3,angle_bus7,1.0,0.5708207190370942,0.5506748806251844,0.7803738999155696
3,angle_bus8,1.0,0.5708207190370942,0.5506748806251844,0.7803738999155696
3,voltage_bus9,1.0,0.5708207190370942,0.5506748806251844,0.7803738999155696
3,voltage_bus10,1.0,0.5708207190370942,0.5506748806251844,0.7803738999155696
3,freq_bus2,1.0,0.5708207190370942,0.5506748806251844,0.7803738999155696
3,freq_bus4,1.0,0.5708207190370942,0.5506748806251844,0.7803738999155696
3,severe_bus7,1.0,0.5708207190370942,0.5506748806251844,0.7803738999155696
3,angle_bus7,1.0,0.4710695416835939,0.5155335820674651,0.7466507809377647
3,angle_bus8,1.0,0.4710695416835939,0.5155335820674651,0.7466507809377647
3,voltage_bus9,1.0,0.4710695416835939,0.5155335820674651,0.7466507809377647
3,voltage_bus10,1.0,0.4710695416835939,0.5155335820674651,0.7466507809377647
3,freq_bus2,1.0,0.4710695416835939,0.5155335820674651,0.7466507809377647
3,freq_bus4,1.0,0.4710695416835939,0.5155335820674651,0.7466507809377647
3,severe_bus7,1.0,0.4710695416835939,0.5155335820674651,0.7466507809377647
3,angle_bus7,1.0,0.5080209548298207,0.5225952093780846,0.7576540410519763
3,angle_bus8,1.0,0.5080209548298207,0.5225952093780846,0.7576540410519763
3,voltage_bus9,1.0,0.5080209548298207,0.5225952093780846,0.7576540410519763
3,voltage_bus10,1.0,0.5080209548298207,0.5225952093780846,0.7576540410519763
3,freq_bus2,1.0,0.5080209548298207,0.5225952093780846,0.7576540410519763
3,freq_bus4,1.0,0.5080209548298207,0.5225952093780846,0.7576540410519763
3,severe_bus7,1.0,0.5080209548298207,0.5225952093780846,0.7576540410519763
3,angle_bus7,1.0,0.684396286430875,0.9979056159302409,0.920575475590279
3,angle_bus8,1.0,0.8535947364094945,1.0,0.9633986841023736
3,voltage_bus9,1.0,0.8481444119528305,0.9999999999996116,0.9620361029881106
3,voltage_bus10,0.8044709800887169,0.8178829042215909,0.9964612327048412,0.8558215242759665
3,freq_bus2,1.0,0.8348380813798428,1.0,0.9587095203449608
3,freq_bus4,0.7929160059910335,0.8193683175123141,0.996070872880418,0.8503178005936998
3,severe_bus7,1.0,0.8006291108524373,0.9983526977966144,0.9497454521622628
3,angle_bus7,1.0,0.4335540227222658,0.4905196071031478,0.7310184074563534
3,angle_bus8,1.0,0.4335540227222658,0.4905196071031478,0.7310184074563534
3,voltage_bus9,1.0,0.4335540227222658,0.4905196071031478,0.7310184074563534
3,voltage_bus10,1.0,0.4335540227222658,0.4905196071031478,0.7310184074563534
3,freq_bus2,1.0,0.4335540227222658,0.4905196071031478,0.7310184074563534
3,freq_bus4,1.0,0.4335540227222658,0.4905196071031478,0.7310184074563534
3,severe_bus7,1.0,0.4335540227222658,0.4905196071031478,0.7310184074563534
3,angle_bus7,1.0,0.5440374686111014,0.5174009481831056,0.7653596041985518
3,angle_bus8,1.0,0.5440374686111014,0.5174009481831056,0.7653596041985518
3,voltage_bus9,1.0,0.5440374686111014,0.5174009481831056,0.7653596041985518
3,voltage_bus10,1.0,0.5440374686111014,0.5174009481831056,0.7653596041985518
3,freq_bus2,1.0,0.5440374686111014,0.5174009481831056,0.7653596041985518
3,freq_bus4,1.0,0.5440374686111014,0.5174009481831056,0.7653596041985518
3,severe_bus7,1.0,0.5440374686111014,0.5174009481831056,0.7653596041985518
4,angle_bus7,1.0,0.5048661960891074,0.4850614104738556,0.7474819016407408
4,angle_bus8,1.0,0.5048661960891074,0.4850614104738556,0.7474819016407408
4,voltage_bus9,1.0,0.5048661960891074,0.4850614104738556,0.7474819016407408
4,voltage_bus10,1.0,0.5048661960891074,0.4850614104738556,0.7474819016407408
4,freq_bus2,1.0,0.5048661960891074,0.4850614104738556,0.7474819016407408
4,freq_bus4,1.0,0.5048661960891074,0.4850614104738556,0.7474819016407408
4,severe_bus7,1.0,0.5048661960891074,0.4850614104738556,0.7474819016407408
4,angle_bus7,0.8525304568318455,0.8660022433596559,0.997360258491261,0.8921058538786519
4,angle_bus8,0.6338178144965619,0.5510037383401283,0.9967639853194374,0.7038508381631724
4,voltage_bus9,1.0,0.9082771338003468,1.0,0.9770692834500868
4,voltage_bus10,0.60225409968156,0.4791835506767796,0.9962998549528608,0.66999790124819
4,freq_bus2,0.639174441164775,0.4245954132710352,0.9961912642918712,0.6747838899731141
4,freq_bus4,0.60225409968156,0.4989040064103065,0.9959496459473712,0.6748404629301994
4,severe_bus7,1.0,0.701801399142731,0.9977681892512192,0.9248923970984876
4,angle_bus7,1.0,0.5549571401974234,0.998047974813168,0.8882512787526479
4,angle_bus8,1.0,0.539938645281687,0.9973731033187768,0.8843279371501159
4,voltage_bus9,1.0,0.5391985884336243,0.9962613270297316,0.883864978865839
4,voltage_bus10,1.0,0.538033324230689,0.9964483180706312,0.88362041057533
4,freq_bus2,1.0,0.5616479526881832,0.99651155176072,0.8895398761122258
4,freq_bus4,1.0,0.5378852535852658,0.9957777591900324,0.8834157531938246
4,severe_bus7,1.0,0.5549571401974234,0.998047974813168,0.8882512787526479
4,angle_bus7,0.7261737641444406,0.6389615977301268,0.9971561325625068,0.7721163146453787
4,angle_bus8,0.5585758424523073,0.4736603234374961,0.996652420541674,0.6468661072209462
4,voltage_bus9,1.0,0.9529372724008952,1.0,0.9882343181002238
4,voltage_bus10,0.5210716181344405,0.4752411430263414,0.996267259306982,0.6284129096505511
4,freq_bus2,0.7354171642298567,0.6602807115338507,0.9960213864680229,0.7817841066153968
4,freq_bus4,0.5210716181344405,0.4728787849209404,0.9959430001055448,0.6277412553238415
4,severe_bus7,1.0,0.6177043358316823,0.9975180068831812,0.903805585678716
4,angle_bus7,1.0,0.5097904020624711,0.4959842704278084,0.7514436681225699
4,angle_bus8,1.0,0.5097904020624711,0.4959842704278084,0.7514436681225699
4,voltage_bus9,1.0,0.5097904020624711,0.4959842704278084,0.7514436681225699
4,voltage_bus10,1.0,0.5097904020624711,0.4959842704278084,0.7514436681225699
4,freq_bus2,1.0,0.5097904020624711,0.4959842704278084,0.7514436681225699
4,freq_bus4,1.0,0.5097904020624711,0.4959842704278084,0.7514436681225699
4,severe_bus7,1.0,0.5097904020624711,0.4959842704278084,0.7514436681225699
4,angle_bus7,0.7445738491675655,0.6425940008688293,0.9971916504462348,0.7822333374125489
4,angle_bus8,0.5773045163479642,0.4783804342444924,0.996663035154722,0.6574131255237857
4,voltage_bus9,0.5431493392887844,0.3042518125926499,0.9957708925522872,0.5965803459306265
4,voltage_bus10,0.5420724832892836,0.4781807099598971,0.9962630037722892,0.6396471700776883
4,freq_bus2,0.7532609275128856,0.6648036171471468,0.9960544488782388,0.7918449802627892
4,freq_bus4,0.5420724832892836,0.476676870376675,0.9959363963690682,0.6391895583310776
4,severe_bus7,1.0,0.6300049129294791,0.9975682090845088,0.906893280503497
4,angle_bus7,1.0,0.5158689308967723,0.5144242773023616,0.7575733020497835
4,angle_bus8,1.0,0.5158689308967723,0.5144242773023616,0.7575733020497835
4,voltage_bus9,1.0,0.5158689308967723,0.5144242773023616,0.7575733020497835
4,voltage_bus10,1.0,0.5158689308967723,0.5144242773023616,0.7575733020497835
4,freq_bus2,1.0,0.5158689308967723,0.5144242773023616,0.7575733020497835
4,freq_bus4,1.0,0.5158689308967723,0.5144242773023616,0.7575733020497835
4,severe_bus7,1.0,0.5158689308967723,0.5144242773023616,0.7575733020497835
4,angle_bus7,1.0,0.457190291319332,0.5065156770467601,0.7409264920915231
4,angle_bus8,1.0,0.457190291319332,0.5065156770467601,0.7409264920915231
4,voltage_bus9,1.0,0.457190291319332,0.5065156770467601,0.7409264920915231
4,voltage_bus10,1.0,0.457190291319332,0.5065156770467601,0.7409264920915231
4,freq_bus2,1.0,0.457190291319332,0.5065156770467601,0.7409264920915231
4,freq_bus4,1.0,0.457190291319332,0.5065156770467601,0.7409264920915231
4,severe_bus7,1.0,0.457190291319332,0.5065156770467601,0.7409264920915231
4,angle_bus7,1.0,0.5140470757640507,0.5061973062449421,0.7550610955022482
4,angle_bus8,1.0,0.5140470757640507,0.5061973062449421,0.7550610955022482
4,voltage_bus9,1.0,0.5140470757640507,0.5061973062449421,0.7550610955022482
4,voltage_bus10,1.0,0.5140470757640507,0.5061973062449421,0.7550610955022482
4,freq_bus2,1.0,0.5140470757640507,0.5061973062449421,0.7550610955022482
4,freq_bus4,1.0,0.5140470757640507,0.5061973062449421,0.7550610955022482
4,severe_bus7,1.0,0.5140470757640507,0.5061973062449421,0.7550610955022482
4,angle_bus7,1.0,0.5116586031760875,0.5137726411315275,0.7563578110769038
4,angle_bus8,1.0,0.5116586031760875,0.5137726411315275,0.7563578110769038
4,voltage_bus9,1.0,0.5116586031760875,0.5137726411315275,0.7563578110769038
4,voltage_bus10,1.0,0.5116586031760875,0.5137726411315275,0.7563578110769038
4,freq_bus2,1.0,0.5116586031760875,0.5137726411315275,0.7563578110769038
4,freq_bus4,1.0,0.5116586031760875,0.5137726411315275,0.7563578110769038
4,severe_bus7,1.0,0.5116586031760875,0.5137726411315275,0.7563578110769038
4,angle_bus7,1.0,0.6292672375309074,0.9982185617717187,0.9068714498256564
4,angle_bus8,0.9944690254394852,0.6383589153339813,0.9975154517563944,0.9062031044923364
4,voltage_bus9,1.0,0.6684869916481553,1.0,0.9171217479120388
4,voltage_bus10,1.0,0.6285037297652991,0.9966420660181952,0.9062864489458736
4,freq_bus2,1.0,0.6664075543349739,0.996986895201046,0.915848612384005
4,freq_bus4,1.0,0.6492177361409794,0.996242294806592,0.9113650077368928
4,severe_bus7,1.0,0.6292672375309074,0.9982185617717187,0.9068714498256564
4,angle_bus7,1.0,0.5060721947728908,0.5137758085578705,0.7549620008326903
4,angle_bus8,1.0,0.5060721947728908,0.5137758085578705,0.7549620008326903
4,voltage_bus9,1.0,0.5060721947728908,0.5137758085578705,0.7549620008326903
4,voltage_bus10,1.0,0.5060721947728908,0.5137758085578705,0.7549620008326903
4,freq_bus2,1.0,0.5060721947728908,0.5137758085578705,0.7549620008326903
4,freq_bus4,1.0,0.5060721947728908,0.5137758085578705,0.7549620008326903
4,severe_bus7,1.0,0.5060721947728908,0.5137758085578705,0.7549620008326903
4,angle_bus7,1.0,0.6546948921934224,0.9979648357644866,0.9131649319894772
4,angle_bus8,1.0,0.81768768836411,1.0,0.9544219220910276
4,voltage_bus9,1.0,0.8339181398147844,0.9999999999970514,0.9584795349529588
4,voltage_bus10,0.9012706231746788,0.9959646925047814,0.9964909292614864,0.9487492170289064
4,freq_bus2,1.0,0.7765908671774149,1.0,0.9441477167943536
4,freq_bus4,0.885295860641152,0.9703459982710392,0.996103626339152,0.9342603364731236
4,severe_bus7,1.0,0.7550092472498307,0.9983629886470844,0.9383430589742288
4,angle_bus7,1.0,0.4587818529880216,0.5080491782707723,0.7417077578146984
4,angle_bus8,1.0,0.4587818529880216,0.5080491782707723,0.7417077578146984
4,voltage_bus9,1.0,0.4587818529880216,0.5080491782707723,0.7417077578146984
4,voltage_bus10,1.0,0.4587818529880216,0.5080491782707723,0.7417077578146984
4,freq_bus2,1.0,0.4587818529880216,0.5080491782707723,0.7417077578146984
4,freq_bus4,1.0,0.4587818529880216,0.5080491782707723,0.7417077578146984
4,severe_bus7,1.0,0.4587818529880216,0.5080491782707723,0.7417077578146984
4,angle_bus7,1.0,0.0029547609140827,0.1611401308311043,0.5410237229362967
4,angle_bus8,1.0,0.0029547609140827,0.1611401308311043,0.5410237229362967
4,voltage_bus9,1.0,0.0029547609140827,0.1611401308311043,0.5410237229362967
4,voltage_bus10,1.0,0.0029547609140827,0.1611401308311043,0.5410237229362967
4,freq_bus2,1.0,0.0029547609140827,0.1611401308311043,0.5410237229362967
4,freq_bus4,1.0,0.0029547609140827,0.1611401308311043,0.5410237229362967
4,severe_bus7,1.0,0.0029547609140827,0.1611401308311043,0.5410237229362967
4,angle_bus7,1.0,0.5096640197647773,0.5249291230828257,0.7586482857119008
4,angle_bus8,1.0,0.5096640197647773,0.5249291230828257,0.7586482857119008
4,voltage_bus9,1.0,0.5096640197647773,0.5249291230828257,0.7586482857119008
4,voltage_bus10,1.0,0.5096640197647773,0.5249291230828257,0.7586482857119008
4,freq_bus2,1.0,0.5096640197647773,0.5249291230828257,0.7586482857119008
4,freq_bus4,1.0,0.5096640197647773,0.5249291230828257,0.7586482857119008
4,severe_bus7,1.0,0.5096640197647773,0.5249291230828257,0.7586482857119008
4,angle_bus7,1.0,0.6535968750338057,0.997727732939798,0.9128311519934008
4,angle_bus8,0.7675875254082014,0.492235429187037,0.9970311506964812,0.7561104076749803
4,voltage_bus9,1.0,0.8774368298999775,1.0,0.9693592074749944
4,voltage_bus10,0.7612961909514602,0.7412642452297149,0.9964116026409138,0.8150670574433873
4,freq_bus2,1.0,0.8124363264614729,1.0,0.9531090816153682
4,freq_bus4,0.7574631423916366,0.7522659744861606,0.996031283211806,0.81580588562031
4,severe_bus7,1.0,0.770862504069413,0.9981973890189936,0.9422649732721016
4,angle_bus7,1.0,0.5217116803893909,0.5065236229095728,0.7570588258247409
4,angle_bus8,1.0,0.5217116803893909,0.5065236229095728,0.7570588258247409
4,voltage_bus9,1.0,0.5217116803893909,0.5065236229095728,0.7570588258247409
4,voltage_bus10,1.0,0.5217116803893909,0.5065236229095728,0.7570588258247409
4,freq_bus2,1.0,0.5217116803893909,0.5065236229095728,0.7570588258247409
4,freq_bus4,1.0,0.5217116803893909,0.5065236229095728,0.7570588258247409
4,severe_bus7,1.0,0.5217116803893909,0.5065236229095728,0.7570588258247409
4,angle_bus7,1.0,0.1295171644424222,0.3242340780520595,0.6134378106236205
4,angle_bus8,1.0,0.1295171644424222,0.3242340780520595,0.6134378106236205
4,voltage_bus9,1.0,0.1295171644424222,0.3242340780520595,0.6134378106236205
4,voltage_bus10,1.0,0.1295171644424222,0.3242340780520595,0.6134378106236205
4,freq_bus2,1.0,0.1295171644424222,0.3242340780520595,0.6134378106236205
4,freq_bus4,1.0,0.1295171644424222,0.3242340780520595,0.6134378106236205
4,severe_bus7,1.0,0.1295171644424222,0.3242340780520595,0.6134378106236205
4,angle_bus7,1.0,0.5255210645722315,0.5199747738309439,0.7613739596007938
4,angle_bus8,1.0,0.5255210645722315,0.5199747738309439,0.7613739596007938
4,voltage_bus9,1.0,0.5255210645722315,0.5199747738309439,0.7613739596007938
4,voltage_bus10,1.0,0.5255210645722315,0.5199747738309439,0.7613739596007938
4,freq_bus2,1.0,0.5255210645722315,0.5199747738309439,0.7613739596007938
4,freq_bus4,1.0,0.5255210645722315,0.5199747738309439,0.7613739596007938
4,severe_bus7,1.0,0.5255210645722315,0.5199747738309439,0.7613739596007938
4,angle_bus7,0.5932331940357009,0.4491757304976573,0.9969554567059437,0.6581493938187506
4,angle_bus8,0.4679103332241269,0.4440897650824063,0.9965713105892906,0.5941204355299877
4,voltage_bus9,0.4640659986818059,0.4437234386472539,0.9957231268719706,0.5918946407207091
4,voltage_bus10,0.4281166563780367,0.4451958397894486,0.9962537805517526,0.5744207332743188
4,freq_bus2,0.5943291172576568,0.4480930314071827,0.9958653690487572,0.6581541587428134
4,freq_bus4,0.4281166563780367,0.4438713971560908,0.995961984977231,0.5740166737223489
4,severe_bus7,0.8658835352496316,0.8294537056500992,0.997272867669118,0.88962341095462
4,angle_bus7,1.0,0.5202641072149987,0.5415402439715555,0.7654510877966385
4,angle_bus8,1.0,0.5202641072149987,0.5415402439715555,0.7654510877966385
4,voltage_bus9,1.0,0.5202641072149987,0.5415402439715555,0.7654510877966385
4,voltage_bus10,1.0,0.5202641072149987,0.5415402439715555,0.7654510877966385
4,freq_bus2,1.0,0.5202641072149987,0.5415402439715555,0.7654510877966385
4,freq_bus4,1.0,0.5202641072149987,0.5415402439715555,0.7654510877966385
4,severe_bus7,1.0,0.5202641072149987,0.5415402439715555,0.7654510877966385
4,angle_bus7,0.4489370541486631,0.4131147154657419,0.9968080968349704,0.5769492301495096
4,angle_bus8,0.372420719490002,0.4098901668035779,0.996534420223586,0.537816506501792
4,voltage_bus9,0.366196200651623,0.409194130049066,0.9957029085178728,0.5343223599675462
4,voltage_bus10,0.3604505547971178,0.4121331699035266,0.9962561250619252,0.5323226011399219
4,freq_bus2,0.4457734223145406,0.4122711506232228,0.9957769793330848,0.5748987436463472
4,freq_bus4,0.3604505547971178,0.4107471026313405,0.995986340303251,0.5319086381322068
4,severe_bus7,0.5957575342961212,0.4751297248507278,0.9970555953450436,0.6659250971970034
4,angle_bus7,0.3055539323216406,0.4191380930270654,0.9967212220646172,0.5067417949337409
4,angle_bus8,0.2574988418116729,0.4177990172255228,0.9965440838558084,0.4823351961761692
4,voltage_bus9,0.2574988418116729,0.4158892441576505,0.9957312204062228,0.4816545370468048
4,voltage_bus10,0.2574988418116729,0.4199408717584632,0.9962689913975435,0.4828018866948381
4,freq_bus2,0.3008137749394791,0.4172025432278978,0.995720677811634,0.5036376927296226
4,freq_bus4,0.2574988418116729,0.4144058284793885,0.9960026236953274,0.4813515339495154
4,severe_bus7,0.3990136839858945,0.4181960279294898,0.9969007082844976,0.5532810260464441
4,angle_bus7,0.7871565390415376,0.7191621690341954,0.9971993219484692,0.8226686422664349
4,angle_bus8,0.5992164826885008,0.6099069237466139,0.9966764418208264,0.7012540827361105
4,voltage_bus9,0.560888135900471,0.31560540590214,0.9957843910095154,0.6082915171781493
4,voltage_bus10,0.5586322315736578,0.6117903129298838,0.9962721924066212,0.6813317421209552
4,freq_bus2,0.806567375163548,0.7628781010619257,0.9960475657837088,0.8430151042931826
4,freq_bus4,0.5586322315736578,0.6082750920413922,0.9959427901151036,0.6803705863259528
4,severe_bus7,1.0,0.6513450785367283,0.99758069471772,0.912231443313612
4,angle_bus7,0.5188686714055855,0.4304633764587429,0.9968753933280504,0.616269028149491
4,angle_bus8,0.4270361316791536,0.425881724198426,0.9965402044385,0.5691235479988084
4,voltage_bus9,0.4176305893438422,0.4245644281262919,0.9956991109116448,0.5638811794314053
4,voltage_bus10,0.404993268483078,0.4270158895371132,0.9962488295948316,0.5583128140245253
4,freq_bus2,0.5150919233882785,0.4282153329092679,0.995828603947733,0.6135569459083895
4,freq_bus4,0.404993268483078,0.425708783953862,0.9959740333853346,0.5579173385763382
4,severe_bus7,0.7166772458053784,0.5968690517942612,0.9971664679646464,0.7568475028424162
4,angle_bus7,1.0,0.6545133883171275,0.9979284285197396,0.9131104542092168
4,angle_bus8,1.0,0.8245971402917149,1.0,0.9561492850729288
4,voltage_bus9,1.0,0.8413803291447444,0.9999999999892462,0.9603450822834976
4,voltage_bus10,0.8762434629141377,0.9326886375284572,0.99647826169572,0.9204134562631132
4,freq_bus2,1.0,0.7662991698103738,1.0,0.9415747924525936
4,freq_bus4,0.862046098508415,0.920749756629892,0.996091834345352,0.9102334469980184
4,severe_bus7,1.0,0.7462407126997519,0.9983262250898104,0.9361417344473906
4,angle_bus7,1.0,0.5176956059291342,0.5083966111843834,0.7565230542783794
4,angle_bus8,1.0,0.5176956059291342,0.5083966111843834,0.7565230542783794
4,voltage_bus9,1.0,0.5176956059291342,0.5083966111843834,0.7565230542783794
4,voltage_bus10,1.0,0.5176956059291342,0.5083966111843834,0.7565230542783794
4,freq_bus2,1.0,0.5176956059291342,0.5083966111843834,0.7565230542783794
4,freq_bus4,1.0,0.5176956059291342,0.5083966111843834,0.7565230542783794
4,severe_bus7,1.0,0.5176956059291342,0.5083966111843834,0.7565230542783794
4,angle_bus7,1.0,0.5668651753993608,0.9981220392284884,0.8912468036569623
4,angle_bus8,1.0,0.5597263570071327,0.9974026074932696,0.8892822411251006
4,voltage_bus9,1.0,0.5592779775466461,0.9963794697340485,0.8889143618201736
4,voltage_bus10,1.0,0.5386677042267038,0.9965683131426296,0.8838090043423334
4,freq_bus2,1.0,0.5858067103211511,0.9967930433263538,0.8956499384118762
4,freq_bus4,1.0,0.5341818569903474,0.9960389514403972,0.8825552021076861
4,severe_bus7,1.0,0.5668651753993608,0.9981220392284884,0.8912468036569623
4,angle_bus7,0.7257123693633212,0.6070366149133939,0.9971115520092588,0.7638932264123238
4,angle_bus8,0.5643515886300265,0.6022300518402659,0.9966266615891656,0.6818899726723711
4,voltage_bus9,1.0,0.9296845835289425,0.99999999999638,0.9824211458813306
4,voltage_bus10,0.5226485143744404,0.6044004908631386,0.9962528229087956,0.6614875856302037
4,freq_bus2,0.7372479784685536,0.6321410136170087,0.9959707712515882,0.7756519354514261
4,freq_bus4,0.5226485143744404,0.6009973133450153,0.9959372564739226,0.6605578996419547
4,severe_bus7,1.0,0.6091865754531121,0.9974833398131888,0.9016674788165752
4,angle_bus7,1.0,0.5153703499156315,0.5022117957772145,0.7543955364232116
4,angle_bus8,1.0,0.5153703499156315,0.5022117957772145,0.7543955364232116
4,voltage_bus9,1.0,0.5153703499156315,0.5022117957772145,0.7543955364232116
4,voltage_bus10,1.0,0.5153703499156315,0.5022117957772145,0.7543955364232116
4,freq_bus2,1.0,0.5153703499156315,0.5022117957772145,0.7543955364232116
4,freq_bus4,1.0,0.5153703499156315,0.5022117957772145,0.7543955364232116
4,severe_bus7,1.0,0.5153703499156315,0.5022117957772145,0.7543955364232116
4,angle_bus7,1.0,0.6574146350647823,0.9981156469553254,0.9138825705050267
4,angle_bus8,1.0,0.7224475049411367,1.0,0.9306118762352842
4,voltage_bus9,1.0,0.7756353035687127,1.0,0.9439088258921782
4,voltage_bus10,1.0,0.702775203108569,0.9965464870692544,0.9248304225444558
4,freq_bus2,1.0,0.7671315350930143,1.0,0.9417828837732536
4,freq_bus4,1.0,0.7474337827520436,0.9961530408798626,0.9358967059079766
4,severe_bus7,1.0,0.6948288623180581,0.9982823568982548,0.9232778048040782
4,angle_bus7,1.0,0.5184278444465811,0.5123265143742948,0.757688589705219
4,angle_bus8,1.0,0.5184278444465811,0.5123265143742948,0.757688589705219
4,voltage_bus9,1.0,0.5184278444465811,0.5123265143742948,0.757688589705219
4,voltage_bus10,1.0,0.5184278444465811,0.5123265143742948,0.757688589705219
4,freq_bus2,1.0,0.5184278444465811,0.5123265143742948,0.757688589705219
4,freq_bus4,1.0,0.5184278444465811,0.5123265143742948,0.757688589705219
4,severe_bus7,1.0,0.5184278444465811,0.5123265143742948,0.757688589705219
4,angle_bus7,1.0,0.5296520577109085,0.5261842672640107,0.7639590812437298
4,angle_bus8,1.0,0.5296520577109085,0.5261842672640107,0.7639590812437298
4,voltage_bus9,1.0,0.5296520577109085,0.5261842672640107,0.7639590812437298
4,voltage_bus10,1.0,0.5296520577109085,0.5261842672640107,0.7639590812437298
4,freq_bus2,1.0,0.5296520577109085,0.5261842672640107,0.7639590812437298
4,freq_bus4,1.0,0.5296520577109085,0.5261842672640107,0.7639590812437298
4,severe_bus7,1.0,0.5296520577109085,0.5261842672640107,0.7639590812437298
4,angle_bus7,1.0,0.3509893322329702,0.4596166998470059,0.702651508019994
4,angle_bus8,1.0,0.3509893322329702,0.4596166998470059,0.702651508019994
4,voltage_bus9,1.0,0.3509893322329702,0.4596166998470059,0.702651508019994
4,voltage_bus10,1.0,0.3509893322329702,0.4596166998470059,0.702651508019994
4,freq_bus2,1.0,0.3509893322329702,0.4596166998470059,0.702651508019994
4,freq_bus4,1.0,0.3509893322329702,0.4596166998470059,0.702651508019994
4,severe_bus7,1.0,0.3509893322329702,0.4596166998470059,0.702651508019994
4,angle_bus7,1.0,0.5036009812249347,0.5207870778155734,0.756097014760127
4,angle_bus8,1.0,0.5036009812249347,0.5207870778155734,0.756097014760127
4,voltage_bus9,1.0,0.5036009812249347,0.5207870778155734,0.756097014760127
4,voltage_bus10,1.0,0.5036009812249347,0.5207870778155734,0.756097014760127
4,freq_bus2,1.0,0.5036009812249347,0.5207870778155734,0.756097014760127
4,freq_bus4,1.0,0.5036009812249347,0.5207870778155734,0.756097014760127
4,severe_bus7,1.0,0.5036009812249347,0.5207870778155734,0.756097014760127
4,angle_bus7,1.0,0.5227502914656803,0.4585814117558372,0.7453329258053794
4,angle_bus8,1.0,0.5227502914656803,0.4585814117558372,0.7453329258053794
4,voltage_bus9,1.0,0.5227502914656803,0.4585814117558372,0.7453329258053794
4,voltage_bus10,1.0,0.5227502914656803,0.4585814117558372,0.7453329258053794
4,freq_bus2,1.0,0.5227502914656803,0.4585814117558372,0.7453329258053794
4,freq_bus4,1.0,0.5227502914656803,0.4585814117558372,0.7453329258053794
4,severe_bus7,1.0,0.5227502914656803,0.4585814117558372,0.7453329258053794
4,angle_bus7,1.0,0.4210653080425679,0.4846962397899538,0.7264403869581304
4,angle_bus8,1.0,0.4210653080425679,0.4846962397899538,0.7264403869581304
4,voltage_bus9,1.0,0.4210653080425679,0.4846962397899538,0.7264403869581304
4,voltage_bus10,1.0,0.4210653080425679,0.4846962397899538,0.7264403869581304
4,freq_bus2,1.0,0.4210653080425679,0.4846962397899538,0.7264403869581304
4,freq_bus4,1.0,0.4210653080425679,0.4846962397899538,0.7264403869581304
4,severe_bus7,1.0,0.4210653080425679,0.4846962397899538,0.7264403869581304
4,angle_bus7,1.0,0.5078298547564977,0.5007558342957886,0.7521464222630716
4,angle_bus8,1.0,0.5078298547564977,0.5007558342957886,0.7521464222630716
4,voltage_bus9,1.0,0.5078298547564977,0.5007558342957886,0.7521464222630716
4,voltage_bus10,1.0,0.5078298547564977,0.5007558342957886,0.7521464222630716
4,freq_bus2,1.0,0.5078298547564977,0.5007558342957886,0.7521464222630716
4,freq_bus4,1.0,0.5078298547564977,0.5007558342957886,0.7521464222630716
4,severe_bus7,1.0,0.5078298547564977,0.5007558342957886,0.7521464222630716
